Material at Origin,Land Use at Origin,Size,"Suppressed 
by",Voltage,Equipment Involved With Ignition,Type,Was There an Outage,Suspected Ignition Cause,Equipment Facility Failure,Contact From Object,Contributing Factor,Suppressed by,"Voltage
(Volts)",Fire Size,Fire Suppressed by,Nominal Voltage
Vegetation,Conifer Forest,<0.25,Cal Fire,12000,Conductor - Primary,Overhead,Y,Contact from Object,,Vegetation,,,,,,
Vegetation,Agriculture,<0.25,Fire Agency,0-750,Grounding Wire,Overhead,N,Equipment - PG&E,Other,,Other,,,,,
Building,Herbaceous,Structure-only,Cal Fire,0-750,Service Drop,Overhead,N,Vandalism,,,,,,,,
Other,Urban,<0.25,Fire Agency,0-750,Conductor - Racked Secondary,Overhead,Y,Contact from Object,,Animal,,,,,,
Vegetation,Water,<3 meters of linear travel,Cal Fire,12000,Conductor - Primary,Overhead,Y,Contact from Object,,Animal,,,,,,
Vegetation,Hardwood Woodland,<3 meters of linear travel,Cal Fire,12000,Conductor - Primary,Overhead,Y,Contact from Object,,Vegetation,,,,,,
Vegetation,Urban,0.26-9.99,Fire Agency,12000,Conductor - Primary,Overhead,Y,Contact from Object,,Vehicle,,,,,,
Vegetation,Agriculture,<0.25,Cal Fire,21000,Conductor - Primary,Overhead,Y,Equipment - PG&E,Conductor failure-all,,,,,,,
Vegetation,Agriculture,<0.25,Cal Fire,12000,Conductor - Primary,Overhead,Y,Contact from Object,,Vegetation,,,,,,
Vegetation,Urban,<3 meters of linear travel,Cal Fire,12000,Conductor - Primary,Overhead,Y,Equipment - PG&E,Conductor failure-all,,,,,,,
Vegetation,Urban,<3 meters of linear travel,Fire Agency,0-750,Conductor - Racked Secondary,Overhead,Y,Wire-to-wire contact,,,,,,,,
Vegetation,Urban,<0.25,Fire Agency,12000,Conductor - Primary,Overhead,Y,Contact from Object,,Vegetation,Weather - High Winds,,,,,
Vegetation,Urban,<3 meters of linear travel,Fire Agency,0-750,Conductor - Racked Secondary,Overhead,Y,Contact from Object,,Vegetation,,,,,,
Vegetation,Conifer Forest,<0.25,Fire Agency,21000,Conductor - Primary,Overhead,Y,Contact from Object,,Vegetation,Weather - High Winds,,,,,
Vegetation,Conifer Forest,<0.25,Cal Fire,12000,Conductor - Primary,Overhead,Y,Contact from Object,,Vegetation,Weather - High Winds,,,,,
Vegetation,Urban,Structure-only,Fire Agency,0-750,Conductor - Open Wire Secondary,Overhead,Y,Contact from Object,,Vegetation,Weather - High Winds,,,,,
Vegetation,Conifer Forest,<0.25,Fire Agency,21000,Conductor - Primary,Overhead,Y,Contact from Object,,Vegetation,,,,,,
Vegetation,Urban,<3 meters of linear travel,Fire Agency,12000,Conductor - Primary,Overhead,Y,Contact from Object,,Vegetation,Weather - High Winds,,,,,
Vegetation,Hardwood Forest,0.26-9.99,Cal Fire,115000,Conductor - Transmission,Overhead,Y,Contact from Object,,Vegetation,Weather - High Winds,,,,,
Vegetation,Shrub,0.26-9.99,Cal Fire,12000,Conductor - Primary,Overhead,Y,Equipment - PG&E,Conductor failure-all,,,,,,,
Vegetation,Conifer Forest,0.26-9.99,Fire Agency,12000,Conductor - Primary,Overhead,Y,Contact from Object,,Vegetation,,,,,,
Vegetation,Urban,<3 meters of linear travel,Fire Agency,0-750,Conductor - Open Wire Secondary,Overhead,Y,Contact from Object,,Vegetation,,,,,,
Vegetation,Herbaceous,0.26-9.99,Cal Fire,21000,Conductor - Primary,Overhead,Y,Contact from Object,,Vegetation,Weather - High Winds,,,,,
Vegetation,Herbaceous,<0.25,Fire Agency,21000,Conductor - Primary,Overhead,Y,Wire-to-wire contact,,,,,,,,
Vegetation,Herbaceous,Oct-99,Cal Fire,21000,Conductor - Primary,Overhead,Y,Contact from Object,,Vegetation,Weather - High Winds,,,,,
Vegetation,Herbaceous,300-999,Fire Agency,12000,Conductor - Primary,Overhead,Y,Equipment - PG&E,Conductor - Primary,,Weather - High Winds,,,,,
Building,Urban,<0.25,Fire Agency,0-750,Service Drop,Overhead,N,Equipment - PG&E,Conductor failure-all,,,,,,,
Vegetation,Conifer Forest,0.26-9.99,Cal Fire,12000,Conductor - Primary,Overhead,Y,Contact from Object,,Vegetation,,,,,,
Vegetation,Conifer Forest,Oct-99,Cal Fire,12000,Conductor - Primary,Overhead,Y,Contact from Object,,Vegetation,,,,,,
Vegetation,Conifer Forest,<0.25,Utility - PG&E,17000,Conductor - Primary,Overhead,Y,Contact from Object,,Vegetation,Weather - High Winds,,,,,
Vegetation,Shrub,<0.25,Fire Agency,12000,Conductor - Primary,Overhead,Y,Equipment - PG&E,Conductor failure-all,,,,,,,
Vegetation,Hardwood Woodland,<0.25,Fire Agency,21000,Conductor - Primary,Overhead,Y,Contact from Object,,Vegetation,Weather - High Winds,,,,,
Vegetation,Urban,<3 meters of linear travel,Unknown,0-750,Conductor - Open Wire Secondary,Overhead,Y,Contact from Object,,Vegetation,Weather - High Winds,,,,,
Vegetation,Conifer Forest,<3 meters of linear travel,Cal Fire,12000,Conductor - Primary,Overhead,Y,Contact from Object,,Vegetation,Weather - High Winds,,,,,
Vegetation,Urban,<3 meters of linear travel,Fire Agency,0-750,Conductor - Open Wire Secondary,Overhead,Y,Contact from Object,,Vegetation,,,,,,
Vegetation,Hardwood Woodland,<3 meters of linear travel,Cal Fire,12000,Conductor - Primary,Overhead,Y,Contact from Object,,Vegetation,,,,,,
Vegetation,Agriculture,0.26-9.99,Fire Agency,12000,Conductor - Primary,Overhead,Y,Wire-to-wire contact,,,,,,,,
Building,Urban,<3 meters of linear travel,Fire Agency,0-750,Service Drop,Overhead,Y,Contact from Object,,Vegetation,,,,,,
Vegetation,Herbaceous,<3 meters of linear travel,Utility - PG&E,115000,Conductor - Transmission,Overhead,Y,Wire-to-wire contact,,,,,,,,
Building,Urban,<0.25,Fire Agency,12000,Conductor - Primary,Overhead,Y,Equipment - PG&E,Conductor failure-all,,,,,,,
Vegetation,Urban,<0.25,Fire Agency,70000,Conductor - Transmission,Overhead,Y,Contact from Object,,Vehicle,,,,,,
Vegetation,Urban,<0.25,Unknown,12000,Conductor - Primary,Overhead,Y,Contact from Object,,Vehicle,,,,,,
Vegetation,Urban,<0.25,Self Extinguished,21000,Conductor - Primary,Overhead,Y,Contact from Object,,Vegetation,,,,,,
Other,Agriculture,<0.25,Fire Agency,12000,Conductor - Primary,Overhead,Y,Contact from Object,,Balloon,,,,,,
Vegetation,Urban,<3 meters of linear travel,Fire Agency,0-750,Conductor - Insulated Secondary,Overhead,Y,Contact from Object,,Vegetation,Weather - High Winds,,,,,
Other,Urban,<0.25,Fire Agency,12000,Lightning Arrestor,Overhead,Y,Contact from Object,,Animal,,,,,,
Vegetation,Agriculture,0.26-9.99,Fire Agency,12000,Conductor - Primary,Overhead,Y,Equipment - PG&E,Conductor - Primary,,Weather - High Winds,,,,,
Vegetation,Conifer Forest,<3 meters of linear travel,Cal Fire,21000,Conductor - Primary,Overhead,Y,Contact from Object,,Vegetation,,,,,,
Vegetation,Herbaceous,<0.25,Fire Agency,12000,Conductor - Primary,Overhead,Y,Equipment - PG&E,Splice/Clamp/Connector,,,,,,,
Vegetation,Barren/Other,0.26-9.99,Cal Fire,12000,Conductor - Primary,Overhead,Y,Contact from Object,,Vehicle,,,,,,
Vegetation,Agriculture,<0.25,Fire Agency,12000,Transformer,Overhead,Y,Equipment - PG&E,Transformer failure,,,,,,,
Vegetation,Herbaceous,0.26-9.99,Fire Agency,21000,Conductor - Primary,Overhead,Y,Contact from Object,,Animal,,,,,,
Vegetation,Herbaceous,0.26-9.99,Cal Fire,21000,Conductor - Primary,Overhead,Y,Contact from Object,,Vegetation,,,,,,
Vegetation,Conifer Forest,<0.25,Fire Agency,12000,Conductor - Primary,Overhead,Y,Contact from Object,,Vegetation,Weather - High Winds,,,,,
Other,Hardwood Woodland,Structure-only,Cal Fire,0-750,Service Drop,Overhead,N,Equipment - PG&E,Voltage Regulator failure,,,,,,,
Vegetation,Herbaceous,<3 meters of linear travel,Self Extinguished,12000,Conductor - Primary,Overhead,Y,Contact from Object,,Other,Human Error,,,,,
Vegetation,Hardwood Woodland,<3 meters of linear travel,Cal Fire,12000,Transformer,Padmounted,Y,Contact from Object,,Vegetation,Weather - High Winds,,,,,
Building,Agriculture,Structure-only,Fire Agency,0-750,Conductor - Underground Service,Underground,N,Equipment - PG&E,Conductor failure-all,,,,,,,
Building,Urban,<0.25,Fire Agency,0-750,Conductor - Open Wire Secondary,Overhead,Y,Equipment - PG&E,Conductor failure-all,,,,,,,
Vegetation,Shrub,<3 meters of linear travel,Unknown,70000,Conductor - Transmission,Overhead,Y,Equipment - PG&E,Conductor failure-all,,,,,,,
Other,Urban,0.26-9.99,Cal Fire,12000,Conductor - Primary,Overhead,Y,Equipment - PG&E,Splice/Clamp/Connector,,,,,,,
Vegetation,Shrub,<0.25,Fire Agency,12000,Conductor - Primary,Overhead,Y,Equipment - PG&E,Conductor failure-all,,,,,,,
Vegetation,Conifer Forest,<3 meters of linear travel,Fire Agency,12000,Conductor - Primary,Overhead,Y,Contact from Object,,Vegetation,,,,,,
Other,Urban,<3 meters of linear travel,Fire Agency,0-750,Conductor - Underground Service,Underground,Y,Equipment - PG&E,Conductor failure-all,,,,,,,
Vegetation,Urban,<0.25,Fire Agency,21000,Recloser,Overhead,Y,Equipment - PG&E,Recloser failure,,,,,,,
Vegetation,Hardwood Woodland,<0.25,Cal Fire,12000,Conductor - Primary,Overhead,Y,Equipment - PG&E,Insulator failure,,,,,,,
Vegetation,Wetland,<3 meters of linear travel,Fire Agency,21000,Splice/Clamp/Connector,Overhead,Y,Equipment - PG&E,Splice/Clamp/Connector,,,,,,,
Vegetation,Agriculture,<0.25,Cal Fire,21000,Conductor - Primary,Overhead,Y,Contact from Object,,Other,Human Error,,,,,
Vegetation,Urban,<0.25,Fire Agency,12000,Conductor - Primary,Overhead,Y,Contact from Object,,Vegetation,,,,,,
Vegetation,Urban,<0.25,Fire Agency,0-750,Conductor - Open Wire Secondary,Overhead,Y,Contact from Object,,Vegetation,,,,,,
Vegetation,Herbaceous,<0.25,Self Extinguished,12000,Conductor - Primary,Overhead,Y,Contact from Object,,Animal,,,,,,
Building,Urban,<0.25,Fire Agency,12000,Conductor - Primary,Overhead,Y,Equipment - PG&E,Conductor failure-all,,,,,,,
Vegetation,Agriculture,<0.25,Customer,21000,Transformer,Overhead,Y,Contact from Object,,Nest,,,,,,
Vegetation,Agriculture,<3 meters of linear travel,Fire Agency,12000,Conductor - Primary,Overhead,Y,Equipment - PG&E,Conductor failure-all,,,,,,,
Other,Herbaceous,<3 meters of linear travel,Utility - PG&E,21000,Splice/Clamp/Connector,Overhead,Y,Equipment - PG&E,Splice/Clamp/Connector,,,,,,,
Vegetation,Herbaceous,<0.25,Cal Fire,12000,Conductor - Primary,Overhead,Y,Contact from Object,,Vehicle,,,,,,
Vegetation,Agriculture,<0.25,Fire Agency,12000,Conductor - Primary,Overhead,Y,Contact from Object,,Vegetation,,,,,,
Vegetation,Agriculture,<0.25,Utility - PG&E,500000,Other,Overhead,N,Equipment - PG&E,Other,,Other,,,,,
Vegetation,Hardwood Woodland,<0.25,Utility - PG&E,0-750,Splice/Clamp/Connector,Overhead,N,Equipment - PG&E,Splice/Clamp/Connector,,,,,,,
Vegetation,Herbaceous,<0.25,Fire Agency,12000,Switch,Overhead,Y,Equipment - PG&E,Switch failure,,,,,,,
Other,Herbaceous,0.26-9.99,Self Extinguished,12000,Fuse,Overhead,Y,Equipment - PG&E,Fuse failure - all,,,,,,,
Other,Herbaceous,<3 meters of linear travel,Utility - PG&E,115000,Insulator,Overhead,Y,Equipment - PG&E,Other,,Other,,,,,
Other,Herbaceous,<0.25,Fire Agency,21000,Crossarm,Overhead,Y,Contamination,,,Other,,,,,
Vegetation,Urban,<0.25,Fire Agency,21000,Conductor - Primary,Overhead,Y,Equipment - PG&E,Conductor failure-all,,,,,,,
Vegetation,Urban,<3 meters of linear travel,Fire Agency,0-750,Conductor - Open Wire Secondary,Overhead,N,Contact from Object,,Vegetation,,,,,,
Vegetation,Herbaceous,<3 meters of linear travel,Fire Agency,0-750,Splice/Clamp/Connector,Overhead,Y,Equipment - PG&E,Splice/Clamp/Connector,,,,,,,
Vegetation,Agriculture,<0.25,Cal Fire,12000,Conductor - Primary,Overhead,Y,Contact from Object,,Other,Human Error,,,,,
Vegetation,Urban,<3 meters of linear travel,Customer,0-750,Conductor - Open Wire Secondary,Overhead,Y,Contact from Object,,Vegetation,,,,,,
Vegetation,Urban,<0.25,Cal Fire,12000,Conductor - Primary,Overhead,Y,Contact from Object,,Vehicle,,,,,,
Other,Urban,<0.25,Cal Fire,12000,Conductor - Primary,Overhead,Y,Equipment - PG&E,Guy/Span Wire failure,,,,,,,
Vegetation,Urban,<0.25,Fire Agency,12000,Conductor - Primary,Overhead,Y,Equipment - PG&E,Conductor failure-all,,,,,,,
Vegetation,Agriculture,<3 meters of linear travel,Cal Fire,0-750,Conductor - Open Wire Secondary,Overhead,Y,Contact from Object,,Vegetation,,,,,,
Other,Herbaceous,<0.25,Fire Agency,12000,Riser,Overhead,Y,Contact from Object,,Animal,,,,,,
Other,Hardwood Forest,<0.25,Cal Fire,12000,Conductor - Primary,Overhead,Y,Equipment - PG&E,Conductor failure-all,,,,,,,
Other,Herbaceous,<0.25,Cal Fire,21000,Conductor - Primary,Overhead,Y,Contact from Object,,Animal,,,,,,
Other,Urban,0.26-9.99,Fire Agency,21000,Conductor - Primary,Overhead,Y,Contact from Object,,Animal,,,,,,
Other,Conifer Forest,<3 meters of linear travel,Fire Agency,60000,Crossarm,Overhead,Y,Equipment - PG&E,Tie wire failure,,,,,,,
Vegetation,Urban,<0.25,Fire Agency,21000,Jumper,Overhead,Y,Equipment - PG&E,Splice/Clamp/Connector,,,,,,,
Vegetation,Conifer Forest,<0.25,Unknown,12000,Conductor - Primary,Overhead,Y,Contact from Object,,Vegetation,,,,,,
Vegetation,Agriculture,<0.25,Cal Fire,12000,Splice/Clamp/Connector,Overhead,Y,Equipment - PG&E,Splice/Clamp/Connector,,,,,,,
Vegetation,Herbaceous,0.26-9.99,Cal Fire,21000,Pole,Overhead,Y,Equipment - PG&E,Pole failure,,,,,,,
Vegetation,Urban,<0.25,Fire Agency,12000,Conductor - Primary,Overhead,Y,Contact from Object,,Vehicle,,,,,,
Vegetation,Urban,<0.25,Fire Agency,12000,Conductor - Primary,Overhead,Y,Equipment - PG&E,Conductor failure-all,,,,,,,
Vegetation,Agriculture,<0.25,Customer,12000,Fuse,Overhead,Y,Contact from Object,,Animal,,,,,,
Other,Urban,<0.25,Cal Fire,17000,Conductor - Primary,Overhead,Y,Contact from Object,,Balloon,,,,,,
Vegetation,Urban,<3 meters of linear travel,Cal Fire,12000,Fault Tamer,Overhead,Y,Equipment - PG&E,Fault Tamer Failure,,,,,,,
Other,Desert Shrub,<0.25,Unknown,12000,Conductor - Primary,Overhead,Y,Equipment - PG&E,Crossarm failure,,,,,,,
Vegetation,Herbaceous,Oct-99,Cal Fire,70000,Jumper,Overhead,Y,Equipment - PG&E,Splice/Clamp/Connector,,,,,,,
Other,Urban,<3 meters of linear travel,Fire Agency,12000,Riser,Overhead,Y,Equipment - PG&E,Riser Failure,,,,,,,
Vegetation,Herbaceous,0.26-9.99,Cal Fire,12000,Conductor - Primary,Overhead,Y,Equipment - PG&E,Conductor failure-all,,,,,,,
Other,Hardwood Woodland,<3 meters of linear travel,Cal Fire,12000,Transformer,Padmounted,Y,Contact from Object,,Vehicle,,,,,,
Vegetation,Urban,0.26-9.99,Fire Agency,12000,Switch,Overhead,Y,Equipment - PG&E,Switch failure,,,,,,,
Other,Herbaceous,0.26-9.99,Fire Agency,12000,Automatic Wire Splice,Overhead,Y,Equipment - PG&E,Splice/Clamp/Connector,,Other,,,,,
Vegetation,Urban,<0.25,Customer,0-750,Conductor - Racked Secondary,Overhead,Y,Contact from Object,,Vehicle,,,,,,
Vegetation,Herbaceous,0.26-9.99,Cal Fire,12000,Fuse,Overhead,Y,Equipment - PG&E,Fuse failure - all,,,,,,,
Vegetation,Urban,<0.25,Fire Agency,0-750,Conductor - Open Wire Secondary,Overhead,Y,Wire-to-wire contact,,,,,,,,
Vegetation,Agriculture,0.26-9.99,Cal Fire,21000,Conductor - Primary,Overhead,Y,Contact from Object,,Vegetation,Weather - High Winds,,,,,
Vegetation,Agriculture,<0.25,Fire Agency,12000,Conductor - Primary,Overhead,N,Wire-to-wire contact,,,,,,,,
Vegetation,Urban,<0.25,Cal Fire,12000,Conductor - Primary,Overhead,Y,Contact from Object,,Vegetation,Weather - High Winds,,,,,
Vegetation,Urban,<0.25,Fire Agency,12000,Conductor - Primary,Overhead,Y,Contact from Object,,Vehicle,,,,,,
Vegetation,Urban,0.26-9.99,Cal Fire,12000,Conductor - Primary,Overhead,Y,Contact from Object,,Other,Weather - High Winds,,,,,
Other,Agriculture,<3 meters of linear travel,Customer,12000,Voltage Regulator,Overhead,Y,Contact from Object,,Animal,,,,,,
Vegetation,Agriculture,<3 meters of linear travel,Fire Agency,12000,Conductor - Primary,Overhead,Y,Equipment - PG&E,Conductor - Primary,,Weather - High Winds,,,,,
Vegetation,Herbaceous,<0.25,Cal Fire,12000,Conductor - Primary,Overhead,Y,Contact from Object,,Animal,,,,,,
Vegetation,Hardwood Forest,<0.25,Cal Fire,12000,Conductor - Primary,Overhead,Y,Contact from Object,,Vegetation,Weather - High Winds,,,,,
Other,Urban,<3 meters of linear travel,Fire Agency,21000,Conductor - Primary,Overhead,Y,Contact from Object,,Balloon,,,,,,
Vegetation,Urban,<0.25,Cal Fire,12000,Conductor - Primary,Overhead,Y,Contact from Object,,Vegetation,,,,,,
Other,Urban,<0.25,Fire Agency,12000,Pole,Overhead,Y,Vandalism,,,,,,,,
Vegetation,Herbaceous,<0.25,Cal Fire,12000,Conductor - Primary,Overhead,Y,Wire-to-wire contact,,,,,,,,
Other,Urban,<0.25,Fire Agency,0-750,,Overhead,N,Unknown,,,,,,,,
Other,Urban,<3 meters of linear travel,Fire Agency,0-750,Splice/Clamp/Connector,Overhead,Y,Equipment - PG&E,Splice/Clamp/Connector,,,,,,,
Vegetation,Urban,<0.25,Cal Fire,12000,Conductor - Primary,Overhead,Y,Contact from Object,,Vehicle,,,,,,
Vegetation,Hardwood Woodland,<0.25,Cal Fire,0-750,Service Drop,Overhead,Y,Contact from Object,,Vegetation,,,,,,
Vegetation,Herbaceous,<0.25,Cal Fire,0-750,Service Drop,Overhead,N,Contact from Object,,Vegetation,,,,,,
Building,Agriculture,<0.25,Fire Agency,12000,Conductor - Primary,Overhead,Y,Contact from Object,,Vegetation,,,,,,
Other,Herbaceous,<0.25,Cal Fire,12000,Recloser,Overhead,Y,Contact from Object,,Nest,,,,,,
Vegetation,Agriculture,<0.25,Fire Agency,12000,Conductor - Primary,Overhead,Y,Contact from Object,,Vegetation,Weather - High Winds,,,,,
Vegetation,Agriculture,<0.25,Fire Agency,12000,Conductor - Primary,Overhead,Y,Contact from Object,,Animal,,,,,,
Vegetation,Conifer Woodland,0.26-9.99,Cal Fire,12000,Pole,Overhead,Y,Contact from Object,,Vehicle,,,,,,
Vegetation,Agriculture,<3 meters of linear travel,Fire Agency,21000,Capacitor Bank,Overhead,N,Equipment - PG&E,Capacitor bank failure,,,,,,,
Other,Herbaceous,<0.25,Cal Fire,21000,Recloser,Overhead,Y,Contact from Object,,Animal,,,,,,
Other,Hardwood Woodland,<0.25,Cal Fire,0-750,Service Drop,Overhead,N,Equipment - PG&E,Service Drop,,,,,,,
Vegetation,Urban,<0.25,Cal Fire,21000,,Overhead,Y,Unknown,,,,,,,,
Other,Urban,0.26-9.99,Fire Agency,12000,Recloser,Overhead,Y,Contact from Object,,Animal,,,,,,
Other,Urban,0.26-9.99,Fire Agency,12000,Conductor - Primary,Overhead,Y,Contact from Object,,Balloon,,,,,,
Other,Agriculture,<0.25,Fire Agency,12000,Conductor - Primary,Overhead,Y,Contact from Object,,Animal,,,,,,
Vegetation,Urban,<0.25,Customer,0-750,Meter,Padmounted,N,Other,,,Human Error,,,,,
Other,Urban,<0.25,Utility - PG&E,60000,Jumper,Overhead,Y,Equipment - PG&E,Splice/Clamp/Connector,,,,,,,
Vegetation,Urban,0.26-9.99,Cal Fire,12000,Conductor - Primary,Overhead,Y,Equipment - PG&E,Conductor failure-all,,,,,,,
Vegetation,Hardwood Woodland,0.26-9.99,Cal Fire,12000,Conductor - Primary,Overhead,Y,Contact from Object,,Vegetation,,,,,,
Vegetation,Hardwood Forest,<3 meters of linear travel,Fire Agency,0-750,Conductor - Open Wire Secondary,Overhead,Y,Wire-to-wire contact,,,,,,,,
Other,Agriculture,0.26-9.99,Fire Agency,12000,Conductor - Primary,Overhead,Y,Contact from Object,,Balloon,,,,,,
Vegetation,Hardwood Woodland,<0.25,Cal Fire,12000,Conductor - Primary,Overhead,Y,Contact from Object,,Vegetation,,,,,,
Other,Urban,<3 meters of linear travel,Fire Agency,12000,Conductor - Primary,Overhead,Y,Contact from Object,,Other,Human Error,,,,,
Vegetation,Hardwood Woodland,<0.25,Cal Fire,12000,Conductor - Primary,Overhead,Y,Contact from Object,,Vegetation,,,,,,
Vegetation,Urban,<3 meters of linear travel,Fire Agency,12000,Conductor - Primary,Overhead,Y,Equipment - PG&E,Conductor failure-all,,,,,,,
Vegetation,Shrub,<0.25,Customer,0-750,Splice/Clamp/Connector,Overhead,Y,Equipment - PG&E,Transformer failure,,,,,,,
Vegetation,Urban,<0.25,Fire Agency,0-750,Conductor - Open Wire Secondary,Overhead,Y,Contact from Object,,Other,Human Error,,,,,
Vegetation,Agriculture,<0.25,Customer,0-750,Splice/Clamp/Connector,Overhead,N,Equipment - PG&E,Splice/Clamp/Connector,,,,,,,
Vegetation,Agriculture,0.26-9.99,Cal Fire,21000,Fuse,Overhead,Y,Unknown,,,,,,,,
Vegetation,Hardwood Woodland,<3 meters of linear travel,Cal Fire,12000,Conductor - Primary,Overhead,Y,Contact from Object,,Vegetation,,,,,,
Vegetation,Urban,0.26-9.99,Fire Agency,12000,Conductor - Primary,Overhead,Y,Contact from Object,,Vehicle,,,,,,
Vegetation,Agriculture,<0.25,Cal Fire,12000,Conductor - Primary,Overhead,Y,Contact from Object,,Vegetation,,,,,,
Other,Urban,<3 meters of linear travel,Fire Agency,0-750,Riser,Overhead,Y,Equipment - PG&E,Riser Failure,,,,,,,
Other,Shrub,<0.25,Fire Agency,21000,Recloser,Overhead,Y,Contact from Object,,Animal,,,,,,
Vegetation,Urban,<0.25,Fire Agency,12000,Conductor - Primary,Overhead,Y,Contact from Object,,Vehicle,,,,,,
Other,Urban,<0.25,Fire Agency,12000,Conductor - Primary,Overhead,Y,Contamination,,,Other,,,,,
Vegetation,Herbaceous,<0.25,Fire Agency,12000,Automatic Wire Splice,Overhead,Y,Equipment - PG&E,Splice/Clamp/Connector,,Other,,,,,
Vegetation,Urban,<3 meters of linear travel,Fire Agency,0-750,Service Drop,Overhead,Y,Contact from Object,,Vegetation,,,,,,
Vegetation,Agriculture,<3 meters of linear travel,Unknown,12000,Splice/Clamp/Connector,Overhead,N,Equipment - PG&E,Splice/Clamp/Connector,,,,,,,
Other,Hardwood Forest,<0.25,Cal Fire,12000,Splice/Clamp/Connector,Overhead,Y,Equipment - PG&E,Splice/Clamp/Connector,,,,,,,
Vegetation,Hardwood Forest,<0.25,Fire Agency,12000,Conductor - Primary,Overhead,Y,Contact from Object,,Vegetation,,,,,,
Vegetation,Herbaceous,<0.25,Customer,21000,Splice/Clamp/Connector,Overhead,Y,Equipment - PG&E,Splice/Clamp/Connector,,,,,,,
Other,Urban,Structure-only,Fire Agency,0-750,Conductor - Underground Service,Underground,N,Equipment - PG&E,Conductor failure-all,,,,,,,
Vegetation,Hardwood Woodland,Oct-99,Cal Fire,0-750,Conductor - Racked Secondary,Overhead,Y,Contact from Object,,Vegetation,,,,,,
Vegetation,Herbaceous,<0.25,Fire Agency,12000,Conductor - Primary,Overhead,Y,Equipment - PG&E,Conductor failure-all,,,,,,,
Other,Herbaceous,0.26-9.99,Fire Agency,12000,Capacitor Bank,Overhead,N,Contact from Object,,Nest,,,,,,
Other,Herbaceous,0.26-9.99,Fire Agency,21000,Transformer Bushing,Overhead,Y,Contact from Object,,Nest,,,,,,
Vegetation,Agriculture,<0.25,Fire Agency,12000,Conductor - Primary,Overhead,Y,Equipment - PG&E,Conductor failure-all,,,,,,,
Building,Urban,Structure-only,Cal Fire,0-750,Service Drop,Overhead,N,Contact from Object,,Vehicle,,,,,,
Vegetation,Hardwood Forest,0.26-9.99,Cal Fire,12000,Conductor - Primary,Overhead,Y,Contact from Object,,Vegetation,,,,,,
Vegetation,Urban,<3 meters of linear travel,Unknown,0-750,Service Drop,Overhead,Y,Equipment - PG&E,Conductor failure-all,,,,,,,
Vegetation,Urban,<0.25,Unknown,12000,Conductor - Primary,Overhead,Y,Contact from Object,,Balloon,,,,,,
Vegetation,Hardwood Forest,<0.25,Cal Fire,12000,Conductor - Primary,Overhead,Y,Contact from Object,,Vegetation,Weather - High Winds,,,,,
Other,Herbaceous,<0.25,Self Extinguished,12000,Transformer Bushing,Overhead,Y,Contact from Object,,Nest,,,,,,
Vegetation,Agriculture,<3 meters of linear travel,Unknown,0-750,Service Drop,Overhead,Y,Equipment - PG&E,Conductor failure-all,,,,,,,
Vegetation,Agriculture,<0.25,Cal Fire,12000,Conductor - Primary,Overhead,Y,Contact from Object,,Vegetation,,,,,,
Vegetation,Agriculture,0.26-9.99,Fire Agency,12000,Conductor - Primary,Overhead,Y,Contact from Object,,Vegetation,Weather - High Winds,,,,,
Vegetation,Hardwood Woodland,Oct-99,Cal Fire,12000,Conductor - Primary,Overhead,Y,Contact from Object,,Vegetation,,,,,,
Other,Herbaceous,<0.25,Cal Fire,12000,Transformer,Overhead,N,Contact from Object,,Animal,,,,,,
Vegetation,Agriculture,<3 meters of linear travel,Fire Agency,12000,Conductor - Primary,Overhead,Y,Contact from Object,,Vegetation,,,,,,
Vegetation,Conifer Forest,<3 meters of linear travel,Self Extinguished,0-750,Conductor - Open Wire Secondary,Overhead,Y,Contact from Object,,Vegetation,Weather - High Winds,,,,,
Vegetation,Agriculture,0.26-9.99,Fire Agency,12000,Pole,Overhead,Y,Contact from Object,,Vehicle,,,,,,
Vegetation,Agriculture,0.26-9.99,Unknown,12000,Conductor - Primary,Overhead,Y,Equipment - PG&E,Conductor failure-all,,,,,,,
Vegetation,Agriculture,<0.25,Self Extinguished,12000,Pole,Overhead,Y,Equipment - PG&E,Pole failure,,,,,,,
Vegetation,Urban,<3 meters of linear travel,Fire Agency,0-750,Conductor - Open Wire Secondary,Overhead,Y,Contact from Object,,Vegetation,,,,,,
Vegetation,Agriculture,<3 meters of linear travel,Fire Agency,12000,Conductor - Primary,Overhead,N,Contact from Object,,Vegetation,,,,,,
Vegetation,Shrub,<0.25,Cal Fire,4000,Conductor - Primary,Overhead,Y,Contact from Object,,Vegetation,Weather - High Winds,,,,,
Vegetation,Herbaceous,0.26-9.99,Cal Fire,12000,Conductor - Primary,Overhead,Y,Equipment - PG&E,Splice/Clamp/Connector,,,,,,,
Vegetation,Agriculture,<0.25,Cal Fire,21000,Conductor - Primary,Overhead,Y,Contact from Object,,Vegetation,,,,,,
Other,Agriculture,0.26-9.99,Self Extinguished,21000,Conductor - Primary,Overhead,Y,Contact from Object,,Balloon,,,,,,
Vegetation,Herbaceous,0.26-9.99,Fire Agency,21000,Conductor - Primary,Overhead,Y,Contact from Object,,Balloon,,,,,,
Vegetation,Urban,<0.25,Fire Agency,0-750,Service Drop,Overhead,Y,Contact from Object,,Vegetation,,,,,,
Vegetation,Hardwood Woodland,<3 meters of linear travel,Self Extinguished,0-750,Service Drop,Overhead,Y,Contact from Object,,Vegetation,,,,,,
Vegetation,Herbaceous,<0.25,Fire Agency,12000,Conductor - Primary,Overhead,Y,Contact from Object,,Vegetation,,,,,,
Other,Agriculture,<0.25,Self Extinguished,12000,Pole,Overhead,Y,Equipment - PG&E,Pole failure,,,,,,,
Vegetation,Urban,0.26-9.99,Cal Fire,0-750,Splice/Clamp/Connector,Overhead,Y,Equipment - PG&E,Splice/Clamp/Connector,,,,,,,
Vegetation,Herbaceous,<0.25,Cal Fire,12000,Conductor - Primary,Overhead,Y,Contact from Object,,Vegetation,,,,,,
Other,Urban,<0.25,Cal Fire,21000,Conductor - Primary,Overhead,Y,Contact from Object,,Balloon,,,,,,
Other,Urban,<3 meters of linear travel,Fire Agency,12000,Crossarm,Overhead,Y,Equipment - PG&E,Crossarm failure,,,,,,,
Other,Herbaceous,Oct-99,Fire Agency,115000,Conductor - Transmission,Overhead,N,Contact from Object,,Balloon,,,,,,
Vegetation,Agriculture,<0.25,Customer,12000,Transformer,Overhead,Y,Equipment - PG&E,Transformer failure,,,,,,,
Other,Urban,0.26-9.99,Fire Agency,12000,Splice/Clamp/Connector,Overhead,Y,Contact from Object,,Balloon,,,,,,
Vegetation,Agriculture,<0.25,Utility - PG&E,12000,Conductor - Primary,Overhead,Y,Contact from Object,,Vegetation,,,,,,
Vegetation,Urban,0.26-9.99,Fire Agency,0-750,Conductor - Open Wire Secondary,Overhead,Y,Contact from Object,,Vegetation,,,,,,
Vegetation,Agriculture,<0.25,Fire Agency,0-750,Conductor - Open Wire Secondary,Overhead,Y,Contact from Object,,Vegetation,,,,,,
Vegetation,Hardwood Woodland,0.26-9.99,Cal Fire,12000,Conductor - Primary,Overhead,Y,Contact from Object,,Vehicle,,,,,,
Vegetation,Urban,<0.25,Cal Fire,0-750,Crossarm,Overhead,Y,Equipment - PG&E,Crossarm failure,,,,,,,
Vegetation,Hardwood Woodland,<0.25,Cal Fire,12000,Transformer,Overhead,Y,Contact from Object,,Animal,,,,,,
Other,Herbaceous,0.26-9.99,Fire Agency,21000,Splice/Clamp/Connector,Underground,Y,Equipment - PG&E,Underground Splice,,,,,,,
Vegetation,Hardwood Woodland,<0.25,Cal Fire,12000,Conductor - Primary,Overhead,Y,Contact from Object,,Vegetation,,,,,,
Vegetation,Conifer Forest,0.26-9.99,Cal Fire,12000,Conductor - Primary,Overhead,Y,Contact from Object,,Vegetation,,,,,,
Vegetation,Urban,<3 meters of linear travel,Self Extinguished,12000,Jumper,Overhead,Y,Equipment - PG&E,Splice/Clamp/Connector,,,,,,,
Vegetation,Agriculture,<0.25,Fire Agency,21000,Conductor - Primary,Overhead,Y,Contact from Object,,Vegetation,,,,,,
Vegetation,Agriculture,<3 meters of linear travel,Self Extinguished,12000,Conductor - Primary,Overhead,N,Equipment - PG&E,Conductor failure-all,,,,,,,
Vegetation,Urban,<0.25,Fire Agency,0-750,Conductor - Open Wire Secondary,Overhead,Y,Equipment - PG&E,Conductor failure-all,,,,,,,
Other,Herbaceous,<0.25,Customer,0-750,Splice/Clamp/Connector,Overhead,Y,Equipment - PG&E,Splice/Clamp/Connector,,,,,,,
Vegetation,Urban,<0.25,Fire Agency,0-750,Conductor - Insulated Secondary,Overhead,Y,Equipment - PG&E,Conductor failure-all,,,,,,,
Vegetation,Agriculture,<0.25,Cal Fire,0-750,Conductor - Open Wire Secondary,Overhead,Y,Equipment - PG&E,Conductor failure-all,,,,,,,
Vegetation,Conifer Forest,0.26-9.99,Cal Fire,12000,Conductor - Primary,Overhead,Y,Contact from Object,,Vegetation,,,,,,
Vegetation,Agriculture,<0.25,Cal Fire,0-750,Splice/Clamp/Connector,Overhead,Y,Equipment - PG&E,Splice/Clamp/Connector,,,,,,,
Vegetation,Urban,<0.25,Fire Agency,12000,Recloser,Overhead,Y,Contact from Object,,Vehicle,,,,,,
Other,Urban,<0.25,Cal Fire,12000,Transformer,Overhead,Y,Equipment - PG&E,Transformer failure,,,,,,,
Vegetation,Urban,<0.25,Fire Agency,0-750,Conductor - Open Wire Secondary,Overhead,Y,Equipment - PG&E,Conductor failure-all,,,,,,,
Vegetation,Herbaceous,0.26-9.99,Cal Fire,12000,Conductor - Primary,Overhead,Y,Equipment - PG&E,Conductor - Primary,,,,,,,
Other,Urban,<0.25,Cal Fire,0-750,Service Drop,Overhead,Y,Vandalism,,,,,,,,
Vegetation,Hardwood Woodland,<0.25,Fire Agency,12000,Automatic Wire Splice,Overhead,Y,Equipment - PG&E,Splice/Clamp/Connector,,Other,,,,,
Vegetation,Hardwood Forest,0.26-9.99,Cal Fire,12000,Conductor - Primary,Overhead,Y,Contact from Object,,Vegetation,,,,,,
Vegetation,Urban,<3 meters of linear travel,Utility - PG&E,21000,Switch,Overhead,Y,Equipment - PG&E,Switch failure,,,,,,,
Vegetation,Barren/Other,<0.25,Fire Agency,12000,Conductor - Primary,Overhead,Y,Contact from Object,,Vegetation,,,,,,
Vegetation,Conifer Forest,<0.25,Cal Fire,12000,Conductor - Primary,Overhead,Y,Contact from Object,,Vegetation,Weather - High Winds,,,,,
Vegetation,Agriculture,<0.25,Fire Agency,12000,Conductor - Primary,Overhead,Y,Equipment - PG&E,Conductor failure-all,,,,,,,
Vegetation,Agriculture,<3 meters of linear travel,Unknown,21000,Conductor - Primary,Overhead,Y,Contact from Object,,Animal,,,,,,
Vegetation,Agriculture,<3 meters of linear travel,Customer,12000,Conductor - Primary,Overhead,Y,Equipment - PG&E,Conductor failure-all,,,,,,,
Vegetation,Herbaceous,<0.25,Fire Agency,0-750,Service Drop,Overhead,Y,Contact from Object,,Vegetation,,,,,,
Vegetation,Herbaceous,<0.25,Cal Fire,21000,Recloser,Overhead,Y,Contact from Object,,Animal,,,,,,
Vegetation,Urban,0.26-9.99,Cal Fire,21000,Pole,Overhead,Y,Contact from Object,,Vehicle,,,,,,
Vegetation,Urban,<3 meters of linear travel,Fire Agency,12000,Capacitor Bank,Overhead,Y,Equipment - PG&E,Capacitor bank failure,,,,,,,
Other,Urban,<0.25,Customer,0-750,Service Drop,Overhead,Y,Vandalism,,,,,,,,
Vegetation,Urban,<3 meters of linear travel,Fire Agency,0-750,Service Drop,Overhead,Y,Contact from Object,,Vegetation,,,,,,
Vegetation,Herbaceous,0.26-9.99,Fire Agency,0-750,Service Drop,Overhead,Y,Contact from Object,,Vegetation,,,,,,
Other,Agriculture,<3 meters of linear travel,Fire Agency,12000,Voltage Regulator,Overhead,Y,Equipment - PG&E,Voltage Regulator failure,,,,,,,
Vegetation,Herbaceous,<0.25,Customer,0-750,Conductor - Insulated Secondary,Overhead,Y,Contact from Object,,Vegetation,,,,,,
Other,Urban,<3 meters of linear travel,Fire Agency,0-750,Splice/Clamp/Connector,Overhead,Y,Equipment - PG&E,Splice/Clamp/Connector,,,,,,,
Vegetation,Herbaceous,<3 meters of linear travel,Cal Fire,12000,Conductor - Primary,Overhead,Y,Equipment - PG&E,Splice/Clamp/Connector,,,,,,,
Vegetation,Agriculture,<0.25,Fire Agency,12000,Splice/Clamp/Connector,Overhead,Y,Equipment - PG&E,Splice/Clamp/Connector,,,,,,,
Vegetation,Urban,0.26-9.99,Unknown,21000,Fuse,Overhead,Y,Contact from Object,,Animal,,,,,,
Vegetation,Herbaceous,<0.25,Cal Fire,12000,Splice/Clamp/Connector,Overhead,Y,Equipment - PG&E,Splice/Clamp/Connector,,,,,,,
Vegetation,Hardwood Woodland,<0.25,Cal Fire,0-750,Service Drop,Overhead,Y,Contact from Object,,Vegetation,,,,,,
Vegetation,Herbaceous,<0.25,Cal Fire,12000,Conductor - Primary,Overhead,Y,Contact from Object,,Vegetation,,,,,,
Vegetation,Agriculture,0.26-9.99,Cal Fire,60000,Pole,Overhead,Y,Contact from Object,,Vehicle,,,,,,
Other,Agriculture,<0.25,Cal Fire,0-750,Splice/Clamp/Connector,Overhead,Y,Equipment - PG&E,Splice/Clamp/Connector,,,,,,,
Vegetation,Herbaceous,<0.25,Fire Agency,12000,Pole,Overhead,Y,Contact from Object,,Vehicle,,,,,,
Vegetation,Agriculture,<0.25,Fire Agency,12000,Guy/Span Wire,Overhead,N,Contact from Object,,Vehicle,,,,,,
Vegetation,Agriculture,0.26-9.99,Cal Fire,12000,Conductor - Primary,Overhead,Y,Equipment - PG&E,Conductor failure-all,,,,,,,
Other,Urban,<3 meters of linear travel,Fire Agency,0-750,Conductor - Insulated Secondary,Overhead,Y,Equipment - PG&E,Crossarm failure,,,,,,,
Vegetation,Urban,<0.25,Fire Agency,21000,Pole,Overhead,Y,Contact from Object,,Vehicle,,,,,,
Vegetation,Urban,<0.25,Fire Agency,21000,Transformer,Overhead,Y,Equipment - PG&E,Transformer failure,,,,,,,
Vegetation,Herbaceous,<0.25,Unknown,0-750,Service Drop,Overhead,N,Wire-to-wire contact,,,,,,,,
Vegetation,Conifer Forest,100-299,Fire Agency,12000,Conductor - Primary,Overhead,Y,Under Investigation,,,,,,,,
Other,Agriculture,<3 meters of linear travel,Fire Agency,12000,Conductor - Primary,Overhead,Y,Contact from Object,,Vehicle,,,,,,
Vegetation,Conifer Forest,<0.25,Cal Fire,21000,Fuse,Overhead,Y,Contact from Object,,Vehicle,,,,,,
Vegetation,Agriculture,<0.25,Fire Agency,0-750,Pole,Overhead,N,Contact from Object,,Vehicle,,,,,,
Other,Agriculture,<0.25,Fire Agency,12000,Jumper,Overhead,N,Equipment - PG&E,Splice/Clamp/Connector,,,,,,,
Vegetation,Agriculture,<0.25,Fire Agency,21000,Transformer,Overhead,Y,Contact from Object,,Animal,,,,,,
Other,Herbaceous,0.26-9.99,Fire Agency,21000,Pole,Overhead,Y,Equipment - PG&E,Pole failure,,,,,,,
Vegetation,Hardwood Forest,<3 meters of linear travel,Unknown,0-750,Service Drop,Overhead,Y,Contact from Object,,Animal,,,,,,
Other,Barren/Other,0.26-9.99,Cal Fire,12000,Recloser,Overhead,Y,Contact from Object,,Animal,,,,,,
Other,Agriculture,0.26-9.99,Fire Agency,12000,Fuse,Overhead,Y,Contact from Object,,Animal,,,,,,
Other,Agriculture,<0.25,Unknown,12000,Conductor - Primary,Overhead,Y,Equipment - PG&E,Other,,Other,,,,,
Vegetation,Agriculture,<3 meters of linear travel,Cal Fire,0-750,Service Drop,Overhead,N,Contact from Object,,Vegetation,,,,,,
Other,Urban,0.26-9.99,Cal Fire,12000,Jumper,Overhead,Y,Equipment - PG&E,Switch failure,,,,,,,
Other,Herbaceous,0.26-9.99,Cal Fire,12000,Crossarm,Overhead,Y,Contamination,,,Other,,,,,
Other,Urban,<0.25,Cal Fire,21000,Splice/Clamp/Connector,Overhead,Y,Equipment - PG&E,Splice/Clamp/Connector,,,,,,,
Vegetation,Urban,0.26-9.99,Cal Fire,0-750,Conductor - Open Wire Secondary,Overhead,Y,Contact from Object,,Vegetation,,,,,,
Vegetation,Urban,<0.25,Cal Fire,12000,Pole,Overhead,Y,Equipment - PG&E,Pole failure,,,,,,,
Vegetation,Herbaceous,<3 meters of linear travel,Cal Fire,12000,Pole,Overhead,Y,Contact from Object,,Vehicle,,,,,,
Vegetation,Urban,<3 meters of linear travel,Customer,12000,Splice/Clamp/Connector,Overhead,Y,Equipment - PG&E,Splice/Clamp/Connector,,,,,,,
Other,Urban,<0.25,Cal Fire,12000,Transformer Bushing,Overhead,Y,Equipment - PG&E,Transformer failure,,,,,,,
Vegetation,Urban,<0.25,Fire Agency,0-750,Conductor - Insulated Secondary,Overhead,Y,Equipment - PG&E,Conductor failure-all,,,,,,,
Other,Urban,<0.25,Fire Agency,12000,Transformer,Underground,Y,Equipment - PG&E,Transformer failure,,,,,,,
Vegetation,Hardwood Forest,0.26-9.99,Cal Fire,12000,Conductor - Primary,Overhead,Y,Contact from Object,,Vegetation,,,,,,
Vegetation,Urban,<3 meters of linear travel,Fire Agency,0-750,Transformer,Overhead,Y,Equipment - PG&E,Transformer failure,,,,,,,
Vegetation,Urban,<0.25,Unknown,12000,Splice/Clamp/Connector,Overhead,Y,Equipment - PG&E,Splice/Clamp/Connector,,,,,,,
Other,Hardwood Woodland,<0.25,Unknown,115000,Conductor - Transmission,Overhead,Y,Contact from Object,,Animal,,,,,,
Other,Herbaceous,0.26-9.99,Cal Fire,17000,Insulator,Overhead,Y,Contact from Object,,Animal,,,,,,
Vegetation,Hardwood Forest,0.26-9.99,Cal Fire,12000,Conductor - Primary,Overhead,Y,Contact from Object,,Vegetation,,,,,,
Vegetation,Hardwood Forest,<0.25,Cal Fire,12000,Conductor - Primary,Overhead,Y,Contact from Object,,Vegetation,,,,,,
Vegetation,Conifer Forest,<3 meters of linear travel,Cal Fire,12000,Conductor - Primary,Overhead,Y,Equipment - PG&E,Conductor failure-all,,,,,,,
Vegetation,Agriculture,<0.25,Self Extinguished,12000,Conductor - Primary,Overhead,Y,Contact from Object,,Vegetation,,,,,,
Vegetation,Hardwood Forest,">5,000",Cal Fire,12000,Conductor - Primary,Overhead,Y,Under Investigation,,,,,,,,
Vegetation,Hardwood Woodland,<0.25,Cal Fire,12000,Conductor - Primary,Overhead,Y,Contact from Object,,Vegetation,,,,,,
Vegetation,Hardwood Woodland,<0.25,Cal Fire,12000,Conductor - Primary,Overhead,Y,Contact from Object,,Vegetation,,,,,,
Vegetation,Hardwood Woodland,<0.25,Cal Fire,0-750,Conductor - Open Wire Secondary,Overhead,Y,Contact from Object,,Vegetation,,,,,,
Other,Urban,<3 meters of linear travel,Fire Agency,12000,Recloser,Overhead,Y,Equipment - PG&E,Recloser failure,,,,,,,
Vegetation,Urban,<3 meters of linear travel,Cal Fire,12000,Conductor - Primary,Overhead,Y,Equipment - PG&E,Conductor failure-all,,,,,,,
Other,Herbaceous,<3 meters of linear travel,Customer,12000,Conductor - Primary,Overhead,Y,Contact from Object,,Animal,,,,,,
Vegetation,Conifer Forest,<0.25,Cal Fire,12000,Conductor - Primary,Overhead,Y,Contact from Object,,Vegetation,,,,,,
Other,Herbaceous,<3 meters of linear travel,Fire Agency,12000,Recloser,Overhead,Y,Equipment - PG&E,Recloser failure,,,,,,,
Vegetation,Hardwood Forest,<0.25,Fire Agency,12000,Pole,Overhead,Y,Contact from Object,,Vegetation,,,,,,
Other,Urban,<3 meters of linear travel,Fire Agency,12000,Capacitor Bank,Overhead,N,Equipment - PG&E,Capacitor bank failure,,,,,,,
Other,Herbaceous,0.26-9.99,Fire Agency,12000,Splice/Clamp/Connector,Overhead,Y,Equipment - PG&E,Splice/Clamp/Connector,,,,,,,
Vegetation,Urban,0.26-9.99,Fire Agency,0-750,Conductor - Open Wire Secondary,Overhead,Y,Wire-to-wire contact,,Vegetation,,,,,,
Vegetation,Hardwood Woodland,<3 meters of linear travel,Cal Fire,12000,Conductor - Primary,Overhead,Y,Contact from Object,,Animal,,,,,,
Vegetation,Agriculture,<3 meters of linear travel,Self Extinguished,12000,Insulator,Overhead,Y,Contact from Object,,Animal,,,,,,
Vegetation,Conifer Forest,"1,000-4,999",Cal Fire,12000,,Overhead,Y,Under Investigation,,,,,,,,
Vegetation,Agriculture,0.26-9.99,Fire Agency,12000,Pole,Overhead,Y,Equipment - PG&E,Pole failure,,,,,,,
Vegetation,Urban,<0.25,Fire Agency,12000,Conductor - Primary,Overhead,Y,Equipment - PG&E,Splice/Clamp/Connector,,,,,,,
Vegetation,Conifer Forest,<0.25,Fire Agency,12000,Conductor - Primary,Overhead,Y,Contact from Object,,Vegetation,,,,,,
Vegetation,Agriculture,<3 meters of linear travel,Unknown,12000,Conductor - Primary,Overhead,Y,Equipment - PG&E,Conductor failure-all,,,,,,,
Vegetation,Urban,<0.25,Fire Agency,12000,Fuse,Overhead,Y,Contact from Object,,Animal,,,,,,
Vegetation,Urban,<0.25,Fire Agency,0-750,Conductor - Insulated Secondary,Overhead,Y,Equipment - PG&E,Conductor failure-all,,,,,,,
Vegetation,Hardwood Forest,<0.25,Cal Fire,21000,Conductor - Primary,Overhead,Y,Contact from Object,,Vegetation,,,,,,
Vegetation,Hardwood Woodland,<0.25,Fire Agency,12000,Fuse,Overhead,Y,Equipment - PG&E,Fuse failure - all,,,,,,,
Other,Herbaceous,<0.25,Fire Agency,12000,Conductor - Primary,Overhead,Y,Contact from Object,,Vehicle,,,,,,
Other,Hardwood Woodland,<0.25,Fire Agency,21000,Splice/Clamp/Connector,Overhead,Y,Equipment - PG&E,Splice/Clamp/Connector,,,,,,,
Vegetation,Urban,<3 meters of linear travel,Fire Agency,0-750,Conductor - Open Wire Secondary,Overhead,Y,Contact from Object,,Vegetation,,,,,,
Vegetation,Agriculture,<0.25,Fire Agency,12000,Conductor - Primary,Overhead,Y,Contact from Object,,Balloon,,,,,,
Other,Urban,<3 meters of linear travel,Fire Agency,0-750,Splice/Clamp/Connector,Overhead,Y,Equipment - PG&E,Splice/Clamp/Connector,,,,,,,
Vegetation,Barren/Other,<0.25,Cal Fire,12000,Conductor - Primary,Overhead,Y,Contact from Object,,Vegetation,,,,,,
Vegetation,Urban,<0.25,Cal Fire,12000,Conductor - Primary,Overhead,Y,Contact from Object,,Vegetation,,,,,,
Vegetation,Herbaceous,<0.25,Cal Fire,12000,Conductor - Primary,Overhead,Y,Equipment - PG&E,Conductor failure-all,,,,,,,
Vegetation,Urban,<0.25,Fire Agency,12000,Conductor - Primary,Overhead,N,Equipment - PG&E,Conductor failure-all,,,,,,,
Other,Hardwood Woodland,<0.25,Cal Fire,0-750,Splice/Clamp/Connector,Overhead,Y,Equipment - PG&E,Transformer failure,,,,,,,
Other,Urban,<3 meters of linear travel,Fire Agency,12000,Pole,Overhead,Y,Equipment - PG&E,Pole failure,,,,,,,
Other,Desert Shrub,0.26-9.99,Fire Agency,12000,Conductor - Primary,Overhead,N,Contact from Object,,Balloon,,,,,,
Vegetation,Urban,<0.25,Fire Agency,12000,Splice/Clamp/Connector,Overhead,Y,Equipment - PG&E,Splice/Clamp/Connector,,,,,,,
Vegetation,Urban,<0.25,Fire Agency,21000,Conductor - Primary,Overhead,Y,Contact from Object,,Vehicle,,,,,,
Other,Herbaceous,<0.25,Unknown,60000,Pole,Overhead,N,Contact from Object,,Vehicle,,,,,,
Vegetation,Agriculture,0.26-9.99,Cal Fire,12000,Conductor - Primary,Overhead,Y,Contact from Object,,Vegetation,,,,,,
Vegetation,Herbaceous,<0.25,Fire Agency,21000,Crossarm,Overhead,Y,Contamination,,,Other,,,,,
Other,Herbaceous,<0.25,Fire Agency,21000,Crossarm,Overhead,Y,Contamination,,,Other,,,,,
Vegetation,Urban,<0.25,Fire Agency,12000,Splice/Clamp/Connector,Overhead,N,Equipment - PG&E,Splice/Clamp/Connector,,,,,,,
Vegetation,Hardwood Woodland,0.26-9.99,Cal Fire,12000,Conductor - Primary,Overhead,Y,Contact from Object,,Vegetation,,,,,,
Vegetation,Urban,0.26-9.99,Fire Agency,12000,Conductor - Primary,Overhead,Y,Equipment - PG&E,Conductor failure-all,,,,,,,
Vegetation,Herbaceous,<0.25,Cal Fire,17000,Recloser,Overhead,Y,Contact from Object,,Animal,,,,,,
Vegetation,Herbaceous,<3 meters of linear travel,Cal Fire,21000,Conductor - Primary,Overhead,Y,Equipment - PG&E,Conductor failure-all,,,,,,,
Vegetation,Hardwood Woodland,0.26-9.99,Fire Agency,12000,Conductor - Primary,Overhead,Y,Contact from Object,,Vegetation,,,,,,
Vegetation,Herbaceous,<3 meters of linear travel,Cal Fire,12000,Splice/Clamp/Connector,Overhead,Y,Equipment - PG&E,Splice/Clamp/Connector,,,,,,,
Vegetation,Urban,<0.25,Fire Agency,12000,Capacitor Bank,Overhead,Y,Equipment - PG&E,Capacitor bank failure,,,,,,,
Other,Urban,<3 meters of linear travel,Utility - PG&E,0-750,Splice/Clamp/Connector,Overhead,N,Equipment - PG&E,Splice/Clamp/Connector,,,,,,,
Other,Hardwood Woodland,<0.25,Cal Fire,12000,Transformer,Overhead,Y,Contact from Object,,Animal,,,,,,
Vegetation,Herbaceous,Oct-99,Fire Agency,12000,Conductor - Primary,Overhead,Y,Equipment - PG&E,Conductor failure-all,,,,,,,
Vegetation,Herbaceous,0.26-9.99,Cal Fire,12000,Automatic Wire Splice,Overhead,Y,Equipment - PG&E,Splice/Clamp/Connector,,Other,,,,,
Other,Herbaceous,0.26-9.99,Fire Agency,12000,Conductor - Primary,Overhead,N,Contact from Object,,Animal,,,,,,
Vegetation,Urban,0.26-9.99,Cal Fire,12000,Conductor - Primary,Overhead,Y,Equipment - PG&E,Conductor failure-all,,,,,,,
Vegetation,Conifer Forest,<3 meters of linear travel,Fire Agency,21000,Conductor - Primary,Overhead,Y,Contact from Object,,Vehicle,,,,,,
Vegetation,Urban,<3 meters of linear travel,Fire Agency,0-750,Conductor - Open Wire Secondary,Overhead,Y,Contact from Object,,Vegetation,,,,,,
Vegetation,Conifer Forest,0.26-9.99,Cal Fire,12000,Conductor - Primary,Overhead,Y,Equipment - PG&E,Conductor - Primary,,Weather - High Winds,,,,,
Vegetation,Herbaceous,<0.25,Fire Agency,12000,Conductor - Primary,Overhead,Y,Equipment - PG&E,Conductor failure-all,,,,,,,
Vegetation,Agriculture,<0.25,Fire Agency,12000,Crossarm,Overhead,Y,Contact from Object,,Balloon,,,,,,
Vegetation,Agriculture,<3 meters of linear travel,Fire Agency,12000,Fuse,Overhead,Y,Equipment - PG&E,Fuse failure - all,,,,,,,
Vegetation,Hardwood Forest,<0.25,Fire Agency,12000,Conductor - Primary,Overhead,Y,Contact from Object,,Vegetation,,,,,,
Building,Urban,Structure-only,Fire Agency,0-750,Conductor - Open Wire Secondary,Overhead,N,Other,,,Human Error,,,,,
Vegetation,Herbaceous,<0.25,Fire Agency,12000,Conductor - Primary,Overhead,Y,Contact from Object,,Vegetation,,,,,,
Vegetation,Conifer Forest,<0.25,Cal Fire,12000,Conductor - Primary,Overhead,Y,Contact from Object,,Vegetation,,,,,,
Vegetation,Conifer Forest,<0.25,Cal Fire,12000,Conductor - Primary,Overhead,Y,Contact from Object,,Vegetation,,,,,,
Vegetation,Agriculture,<0.25,Cal Fire,12000,Conductor - Primary,Overhead,Y,Contact from Object,,Vegetation,,,,,,
Vegetation,Hardwood Woodland,Oct-99,Cal Fire,0-750,Service Drop,Overhead,N,Other,,,Human Error,,,,,
Vegetation,Herbaceous,0.26-9.99,Cal Fire,12000,Grounding Wire,Overhead,N,Equipment - PG&E,Other,,Other,,,,,
Vegetation,Conifer Forest,<0.25,Fire Agency,12000,Conductor - Primary,Overhead,Y,Contact from Object,,Vegetation,,,,,,
Vegetation,Conifer Forest,<0.25,Fire Agency,12000,Conductor - Primary,Overhead,Y,Contact from Object,,Vegetation,,,,,,
Vegetation,Desert Shrub,<0.25,Fire Agency,12000,Pole,Overhead,Y,Contact from Object,,Vehicle,,,,,,
Vegetation,Herbaceous,<0.25,Cal Fire,21000,Fuse,Overhead,Y,Equipment - PG&E,Fuse failure - all,,,,,,,
Other,Wetland,0.26-9.99,Fire Agency,12000,Conductor - Primary,Overhead,Y,Contact from Object,,Balloon,,,,,,
Other,Herbaceous,<3 meters of linear travel,Utility - PG&E,12000,Riser,Overhead,Y,Contact from Object,,Other,Human Error,,,,,
Vegetation,Herbaceous,0.26-9.99,Cal Fire,12000,Conductor - Primary,Overhead,Y,Contact from Object,,Vegetation,,,,,,
Other,Agriculture,<0.25,Fire Agency,12000,Conductor - Primary,Overhead,Y,Contact from Object,,Animal,,,,,,
Other,Herbaceous,<0.25,Cal Fire,12000,Crossarm,Overhead,Y,Contamination,,,Other,,,,,
Vegetation,Urban,<0.25,Cal Fire,21000,Splice/Clamp/Connector,Overhead,Y,Contact from Object,,Vegetation,,,,,,
Vegetation,Hardwood Woodland,0.26-9.99,Cal Fire,0-750,Conductor - Insulated Secondary,Overhead,Y,Equipment - PG&E,Conductor failure-all,,,,,,,
Vegetation,Conifer Forest,<0.25,Cal Fire,12000,Conductor - Primary,Overhead,Y,Contact from Object,,Vegetation,,,,,,
Other,Agriculture,<0.25,Fire Agency,0-750,Conductor - Insulated Secondary,Overhead,N,Equipment - PG&E,Conductor failure-all,,,,,,,
Other,Agriculture,<0.25,Fire Agency,12000,Conductor - Primary,Overhead,Y,Contact from Object,,Animal,,,,,,
Vegetation,Urban,<0.25,Fire Agency,12000,Conductor - Primary,Overhead,Y,Equipment - PG&E,Conductor failure-all,,,,,,,
Vegetation,Agriculture,0.26-9.99,Fire Agency,12000,Conductor - Primary,Overhead,Y,Equipment - PG&E,Conductor failure-all,,,,,,,
Vegetation,Herbaceous,<0.25,Cal Fire,12000,Conductor - Primary,Overhead,Y,Contact from Object,,Balloon,,,,,,
Other,Urban,<0.25,Fire Agency,21000,Switch,Underground,Y,Equipment - PG&E,Switch failure,,,,,,,
Other,Urban,<0.25,Fire Agency,12000,Transformer,Overhead,Y,Equipment - PG&E,Transformer failure,,,,,,,
Vegetation,Urban,<0.25,Fire Agency,21000,Conductor - Primary,Overhead,Y,Contact from Object,,Vegetation,,,,,,
Vegetation,Conifer Forest,<0.25,Cal Fire,12000,Conductor - Primary,Overhead,Y,Contact from Object,,Vegetation,,,,,,
Vegetation,Herbaceous,0.26-9.99,Cal Fire,12000,Pole,Overhead,Y,Contact from Object,,Vehicle,,,,,,
Other,Urban,<0.25,Self Extinguished,12000,Splice/Clamp/Connector,Overhead,Y,Equipment - PG&E,Splice/Clamp/Connector,,,,,,,
Vegetation,Urban,<0.25,Fire Agency,0-750,Conductor - Open Wire Secondary,Overhead,Y,Contact from Object,,Vegetation,,,,,,
Other,Hardwood Woodland,<0.25,Fire Agency,12000,Crossarm,Overhead,Y,Equipment - PG&E,Crossarm,,Weather - Lightning,,,,,
Vegetation,Urban,0.26-9.99,Cal Fire,0-750,Splice/Clamp/Connector,Overhead,N,Equipment - PG&E,Splice/Clamp/Connector,,,,,,,
Vegetation,Herbaceous,0.26-9.99,Cal Fire,0-750,Guy/Span Wire,Overhead,Y,Contact from Object,,Vehicle,,,,,,
Vegetation,Agriculture,<3 meters of linear travel,Self Extinguished,21000,Fuse,Overhead,Y,Equipment - PG&E,Fuse failure - all,,,,,,,
Vegetation,Agriculture,0.26-9.99,Self Extinguished,12000,Conductor - Primary,Overhead,Y,Equipment - PG&E,Conductor failure-all,,,,,,,
Vegetation,Urban,<0.25,Fire Agency,12000,Conductor - Primary,Overhead,Y,Contact from Object,,Animal,,,,,,
Vegetation,Herbaceous,<0.25,Cal Fire,12000,Conductor - Primary,Overhead,Y,Contact from Object,,Vehicle,,,,,,
Vegetation,Herbaceous,0.26-9.99,Cal Fire,21000,Pole,Overhead,N,Contamination,,,Other,,,,,
Vegetation,Shrub,<3 meters of linear travel,Cal Fire,12000,Conductor - Primary,Overhead,Y,Contact from Object,,Vehicle,,,,,,
Vegetation,Wetland,<0.25,Fire Agency,12000,Conductor - Primary,Overhead,Y,Equipment - PG&E,Conductor failure-all,,,,,,,
Vegetation,Urban,<3 meters of linear travel,Cal Fire,12000,Capacitor Bank,Overhead,N,Contamination,,,Other,,,,,
Vegetation,Herbaceous,<0.25,Unknown,12000,Pole,Overhead,Y,Contact from Object,,Vehicle,,,,,,
Other,Herbaceous,<0.25,Cal Fire,12000,Fuse,Overhead,Y,Equipment - PG&E,Fuse failure - all,,,,,,,
Vegetation,Urban,<0.25,Fire Agency,12000,Conductor - Primary,Overhead,Y,Contact from Object,,Vegetation,,,,,,
Vegetation,Agriculture,<0.25,Cal Fire,12000,Conductor - Primary,Overhead,Y,Contact from Object,,Vegetation,,,,,,
Vegetation,Urban,<0.25,Cal Fire,21000,Crossarm,Overhead,Y,Contamination,,,Other,,,,,
Vegetation,Agriculture,<3 meters of linear travel,Fire Agency,12000,Conductor - Primary,Overhead,Y,Equipment - PG&E,Conductor failure-all,,,,,,,
Vegetation,Herbaceous,<3 meters of linear travel,Cal Fire,12000,Lightning Arrestor,Overhead,Y,Equipment - PG&E,Lightning arrestor failure,,,,,,,
Vegetation,Urban,<0.25,Self Extinguished,21000,Sectionalizer,Overhead,N,Equipment - PG&E,Other,,Other,,,,,
Vegetation,Agriculture,0.26-9.99,Cal Fire,12000,Pole,Overhead,Y,Contact from Object,,Vehicle,,,,,,
Vegetation,Barren/Other,<0.25,Fire Agency,12000,Pole,Overhead,Y,Contact from Object,,Vehicle,,,,,,
Vegetation,Urban,<0.25,Self Extinguished,12000,Conductor - Primary,Overhead,Y,Equipment - PG&E,Conductor - Primary,,Weather - Lightning,,,,,
Vegetation,Barren/Other,<0.25,Cal Fire,12000,Conductor - Primary,Overhead,Y,Contact from Object,,Vegetation,,,,,,
Vegetation,Agriculture,<0.25,Cal Fire,12000,Splice/Clamp/Connector,Overhead,Y,Equipment - PG&E,Splice/Clamp/Connector,,,,,,,
Vegetation,Herbaceous,<0.25,Cal Fire,12000,Lightning Arrestor,Overhead,N,Equipment - PG&E,Lightning Arrestor,,Weather - Lightning,,,,,
Vegetation,Hardwood Woodland,<3 meters of linear travel,Unknown,12000,Conductor - Primary,Overhead,Y,Equipment - PG&E,Crossarm failure,,,,,,,
Vegetation,Agriculture,<0.25,Self Extinguished,12000,Conductor - Primary,Overhead,Y,Equipment - PG&E,Conductor - Primary,,Weather - Lightning,,,,,
Other,Herbaceous,0.26-9.99,Cal Fire,12000,Insulator,Overhead,Y,Contamination,,,Other,,,,,
Other,Agriculture,<0.25,Self Extinguished,12000,Pole,Overhead,N,Contamination,,,Other,,,,,
Vegetation,Herbaceous,<3 meters of linear travel,Self Extinguished,0-750,Conductor - Open Wire Secondary,Overhead,Y,Contact from Object,,Animal,,,,,,
Vegetation,Urban,<0.25,Fire Agency,0-750,Conductor - Open Wire Secondary,Overhead,Y,Contact from Object,,Vegetation,Weather - High Winds,,,,,
Vegetation,Agriculture,<0.25,Cal Fire,0-750,Service Drop,Overhead,N,Contact from Object,,Vegetation,Weather - High Winds,,,,,
Vegetation,Urban,<0.25,Fire Agency,0-750,Conductor - Open Wire Secondary,Overhead,Y,Contact from Object,,Vegetation,Weather - High Winds,,,,,
Vegetation,Agriculture,<0.25,Fire Agency,12000,Conductor - Primary,Overhead,Y,Equipment - PG&E,Conductor - Primary,,Weather - High Winds,,,,,
Vegetation,Agriculture,Oct-99,Fire Agency,12000,Conductor - Primary,Overhead,Y,Equipment - PG&E,Conductor - Primary,,Weather - High Winds,,,,,
Other,Urban,<0.25,Utility - PG&E,12000,Conductor - Primary,Overhead,Y,Equipment - PG&E,Conductor failure-all,,,,,,,
Vegetation,Agriculture,<0.25,Fire Agency,12000,Conductor - Primary,Overhead,Y,Contact from Object,,Vegetation,,,,,,
Other,Urban,<0.25,Fire Agency,0-750,Service Drop,Overhead,N,Equipment - PG&E,Service Drop,,Weather - High Winds,,,,,
Vegetation,Urban,<0.25,Cal Fire,12000,Conductor - Primary,Overhead,Y,Contact from Object,,Vegetation,Weather - High Winds,,,,,
Other,Herbaceous,0.26-9.99,Fire Agency,12000,Conductor - Primary,Overhead,Y,Equipment - PG&E,Conductor - Primary,,Weather - High Winds,,,,,
Vegetation,Hardwood Woodland,0.26-9.99,Cal Fire,12000,Conductor - Primary,Overhead,Y,Contact from Object,,Vegetation,Weather - High Winds,,,,,
Vegetation,Urban,<0.25,Cal Fire,12000,Conductor - Primary,Overhead,Y,Contact from Object,,Vegetation,Weather - High Winds,,,,,
Vegetation,Urban,<0.25,Cal Fire,17000,Conductor - Primary,Overhead,Y,Contact from Object,,Vegetation,,,,,,
Vegetation,Urban,<3 meters of linear travel,Fire Agency,0-750,Conductor - Open Wire Secondary,Overhead,Y,Equipment - PG&E,Conductor - Open Wire Secondary,,Weather - High Winds,,,,,
Vegetation,Agriculture,<0.25,Cal Fire,12000,Conductor - Primary,Overhead,Y,Equipment - PG&E,Conductor - Primary,,Weather - High Winds,,,,,
Vegetation,Agriculture,Oct-99,Cal Fire,0-750,Other,Overhead,Y,Equipment - PG&E,Other,,Weather - High Winds,,,,,
Vegetation,Hardwood Woodland,0.26-9.99,Fire Agency,21000,Conductor - Primary,Overhead,Y,Contact from Object,,Vegetation,Weather - High Winds,,,,,
Vegetation,Herbaceous,<0.25,Fire Agency,12000,Conductor - Primary,Overhead,Y,Contact from Object,,Vegetation,Weather - High Winds,,,,,
Other,Agriculture,<3 meters of linear travel,Customer,12000,Pole,Overhead,Y,Equipment - PG&E,Pole failure,,,,,,,
Vegetation,Urban,<0.25,Fire Agency,12000,Conductor - Primary,Overhead,Y,Contact from Object,,Vegetation,Weather - High Winds,,,,,
Vegetation,Barren/Other,300-999,Cal Fire,21000,Pole,Overhead,Y,Equipment - PG&E,Pole failure,,,,,,,
Other,Urban,<0.25,Fire Agency,12000,Switch,Overhead,Y,Equipment - PG&E,Insulator failure,,,,,,,
Other,Conifer Forest,<0.25,Cal Fire,21000,Pole,Overhead,Y,Contact from Object,,Vehicle,,,,,,
Vegetation,Barren/Other,0.26-9.99,Cal Fire,0-750,Service Drop,Overhead,Y,Contact from Object,,Vegetation,Weather - High Winds,,,,,
Vegetation,Hardwood Woodland,0.26-9.99,Unknown,12000,Conductor - Primary,Overhead,Y,Equipment - PG&E,Conductor - Primary,,Weather - High Winds,,,,,
Vegetation,Hardwood Woodland,0.26-9.99,Cal Fire,12000,Conductor - Primary,Overhead,Y,Contact from Object,,Vegetation,,,,,,
Vegetation,Agriculture,Oct-99,Cal Fire,12000,Pole,Overhead,Y,Equipment - PG&E,Pole failure,,,,,,,
Other,Agriculture,<0.25,Fire Agency,12000,Pole,Overhead,Y,Contamination,,,Other,,,,,
Other,Water,<0.25,Fire Agency,12000,Pole,Overhead,Y,Contamination,,,Other,,,,,
Other,Urban,<3 meters of linear travel,Fire Agency,12000,Pole,Overhead,Y,Contamination,,,Other,,,,,
Vegetation,Hardwood Woodland,0.26-9.99,Cal Fire,12000,Conductor - Primary,Overhead,Y,Wire-to-wire contact,,,,,,,,
Vegetation,Urban,<0.25,Fire Agency,21000,Guy/Span Wire,Overhead,Y,Contact from Object,,Vegetation,Weather - High Winds,,,,,
Other,Herbaceous,<0.25,Self Extinguished,12000,Pole,Overhead,N,Equipment - PG&E,Other,,Other,,,,,
Other,Herbaceous,0.26-9.99,Cal Fire,12000,Conductor,Overhead,Y,Equipment - PG&E,Insulator failure,,,,,,,
Other,Wetland,<3 meters of linear travel,Fire Agency,12000,Pole,Overhead,N,Contamination,,,Other,,,,,
Other,Hardwood Woodland,Structure-only,Customer,0-750,Service Drop,Overhead,Y,Equipment - PG&E,Conductor failure-all,,,,,,,
Vegetation,Herbaceous,<0.25,Fire Agency,12000,Conductor - Primary,Overhead,Y,Equipment - PG&E,Conductor failure-all,,,,,,,
Vegetation,Agriculture,0.26-9.99,Fire Agency,12000,Conductor - Primary,Overhead,Y,Equipment - PG&E,Conductor failure-all,,,,,,,
Vegetation,Urban,<0.25,Fire Agency,12000,Conductor - Primary,Overhead,Y,Contact from Object,,Balloon,,,,,,
Other,Agriculture,<0.25,Self Extinguished,21000,Pole,Overhead,Y,Equipment - PG&E,Transformer failure,,,,,,,
Vegetation,Herbaceous,<0.25,Cal Fire,12000,Conductor - Primary,Overhead,Y,Contact from Object,,Animal,,,,,,
Vegetation,Herbaceous,<0.25,Cal Fire,17000,Splice/Clamp/Connector,Overhead,Y,Equipment - PG&E,Splice/Clamp/Connector,,,,,,,
Other,Urban,<3 meters of linear travel,Utility - PG&E,0-750,Service Drop,Overhead,Y,Equipment - PG&E,Conductor failure-all,,,,,,,
Vegetation,Urban,<3 meters of linear travel,Fire Agency,12000,Conductor - Primary,Overhead,Y,Contact from Object,,Vegetation,,,,,,
Other,Urban,<0.25,Fire Agency,12000,Transformer,Overhead,Y,Equipment - PG&E,Transformer failure,,,,,,,
Vegetation,Agriculture,<3 meters of linear travel,Fire Agency,12000,Conductor - Primary,Overhead,Y,Equipment - PG&E,Conductor failure-all,,,,,,,
Other,Urban,<3 meters of linear travel,Fire Agency,0-750,Conductor - Open Wire Secondary,Overhead,Y,Equipment - PG&E,Conductor failure-all,,,,,,,
Other,Urban,Structure-only,Unknown,0-750,Service Drop,Overhead,N,Contact from Object,,Vegetation,,,,,,
Other,Herbaceous,<3 meters of linear travel,Fire Agency,12000,Insulator,Overhead,Y,Contact from Object,,Nest,,,,,,
Vegetation,Barren/Other,<3 meters of linear travel,Fire Agency,12000,Voltage Regulator,Overhead,Y,Equipment - PG&E,Voltage Regulator failure,,,,,,,
Other,Herbaceous,<0.25,Cal Fire,12000,Pole,Overhead,Y,Contact from Object,,Nest,,,,,,
Vegetation,Urban,<3 meters of linear travel,Fire Agency,0-750,Riser,Overhead,Y,Contact from Object,,Vegetation,,,,,,
Vegetation,Conifer Forest,<3 meters of linear travel,Utility - PG&E,12000,Conductor - Primary,Overhead,Y,Contact from Object,,Vegetation,,,,,,
Other,Unknown,<0.25,Unknown,60000,Switch,Overhead,N,Equipment - PG&E,Unknown,,,,,,,
Vegetation,Unknown,<0.25,Cal Fire,0-750,Conductor - Open Wire Secondary,Overhead,Y,Contact from Object,,Vegetation,,,,,,
Other,Rural,Less Than .25 Acres,,,Conductor,Overhead,Yes,Equipment/Facility Failure,Conductor,,Outside Force,Fire Agency,12 kV,,,
Other,Urban,Less Than .25 Acres,,,Other,Overhead,Yes,Contact From Object,,Balloons,Outside Force,Unknown,12 kV,,,
Vegetation,Rural,Less Than .25 Acres,,,Other,Overhead,No,Contact From Object,,Animal,Outside Force,Fire Agency,12 kV,,,
Other,Rural,Less Than .25 Acres,,,Other,Overhead,No,Wire-Wire Contact,,,Human Error,Fire Agency,12 kV,,,
Vegetation,Urban,Less Than .25 Acres,,,Other,Overhead,Yes,Contact From Object,,Balloons,Outside Force,Fire Agency,16 kV,,,
Vegetation,Urban,Less Than .25 Acres,,,Conductor,Overhead,No,Equipment/Facility Failure,Conductor,,Other,Unknown,4 kV,,,
Vegetation,Urban,Less Than .25 Acres,,,Other,Overhead,Yes,Equipment/Facility Failure,Splice/Clamp/Connector,,Other,Fire Agency,16 kV,,,
Vegetation,Urban,Less Than .25 Acres,,,Conductor,Overhead,No,Wire-Wire Contact,,,Weather,Unknown,12 kV,,,
Vegetation,Rural,Less Than .25 Acres,,,Lightning Arrestor,Overhead,No,Equipment/Facility Failure,Lightning Arrestor,,Other,Fire Agency,12 kV,,,
Other,Urban,Less Than .25 Acres,,,Other,Overhead,No,Vandalism/Theft,,,Other,Fire Agency,12 kV,,,
Vegetation,Urban,.26 - 9.99 Acres,,,Conductor,Overhead,No,Contact From Object,,Other,Outside Force,Fire Agency,66 kV,,,
Other,Urban,Less Than .25 Acres,,,Conductor,Overhead,Yes,Contact From Object,,Animal,Outside Force,Unknown,33 kV,,,
Vegetation,Urban,Less Than .25 Acres,,,Other,Overhead,Yes,Contact From Object,,Vegetation,Other,Fire Agency,16 kV,,,
Vegetation,Rural,Less Than .25 Acres,,,Switch,Overhead,Yes,Equipment/Facility Failure,Switch,,Other,Utility,12 kV,,,
Other,Rural,Less Than .25 Acres,,,Conductor,Overhead,Yes,Contact From Object,,Vehicle,Outside Force,Unknown,12 kV,,,
Vegetation,Rural,Less Than .25 Acres,,,Conductor,Overhead,Yes,Equipment/Facility Failure,Other,,Outside Force,Fire Agency,12 kV,,,
Vegetation,Urban,Less Than .25 Acres,,,Other,Overhead,Yes,Contact From Object,,Vegetation,Other,Unknown,16 kV,,,
Vegetation,Urban,Less Than .25 Acres,,,Conductor,Overhead,Yes,Contact From Object,,Vegetation,Other,Fire Agency,16 kV,,,
Vegetation,Urban,Less Than .25 Acres,,,Other,Overhead,No,Unknown,,,Unknown,Unknown,12 kV,,,
Other,Urban,Less Than .25 Acres,,,Conductor,Overhead,No,Contact From Object,,Balloons,Outside Force,Fire Agency,16 kV,,,
Vegetation,Urban,Less Than .25 Acres,,,Capacitor Bank,Overhead,No,Contact From Object,,Other,Other,Fire Agency,12 kV,,,
Vegetation,Urban,Less Than .25 Acres,,,Conductor,Overhead,Yes,Wire-Wire Contact,,,Weather,Fire Agency,12 kV,,,
Other,Rural,Less Than .25 Acres,,,Conductor,Overhead,Yes,Equipment/Facility Failure,Conductor,,Other,Unknown,12 kV,,,
Vegetation,Urban,Less Than .25 Acres,,,Transformer,Overhead,Yes,Contact From Object,,Other,Other,Unknown,12 kV,,,
Other,Urban,Less Than .25 Acres,,,Conductor,Overhead,No,Equipment/Facility Failure,Conductor,,Other,Unknown,16 kV,,,
Other,Rural,Less Than .25 Acres,,,Conductor,Overhead,Yes,Contact From Object,,Other,Outside Force,Unknown,12 kV,,,
Vegetation,Rural,Less Than .25 Acres,,,Conductor,Overhead,No,Equipment/Facility Failure,Conductor,,Other,Fire Agency,16 kV,,,
Vegetation,Urban,Less Than .25 Acres,,,Other,Overhead,Yes,Equipment/Facility Failure,Other,,Other,Unknown,16 kV,,,
Vegetation,Urban,Less Than .25 Acres,,,Conductor,Overhead,Yes,Contact From Object,,Other,Other,Fire Agency,12 kV,,,
Vegetation,Rural,Less Than .25 Acres,,,Other,Overhead,Yes,Equipment/Facility Failure,Splice/Clamp/Connector,,Other,Fire Agency,12 kV,,,
Other,Urban,Less Than .25 Acres,,,Transformer,Overhead,No,Contact From Object,,Animal,Outside Force,Fire Agency,12 kV,,,
Vegetation,Rural,Less Than .25 Acres,,,Lightning Arrestor,Overhead,No,Equipment/Facility Failure,Lightning Arrestor,,Other,Unknown,12 kV,,,
Vegetation,Rural,Less Than .25 Acres,,,Other,Overhead,No,Contact From Object,,Animal,Outside Force,Fire Agency,12 kV,,,
Other,Rural,Less Than .25 Acres,,,Other,Overhead,Yes,Contact From Object,,Animal,Outside Force,Fire Agency,66 kV,,,
Vegetation,Urban,Less Than .25 Acres,,,Other,Overhead,Yes,Equipment/Facility Failure,Splice/Clamp/Connector,,Other,Unknown,12 kV,,,
Vegetation,Rural,.26 - 9.99 Acres,,,Fuse,Overhead,Yes,Equipment/Facility Failure,Fuse,,Other,Unknown,12 kV,,,
Vegetation,Rural,Less Than .25 Acres,,,Conductor,Overhead,Yes,Equipment/Facility Failure,Conductor,,Other,Fire Agency,16 kV,,,
Other,Urban,Less Than .25 Acres,,,Other,Overhead,Yes,Contact From Object,,Other,Unknown,Fire Agency,16 kV,,,
Other,Urban,Less Than .25 Acres,,,Conductor,Overhead,No,Contact From Object,,Other,Unknown,Unknown,12 kV,,,
Vegetation,Urban,Less Than .25 Acres,,,Conductor,Overhead,Yes,Contact From Object,,Balloons,Outside Force,Fire Agency,12 kV,,,
Vegetation,Rural,Less Than .25 Acres,,,Other,Overhead,Yes,Contact From Object,,Vehicle,Outside Force,Unknown,12 kV,,,
Vegetation,Urban,Less Than .25 Acres,,,Conductor,Overhead,Yes,Equipment/Facility Failure,Conductor,,Other,Fire Agency,33 kV,,,
Vegetation,Rural,Less Than .25 Acres,,,Conductor,Overhead,No,Contact From Object,,Vegetation,Other,Fire Agency,12 kV,,,
Vegetation,Rural,Less Than .25 Acres,,,Conductor,Overhead,Yes,Equipment/Facility Failure,Conductor,,Unknown,Fire Agency,12 kV,,,
Vegetation,Urban,Less Than .25 Acres,,,Conductor,Overhead,Yes,Contact From Object,,Vegetation,Other,Unknown,12 kV,,,
Vegetation,Urban,Less Than .25 Acres,,,Conductor,Overhead,Yes,Contact From Object,,Animal,Outside Force,Fire Agency,12 kV,,,
Vegetation,Rural,Less Than .25 Acres,,,Transformer,Overhead,No,Equipment/Facility Failure,Transformer,,Other,Fire Agency,12 kV,,,
Vegetation,Urban,Less Than .25 Acres,,,Conductor,Overhead,No,Contact From Object,,Balloons,Outside Force,Fire agency,12 kV,,,
Vegetation,Rural,Less Than .25 Acres,,,Conductor,Overhead,Yes,Equipment/Facility Failure,Conductor,,Other,Fire Agency,12 kV,,,
Vegetation,Rural,Less Than .25 Acres,,,Conductor,Overhead,Yes,Contact From Object,,Balloons,Outside Force,Fire Agency,12 kV,,,
Vegetation,Rural,Less Than .25 Acres,,,Switch,Overhead,No,Equipment/Facility Failure,Switch,,Other,Fire Agency,12 kV,,,
Vegetation,Urban,Less Than .25 Acres,,,Conductor,Overhead,Yes,Contact From Object,,Animal,Outside Force,Unknown,16 kV,,,
Vegetation,Urban,Less Than .25 Acres,,,Conductor,Overhead,No,Contact From Object,,Balloons,Outside Force,Fire Agency,16 kV,,,
Other,Rural,.26 - 9.99 Acres,,,Conductor,Overhead,Yes,Other,,,Unknown,Fire Agency,33 kV,,,
Vegetation,Urban,Less Than .25 Acres,,,Other,Overhead,No,Contact From Object,,Vegetation,Other,Fire Agency,16 kV,,,
Vegetation,Urban,Less Than .25 Acres,,,Lightning Arrestor,Overhead,Yes,Contact From Object,,Balloons,Outside Force,Customer,4 kV,,,
Vegetation,Rural,Less Than .25 Acres,,,Conductor,Overhead,No,Equipment/Facility Failure,Conductor,,Human Error,Fire Agency,4 kV,,,
Vegetation,Urban,Less Than .25 Acres,,,Conductor,Overhead,Yes,Wire-Wire Contact,,,Weather,Fire Agency,12 kV,,,
Vegetation,Rural,Less Than .25 Acres,,,Conductor,Overhead,No,Contact From Object,,Balloons,Outside Force,Fire Agency,12 kV,,,
Vegetation,Urban,Less Than .25 Acres,,,Fuse,Overhead,Yes,Equipment/Facility Failure,Other,,Other,Unknown,12 kV,,,
Vegetation,Urban,Less Than .25 Acres,,,Other,Overhead,Yes,Other,,,Human Error,Unknown,12 kV,,,
Vegetation,Rural,Less Than .25 Acres,,,Other,Overhead,Yes,Equipment/Facility Failure,Other,,Other,Fire Agency,12 kV,,,
Vegetation,Rural,Less Than .25 Acres,,,Conductor,Overhead,No,Equipment/Facility Failure,Conductor,,Other,Fire Agency,12 kV,,,
Vegetation,Rural,Less Than .25 Acres,,,Transformer,Overhead,No,Contact From Object,,Other,Other,Fire Agency,12 kV,,,
Vegetation,Urban,Less Than .25 Acres,,,Other,Overhead,No,Other,,,Other,Fire Agency,12 kV,,,
Other,Rural,Less Than .25 Acres,,,Lightning arrester,Overhead,Yes,Contact From Object,,Other,Other,Fire Agency,12 kV,,,
Vegetation,Urban,.26 - 9.99 Acres,,,Conductor,Overhead,Yes,Contact From Object,,Balloons,Other,Fire Agency,12 kV,,,
Vegetation,Urban,Less Than .25 Acres,,,Other,Overhead,No,Contact From Object,,Balloons,Outside Force,Fire Agency,66 kV,,,
Vegetation,Urban,Less Than .25 Acres,,,Switch,Overhead,Yes,Contact From Object,,Balloons,Outside Force,Unknown,12 kV,,,
Vegetation,Urban,Less Than .25 Acres,,,Other,Overhead,No,Contact From Object,,Vegetation,Other,Fire Agency,16 kV,,,
Vegetation,Urban,Less Than .25 Acres,,,Other,Overhead,Yes,Other,,,Other,Fire Agency,12 kV,,,
Vegetation,Rural,Less Than .25 Acres,,,Other,Overhead,No,Equipment/Facility Failure,Splice/Clamp/Connector,,Other,Fire Agency,16 kV,,,
Vegetation,Rural,Less Than .25 Acres,,,Other,Overhead,No,Other,,,Other,Self Extinguished,16 kV,,,
Vegetation,Urban,.26 - 9.99 Acres,,,Other,Overhead,Yes,Equipment/Facility Failure,Splice/Clamp/Connector,,Other,Fire Agency,16 kV,,,
Vegetation,Urban,Less Than .25 Acres,,,Conductor,Overhead,No,Vandalism/Theft,,,Other,Fire Agency,12 kV,,,
Vegetation,Rural,Less Than .25 Acres,,,Other,Overhead,No,Vandalism/Theft,,,Other,Fire Agency,12 kV,,,
Vegetation,Urban,Less Than .25 Acres,,,Conductor,Overhead,No,Equipment/Facility Failure,Conductor,,Other,Fire Agency,16 kV,,,
Vegetation,Urban,Less Than .25 Acres,,,Conductor,Overhead,Yes,Equipment/Facility Failure,Conductor,,Other,Fire Agency,12 kV,,,
Vegetation,Rural,Less Than .25 Acres,,,Conductor,Overhead,Yes,Equipment/Facility Failure,Splice/Clamp/Connector,,Human Error,Fire Agency,12 kV,,,
Vegetation,Urban,Less Than .25 Acres,,,Conductor,Overhead,Yes,Equipment/Facility Failure,Conductor,,Other,Unknown,12 kV,,,
Vegetation,Rural,10 - 99 Acres,,,Other,Overhead,No,Contact From Object,,Animal,Outside Force,Fire Agency,66 kV,,,
Vegetation,Rural,Less Than .25 Acres,,,Lightning Arrestor,Overhead,Yes,Contact From Object,,Animal,Outside Force,Fire Agency,12 kV,,,
Vegetation,Rural,Less Than .25 Acres,,,Conductor,Overhead,Yes,Equipment/Facility Failure,Conductor,,Other,Unknown,12 kV,,,
Vegetation,Rural,Less Than .25 Acres,,,Conductor,Overhead,Yes,Equipment/Facility Failure,Conductor,,Other,Self Extinguished,12 kV,,,
Vegetation,Rural,Less Than .25 Acres,,,Other,Overhead,No,Contact From Object,,Animal,Outside Force,Fire Agency,12 kV,,,
Vegetation,Urban,Less Than .25 Acres,,,Conductor,Overhead,Yes,Contact From Object,,Vegetation,Other,Fire Agency,16 kV,,,
Vegetation,Rural,Less Than .25 Acres,,,Other,Overhead,No,Contact From Object,,Animal,Outside Force,Fire Agency,33 kV,,,
Vegetation,Urban,Less Than .25 Acres,,,Other,Overhead,Yes,Contact From Object,,Balloons,Outside Force,Fire Agency,12 kV,,,
Other,Urban,Less Than .25 Acres,,,Conductor,Overhead,Yes,Equipment/Facility Failure,Other,,Unknown,Unknown,12 kV,,,
Other,Urban,Less Than .25 Acres,,,Transformer,Overhead,Yes,Equipment/Facility Failure,Transformer,,Other,Unknown,12 kV,,,
Other,Urban,Less Than .25 Acres,,,Conductor,Overhead,Yes,Equipment/Facility Failure,Conductor,,Unknown,Unknown,16 kV,,,
Vegetation,Rural,Less Than .25 Acres,,,Conductor,Overhead,No,Contact From Object,,Vegetation,Other,Fire Agency,4 kV,,,
Vegetation,Rural,.26 - 9.99 Acres,,,Other,Overhead,Yes,Equipment/Facility Failure,Other,,Other,Unknown,33 kV,,,
Other,Urban,Less Than .25 Acres,,,Transformer,Underground,Yes,Equipment/Facility Failure,Transformer,,Other,Unknown,16 kV,,,
Vegetation,Urban,.26 - 9.99 Acres,,,Conductor,Overhead,Yes,Contact From Object,,Balloons,Outside Force,Fire Agency,12 kV,,,
Other,Urban,Less Than .25 Acres,,,Other,Overhead,Yes,Equipment/Facility Failure,Other,,Other,Fire Agency,16 kV,,,
Other,Urban,Less Than .25 Acres,,,Conductor,Overhead,Yes,Contact From Object,,Balloons,Outside Force,Customer,4 kV,,,
Vegetation,Urban,Less Than .25 Acres,,,Conductor,Overhead,No,Contact From Object,,Vehicle,Outside Force,Fire Agency,66 kV,,,
Building,Urban,Less Than .25 Acres,,,Conductor,Overhead,No,Contact From Object,,Balloons,Outside Force,Fire Agency,12 kV,,,
Vegetation,Urban,Less Than .25 Acres,,,Conductor,Overhead,Yes,Contact From Object,,Vegetation,Other,Fire Agency,4 kV,,,
Vegetation,Rural,Less Than .25 Acres,,,Conductor,Overhead,Yes,Contact From Object,,Vegetation,Other,Fire Agency,12 kV,,,
Vegetation,Rural,Less Than .25 Acres,,,Conductor,Overhead,Yes,Contact From Object,,Vegetation,Other,Unknown,16 kV,,,
Other,Rural,Less Than .25 Acres,,,Conductor,Overhead,Yes,Contact From Object,,Vehicle,Outside Force,Fire Agency,12 kV,,,
Vegetation,Urban,Less Than .25 Acres,,,Other,Underground,Yes,Other,,,Other,Fire Agency,12 kV,,,
Building,Urban,Less Than .25 Acres,,,Other,Overhead,Yes,Equipment/Facility Failure,Splice/Clamp/Connector,,Other,Unknown,16 kV,,,
Vegetation,Rural,Less Than .25 Acres,,,Lightning Arrestor,Overhead,No,Contact From Object,,Animal,Outside Force,Fire Agency,12 kV,,,
Vegetation,Urban,Less Than .25 Acres,,,Lightning Arrestor,Overhead,No,Contact From Object,,Animal,Outside Force,Fire Agency,12 kV,,,
Vegetation,Rural,Less Than .25 Acres,,,Other,Overhead,Yes,Contact From Object,,Vehicle,Outside Force,Fire Agency,12 kV,,,
Other,Rural,Less Than .25 Acres,,,Other,Overhead,Yes,Other,,,Unknown,Unknown,12 kV,,,
Other,Rural,Less Than .25 Acres,,,Other,Overhead,No,Vandalism/Theft,,,Other,Unknown,12 kV,,,
Vegetation,Rural,Less Than .25 Acres,,,Other,Overhead,No,Equipment/Facility Failure,Splice/Clamp/Connector,,Weather,Self Extinguished,16 kV,,,
Vegetation,Rural,Less Than .25 Acres,,,Conductor,Overhead,Yes,Equipment/Facility Failure,Other,,Other,Self Extinguished,12 kV,,,
Vegetation,Rural,.26 - 9.99 Acres,,,Conductor,Overhead,No,Equipment/Facility Failure,Splice/Clamp/Connector,,Other,Fire Agency,12 kV,,,
Vegetation,Rural,Less Than .25 Acres,,,Conductor,Overhead,No,Contact From Object,,Balloons,Outside Force,Fire Agency,12 kV,,,
Vegetation,Urban,Less Than .25 Acres,,,Other,Overhead,No,Contact From Object,,Vehicle,Outside Force,Unknown,16 kV,,,
Vegetation,Urban,Less Than .25 Acres,,,Conductor,Overhead,Yes,Equipment/Facility Failure,Lightning Arrestor,,Other,Unknown,16 kV,,,
Vegetation,Rural,Less Than .25 Acres,,,Conductor,Overhead,Yes,Equipment/Facility Failure,Insulator,,Other,Fire Agency,33 kV,,,
Vegetation,Rural,Less Than .25 Acres,,,Conductor,Overhead,Yes,Contact From Object,,Other,Other,Fire Agency,12 kV,,,
Other,Urban,Less Than .25 Acres,,,Conductor,Overhead,Yes,Contact From Object,,Vehicle,Outside Force,Fire Agency,12 kV,,,
Vegetation,Rural,Less Than .25 Acres,,,Conductor,Overhead,Yes,Equipment/Facility Failure,Conductor,,Human Error,Self Extinguished,16 kV,,,
Other,Rural,Less Than .25 Acres,,,Other,Overhead,Yes,Equipment/Facility Failure,Other,,Other,Unknown,12 kV,,,
Vegetation,Urban,Less Than .25 Acres,,,Other,Overhead,No,Contact From Object,,Vegetation,Other,Unknown,4 kV,,,
Vegetation,Urban,Less Than .25 Acres,,,Conductor,Overhead,Yes,Equipment/Facility Failure,Conductor,,Other,Customer,12 kV,,,
Vegetation,Urban,Less Than .25 Acres,,,Fuse,Overhead,Yes,Equipment/Facility Failure,Transformer,,Other,Utility,12 kV,,,
Vegetation,Urban,Less Than .25 Acres,,,Conductor,Overhead,Yes,Contact From Object,,Other,Human Error,Fire Agency,12 kV,,,
Other,Urban,Less Than .25 Acres,,,Other,Overhead,Yes,Equipment/Facility Failure,Splice/Clamp/Connector,,Other,Fire Agency,4 kV,,,
Building,Urban,Less Than .25 Acres,,,Conductor,Overhead,No,Contact From Object,,Vegetation,Other,Fire Agency,12 kV,,,
Vegetation,Urban,Less Than .25 Acres,,,Transformer,Underground,Yes,Equipment/Facility Failure,Transformer,,Unknown,Unknown,12 kV,,,
Other,Urban,Less than three (3) meters of linear travel,,,Transformer,Overhead,No,Equipment/Facility Failure,Fuse,,Other,Unknown,4 kV,,,
Vegetation,Rural,Less Than .25 Acres,,,Other,Overhead,Yes,Contact From Object,,Vegetation,Other,Unknown,12 kV,,,
Other,Urban,Less Than .25 Acres,,,Transformer,Overhead,Yes,Contact From Object,,Other,Other,Fire Agency,12 kV,,,
Other,Rural,Less Than .25 Acres,,,Switch,Overhead,No,Equipment/Facility Failure,Switch,,Other,Unknown,16 kV,,,
Vegetation,Urban,Less Than .25 Acres,,,Switch,Overhead,Yes,Equipment/Facility Failure,Switch,,Other,Utility,16 kV,,,
Vegetation,Urban,Less Than .25 Acres,,,Conductor,Overhead,No,Equipment/Facility Failure,Conductor,,Outside Force,Unknown,4 kV,,,
Vegetation,Urban,Less Than .25 Acres,,,Other,Overhead,No,Contact From Object,,Vegetation,Other,Fire Agency,12 kV,,,
Vegetation,Urban,Less Than .25 Acres,,,Conductor,Overhead,No,Equipment/Facility Failure,Conductor,,Other,Unknown,12 kV,,,
Other,Urban,Less Than .25 Acres,,,Conductor,Overhead,No,Vandalism/Theft,Pole,,Other,Fire Agency,12 kV,,,
Other,Rural,Less Than .25 Acres,,,Other,Overhead,Yes,Contact From Object,,Vehicle,Outside Force,Fire Agency,12 kV,,,
Vegetation,Rural,Less Than .25 Acres,,,Conductor,Overhead,No,Vandalism/Theft,,,Other,Fire Agency,12 kV,,,
Vegetation,Urban,.26 - 9.99 Acres,,,Conductor,Overhead,No,Contact From Object,,Vehicle,Outside Force,Fire Agency,12 kV,,,
Vegetation,Urban,Less Than .25 Acres,,,Lightning Arrestor,Overhead,Yes,Contact From Object,,Animal,Outside Force,Customer,16 kV,,,
Vegetation,Urban,Less Than .25 Acres,,,Conductor,Overhead,No,Equipment/Facility Failure,Conductor,,Other,Unknown,16 kV,,,
Vegetation,Urban,Less Than .25 Acres,,,Other,Underground,No,Equipment/Facility Failure,Splice/Clamp/Connector,,Other,Fire Agency,12 kV,,,
Vegetation,Rural,Less Than .25 Acres,,,Conductor,Overhead,Yes,Contact From Object,,Balloons,Outside Force,Utility,12 kV,,,
Vegetation,Rural,Less Than .25 Acres,,,Transformer,Overhead,Yes,Equipment/Facility Failure,Transformer,,Other,Fire Agency,12 kV,,,
Vegetation,Urban,Less Than .25 Acres,,,Other,Overhead,Yes,Equipment/Facility Failure,Other,,Other,Fire Agency,12 kV,,,
Vegetation,Rural,Less Than .25 Acres,,,Transformer,Overhead,Yes,Equipment/Facility Failure,Transformer,,Other,Unknown,12 kV,,,
Vegetation,Urban,Less Than .25 Acres,,,Transformer,Overhead,Yes,Equipment/Facility Failure,Transformer,,Other,Fire Agency,16 kV,,,
Vegetation,Urban,Less Than .25 Acres,,,Conductor,Overhead,Yes,Contact From Object,,Balloons,Outside Force,Fire Agency,12 kV,,,
Other,Urban,Less Than .25 Acres,,,Conductor,Overhead,Yes,Equipment/Facility Failure,Conductor,,Unknown,Fire Agency,12 kV,,,
Vegetation,Rural,Less Than .25 Acres,,,Conductor,Overhead,Yes,Equipment/Facility Failure,Conductor,,Other,Fire Agency,12 kV,,,
Vegetation,Urban,Less Than .25 Acres,,,Other,Overhead,No,Equipment/Facility Failure,Splice/Clamp/Connector,,Other,Fire Agency,16 kV,,,
Vegetation,Rural,.26 - 9.99 Acres,,,Transformer,Overhead,Yes,Equipment/Facility Failure,Transformer,,Human Error,Fire Agency,12 kV,,,
Vegetation,Urban,.26 - 9.99 Acres,,,Other,Overhead,Yes,Other,,,Other,Unknown,16 kV,,,
Vegetation,Urban,Less Than .25 Acres,,,Conductor,Overhead,Yes,Contact From Object,,Vehicle,Outside Force,Fire Agency,12 kV,,,
Other,Urban,Less Than .25 Acres,,,Conductor,Overhead,Yes,Equipment/Facility Failure,Conductor,,Unknown,Fire Agency,12 kV,,,
Vegetation,Urban,Less Than .25 Acres,,,Transformer,Underground,Yes,Equipment/Facility Failure,Transformer,,Other,Fire Agency,12 kV,,,
Other,Urban,Less Than .25 Acres,,,Conductor,Overhead,Yes,Equipment/Facility Failure,Splice/Clamp/Connector,,Other,Unknown,12 kV,,,
Building,Urban,Less Than .25 Acres,,,Conductor,Overhead,Yes,Contact From Object,,Other,Outside Force,Fire Agency,16 kV,,,
Other,Urban,Less Than .25 Acres,,,Other,Overhead,No,Contact From Object,,Vegetation,Other,Fire Agency,12 kV,,,
,Urban,Less Than .25 Acres,,,Conductor,Overhead,Yes,Equipment/Facility Failure,Conductor,,Other,Unknown,12 kV,,,
Vegetation,Urban,Less Than .25 Acres,,,Conductor,Overhead,Yes,Contact From Object,,Animal,Outside Force,Fire Agency,16 kV,,,
Vegetation,Rural,Less Than .25 Acres,,,Other,Overhead,Yes,Other,,,Human Error,Fire Agency,12 kV,,,
Vegetation,Urban,Less Than .25 Acres,,,Conductor,Overhead,No,Equipment/Facility Failure,Conductor,,Other,Fire Agency,12 kV,,,
Vegetation,Urban,.26 - 9.99 Acres,,,Conductor,Overhead,Yes,Contact From Object,,Balloons,Outside Force,Fire Agency,12 kV,,,
Vegetation,Urban,Less Than .25 Acres,,,Conductor,Overhead,No,Wire-Wire Contact,Splice/Clamp/Connector,,Weather,Unknown,12 kV,,,
Vegetation,Urban,Less Than .25 Acres,,,Conductor,Overhead,No,Contact From Object,,Vegetation,Other,Fire Agency,16 kV,,,
Other,Rural,Less Than .25 Acres,,,Conductor,Overhead,Yes,Contact From Object,,Vegetation,Outside Force,Fire Agency,16 kV,,,
Other,Rural,Less Than .25 Acres,,,Conductor,Overhead,Yes,Contact From Object,,Vegetation,Outside Force,Fire Agency,16 kV,,,
Other,Urban,Less Than .25 Acres,,,Fuse,Overhead,Yes,Equipment/Facility Failure,Fuse,,Other,Fire Agency,12 kV,,,
Vegetation,Urban,Less Than .25 Acres,,,Conductor,Overhead,No,Wire-Wire Contact,,,Weather,Fire Agency,12 kV,,,
Vegetation,Urban,Less Than .25 Acres,,,Lightning Arrestor,Overhead,No,Contact From Object,,Balloons,Outside Force,Unknown,16 kV,,,
Vegetation,Urban,Less Than .25 Acres,,,Conductor,Overhead,No,Contact From Object,,Balloons,Outside Force,Fire Agency,12 kV,,,
Building,Urban,Less Than .25 Acres,,,Conductor,Overhead,Yes,Contact From Object,,Balloons,Outside Force,Unknown,16,,,
Building,Urban,Less Than .25 Acres,,,Conductor,Overhead,No,Contact From Object,,Animal,Outside Force,Fire Agency,4,,,
Vegetation,Urban,Less than three (3) meters of linear travel,,,Conductor,Overhead,Yes,Contact From Object,,Balloons,Outside Force,Fire Agency,12,,,
Other,Urban,Less Than .25 Acres,,,Conductor,Overhead,No,Wire-Wire Contact,,,Weather,Unknown,16,,,
Vegetation,Urban,Less Than .25 Acres,,,Conductor,Overhead,No,Contact From Object,,Vegetation,Weather,Fire Agency,12,,,
Vegetation,Urban,Less Than .25 Acres,,,Conductor,Overhead,Yes,Contact From Object,,Vehicle,Outside Force,Fire Agency,12,,,
Other,Urban,Less Than .25 Acres,,,Conductor,Overhead,Yes,Contact From Object,,Vegetation,Outside Force,Unknown,16,,,
Other,Urban,Less Than .25 Acres,,,Conductor,Overhead,No,Equipment/Facility Failure,Conductor,,Other,Fire Agency,16,,,
Building,Urban,Less Than .25 Acres,,,Conductor,Underground,No,Equipment/Facility Failure,Conductor,,Other,Fire Agency,16,,,
Vegetation,Urban,Less Than .25 Acres,,,Conductor,Overhead,Yes,Contact From Object,,Vegetation,Weather,Fire Agency,16,,,
Vegetation,Urban,Less Than .25 Acres,,,Transformer,Overhead,Yes,Equipment/Facility Failure,Transformer,,Weather,Fire Agency,12,,,
Vegetation,Rural,Less than three (3) meters of linear travel,,,Conductor,Overhead,Yes,Equipment/Facility Failure,Splice,,Unknown,Unknown,12,,,
Vegetation,Rural,Less Than .25 Acres,,,Conductor,Overhead,No,Contact From Object,,Vehicle,Outside Force,Unknown,16,,,
Other,Urban,Less Than .25 Acres,,,Conductor,Overhead,No,Equipment/Facility Failure,Conductor,,Outside Force,Unknown,16,,,
Vegetation,Urban,Less Than .25 Acres,,,Other,Overhead,Yes,Equipment/Facility Failure,Other,,Other,Unknown,33,,,
Building,Urban,Less Than .25 Acres,,,Conductor,Overhead,Yes,Contact From Object,,Balloons,Outside Force,Fire Agency,12,,,
Vegetation,Urban,Less Than .25 Acres,,,Conductor,Overhead,Yes,Contact From Object,,Vegetation,Unknown,Fire Agency,16,,,
Vegetation,Urban,Less Than .25 Acres,,,Conductor,Overhead,Yes,Contact From Object,,Vegetation,Outside Force,Unknown,12,,,
Other,Urban,Less Than .25 Acres,,,Conductor,Overhead,Yes,Vandalism/Theft,Conductor,,Other,Unknown,16,,,
Other,Urban,Less Than .25 Acres,,,Conductor,Overhead,Yes,Contact From Object,,Balloons,Outside Force,Fire Agency,12,,,
Vegetation,Urban,Less Than .25 Acres,,,Conductor,Overhead,Yes,Contact From Object,,Balloons,Outside Force,Fire Agency,16,,,
Vegetation,Urban,Less Than .25 Acres,,,Conductor,Overhead,No,Contact From Object,,Balloons,Outside Force,Fire Agency,12,,,
Other,Urban,Less Than .25 Acres,,,Conductor,Overhead,Yes,Contact From Object,,Vehicle,Outside Force,Fire Agency,12,,,
Other,Urban,Less Than .25 Acres,,,Conductor,Overhead,No,Contact From Object,,Balloons,Outside Force,Fire Agency,12,,,
Vegetation,Urban,Less Than .25 Acres,,,Conductor,Overhead,Yes,Contact From Object,,Animal,Outside Force,Fire Agency,12,,,
Vegetation,Urban,Less Than .25 Acres,,,Conductor,Overhead,Yes,Wire-Wire Contact,,,Weather,Unknown,16,,,
Vegetation,Urban,Less Than .25 Acres,,,Conductor,Overhead,Yes,Equipment/Facility Failure,Insulator,,Weather,Unknown,33,,,
Vegetation,Rural,Less Than .25 Acres,,,Conductor,Overhead,Yes,Contact From Object,,Vehicle,Outside Force,Unknown,12,,,
Vegetation,Urban,Less Than .25 Acres,,,Conductor,Overhead,No,Contact From Object,,Balloons,Outside Force,Unknown,16,,,
Building,Urban,Less Than .25 Acres,,,Conductor,Overhead,Yes,Contact From Object,,Animal,Outside Force,Fire Agency,12,,,
Vegetation,Rural,.26 - 9.99 Acres,,,Conductor,Overhead,Yes,Contact From Object,,Vehicle,Outside Force,Fire Agency,16,,,
Vegetation,Rural,Less Than .25 Acres,,,Switch,Overhead,Yes,Equipment/Facility Failure,Switch,,Other,Self Extinguished,16,,,
Vegetation,Rural,.26 - 9.99 Acres,,,Conductor,Overhead,No,Contact From Object,,Animal,Outside Force,Fire Agency,66,,,
Vegetation,Rural,Less Than .25 Acres,,,Conductor,Overhead,Yes,Contact From Object,,Balloons,Outside Force,Fire Agency,12,,,
Vegetation,Rural,Less Than .25 Acres,,,Conductor,Overhead,Yes,Equipment/Facility Failure,Conductor,,Weather,Unknown,33,,,
Vegetation,Rural,Less Than .25 Acres,,,Transformer,Underground,Yes,Equipment/Facility Failure,Transformer,,Other,Fire Agency,12,,,
Vegetation,Urban,Less Than .25 Acres,,,Conductor,Overhead,Yes,Contact From Object,,Balloons,Outside Force,Unknown,12,,,
Vegetation,Urban,Less Than .25 Acres,,,Conductor,Overhead,Yes,Equipment/Facility Failure,Conductor,,Unknown,Unknown,12,,,
Vegetation,Urban,Less Than .25 Acres,,,Other,Overhead,Yes,Equipment/Facility Failure,Other,,Unknown,Unknown,33,,,
Vegetation,Urban,Less Than .25 Acres,,,Lightning Arrestor,Overhead,No,Contact From Object,,Animal,Outside Force,Fire Agency,12,,,
Vegetation,Urban,Less Than .25 Acres,,,Conductor,Overhead,No,Contact From Object,,Vegetation,Outside Force,Fire Agency,4.16,,,
Vegetation,Urban,Less Than .25 Acres,,,Other,Overhead,Yes,Contact From Object,,Animal,Outside Force,Fire Agency,16,,,
Building,Rural,Less Than .25 Acres,,,Conductor,Overhead,Yes,Contact From Object,,Vegetation,Outside Force,Fire Agency,12,,,
Vegetation,Urban,Less Than .25 Acres,,,Conductor,Underground,No,Equipment/Facility Failure,Conductor,,Unknown,Unknown,12,,,
Vegetation,Rural,Less Than .25 Acres,,,Conductor,Overhead,Yes,Equipment/Facility Failure,Conductor,,Unknown,Unknown,33,,,
Vegetation,Urban,Less Than .25 Acres,,,Conductor,Overhead,Yes,Equipment/Facility Failure,Connector,,Unknown,Fire Agency,4.16,,,
Vegetation,Urban,Less Than .25 Acres,,,Conductor,Overhead,Yes,Equipment/Facility Failure,Conductor,,Other,Unknown,12,,,
Vegetation,Urban,Less Than .25 Acres,,,Conductor,Overhead,No,Contact From Object,,Vegetation,Human Error,Fire Agency,12,,,
Vegetation,Rural,Less Than .25 Acres,,,Switch,Overhead,Yes,Normal Operation,Switch,,Human Error,Fire Agency,33,,,
Vegetation,Rural,Less Than .25 Acres,,,Transformer,Overhead,No,Contact From Object,Transformer,Animal,Outside Force,Fire Agency,12,,,
Other,Urban,Less Than .25 Acres,,,Conductor,Overhead,Yes,Contact From Object,,Balloons,Outside Force,Unknown,12,,,
Vegetation,Urban,Less Than .25 Acres,,,Conductor,Overhead,No,Contamination,,,Outside Force,Fire Agency,66,,,
Vegetation,Rural,Less Than .25 Acres,,,Conductor,Overhead,Yes,Equipment/Facility Failure,Pole,,Weather,Unknown,25,,,
Vegetation,Urban,.26 - 9.99 Acres,,,Conductor,Overhead,No,Equipment/Facility Failure,Insulator,,Outside Force,Fire Agency,66,,,
Vegetation,Rural,Less Than .25 Acres,,,Conductor,Overhead,Yes,Equipment/Facility Failure,Conductor,,Other,Unknown,12,,,
Vegetation,Urban,Less Than .25 Acres,,,Switch,Overhead,Yes,Normal Operation,Switch,,Unknown,Fire Agency,12,,,
Vegetation,Urban,Less Than .25 Acres,,,Conductor,Overhead,Yes,Equipment/Facility Failure,Conductor,,Unknown,Unknown,4.16,,,
Vegetation,Urban,Less Than .25 Acres,,,Conductor,Overhead,No,Contact From Object,,Animal,Outside Force,Self Extinguished,220,,,
Vegetation,Urban,Less Than .25 Acres,,,Conductor,Overhead,Yes,Equipment/Facility Failure,Conductor,,Other,Unknown,12,,,
Vegetation,Rural,Less Than .25 Acres,,,Conductor,Overhead,Yes,Contact From Object,,Vehicle,Outside Force,Fire Agency,12,,,
Vegetation,Urban,Less Than .25 Acres,,,Conductor,Overhead,Yes,Contact From Object,,Animal,Outside Force,Unknown,12,,,
Vegetation,Urban,Less Than .25 Acres,,,Conductor,Underground,No,Equipment/Facility Failure,Conductor,,Unknown,Unknown,12,,,
Vegetation,Urban,Less Than .25 Acres,,,Conductor,Overhead,Yes,Contact From Object,,Vehicle,Outside Force,Unknown,12,,,
Vegetation,Urban,Less Than .25 Acres,,,Lightning Arrestor,Overhead,Yes,Contact From Object,Lightning Arrestor,Animal,Outside Force,Fire Agency,16,,,
Vegetation,Urban,Less Than .25 Acres,,,Conductor,Overhead,Yes,Equipment/Facility Failure,Conductor,,Unknown,Fire Agency,16,,,
Vegetation,Urban,10 - 99 Acres,,,Conductor,Overhead,Yes,Contact From Object,,Balloons,Outside Force,Fire Agency,12,,,
Vegetation,Urban,Less Than .25 Acres,,,Transformer,Overhead,Yes,Equipment/Facility Failure,Transformer,,Unknown,Fire Agency,16,,,
Vegetation,Urban,Less Than .25 Acres,,,Transformer,Underground,Yes,Contact From Object,,Vehicle,Outside Force,Unknown,16,,,
Vegetation,Urban,Less Than .25 Acres,,,Other,Overhead,No,Equipment/Facility Failure,Other,,Unknown,Fire Agency,500,,,
Vegetation,Urban,Less Than .25 Acres,,,Conductor,Overhead,Yes,Equipment/Facility Failure,Tap,,Unknown,Fire Agency,12,,,
Vegetation,Rural,Less Than .25 Acres,,,Other,Overhead,Yes,Other,Pole,,Weather,Unknown,12,,,
Vegetation,Urban,Less Than .25 Acres,,,Conductor,Underground,No,Equipment/Facility Failure,Conductor,,Unknown,Fire Agency,16,,,
Other,Urban,Less Than .25 Acres,,,Conductor,Overhead,No,Equipment/Facility Failure,Insulator,,Weather,Unknown,66,,,
Vegetation,Urban,Less Than .25 Acres,,,Switch,Overhead,Yes,Equipment/Facility Failure,Switch,,Human Error,Fire Agency,16,,,
Vegetation,Rural,.26 - 9.99 Acres,,,Conductor,Overhead,No,Contact From Object,,Animal,Outside Force,Fire Agency,66,,,
Other,Urban,Less Than .25 Acres,,,Transformer,Overhead,Yes,Equipment/Facility Failure,Transformer,,Unknown,Unknown,16,,,
Vegetation,Urban,Less Than .25 Acres,,,Switch,Overhead,Yes,Equipment/Facility Failure,Switch,,Other,Fire Agency,16,,,
Vegetation,Urban,Less Than .25 Acres,,,Conductor,Overhead,Yes,Contact From Object,,Balloons,Outside Force,Fire Agency,12,,,
Vegetation,Rural,.26 - 9.99 Acres,,,Conductor,Overhead,No,Equipment/Facility Failure,Conductor,,Unknown,Fire Agency,220,,,
Vegetation,Urban,Less Than .25 Acres,,,Conductor,Overhead,Yes,Contact From Object,,Balloons,Outside Force,Unknown,12,,,
Vegetation,Urban,Less Than .25 Acres,,,Conductor,Overhead,Yes,Contact From Object,,Animal,Outside Force,Unknown,16,,,
Vegetation,Urban,Less Than .25 Acres,,,Transformer,Underground,No,Contact From Object,,Animal,Outside Force,Unknown,12,,,
Vegetation,Urban,Less Than .25 Acres,,,Switch,Overhead,Yes,Equipment/Facility Failure,Switch,,Unknown,Fire Agency,16,,,
Other,Urban,Less Than .25 Acres,,,Conductor,Overhead,Yes,Contact from Object,Conductor,Balloons,Outside Force,Unknown,12,,,
Vegetation,Rural,Less Than .25 Acres,,,Other,Underground,Yes,Equipment/Facility Failure,Other,,Unknown,Fire Agency,4.16,,,
Structure,Urban,Less Than .25 Acres,,,Conductor,Underground,No,Equipment/Facility Failure,Other,,Unknown,Unknown,12,,,
Vegetation,Urban,Less Than .25 Acres,,,Lightning Arrestor,Overhead,Yes,Equipment/Facility Failure,Lightning Arrestor,,Unknown,Unknown,12,,,
Vegetation,Rural,Less Than .25 Acres,,,Conductor,Underground,No,Equipment/Facility Failure,Connector,,Unknown,Unknown,16,,,
Vegetation,Urban,Less Than .25 Acres,,,Conductor,Overhead,Yes,Contact From Object,Conductor,Vehicle,Outside Force,Unknown,12,,,
Vegetation,Urban,Less Than .25 Acres,,,Conductor,Overhead,No,Equipment/Facility Failure,Conductor,,Unknown,Unknown,16,,,
Vegetation,Urban,Less Than .25 Acres,,,Other,Overhead,Yes,Equipment/Facility Failure,Connector,,Unknown,Fire Agency,16,,,
Vegetation,Urban,Less Than .25 Acres,,,Conductor,Overhead,No,Contact From Object,Conductor,Vegetation,Outside Force,Fire Agency,12,,,
Structure,Rural,Less Than .25 Acres,,,Capacitor Bank,Overhead,No,Equipment/Facility Failure,Capacitor Bank,,Other,Fire Agency,12,,,
Structure,Urban,Less Than .25 Acres,,,Conductor,Overhead,Yes,Contact From Object,Conductor,Vegetation,Outside Force,Fire Agency,12,,,
Vegetation,Urban,Less Than .25 Acres,,,Conductor,Underground,Yes,Equipment/Facility Failure,Connector,,Unknown,Unknown,12,,,
Vegetation,Rural,Less Than .25 Acres,,,Conductor,Overhead,Yes,Contact From Object,Conductor,Vehicle,Outside Force,Fire Agency,12,,,
Vegetation,Rural,.26 - 9.99 Acres,,,Conductor,Overhead,No,Contact From Object,Conductor,Vehicle,Outside Force,Unknown,66,,,
Vegetation,Urban,Less Than .25 Acres,,,Conductor,Overhead,No,Equipment/Facility Failure,Conductor,,Other,Unknown,16,,,
Vegetation,Rural,Less Than .25 Acres,,,Other,Overhead,No,Contact From Object,Splice/Clamp/Connector,Animal,Outside Force,Customer,66,,,
Vegetation,Rural,Less Than .25 Acres,,,Transformer,Overhead,Yes,Equipment/Facility Failure,Transformer,,Other,Fire Agency,12,,,
Vegetation,Urban,Less Than .25 Acres,,,Capacitor Bank,Overhead,Yes,Equipment/Facility Failure,Capacitor Bank,,Unknown,Unknown,16,,,
Vegetation,Urban,Less Than .25 Acres,,,Conductor,Overhead,Yes,Equipment/Facility Failure,Conductor,,Weather,Fire Agency,16,,,
Vegetation,Urban,Less Than .25 Acres,,,Conductor,Overhead,Yes,Contact From Object,Conductor,Vehicle,Outside Force,Fire Agency,12,,,
Vegetation,Urban,Less Than .25 Acres,,,Transformer,Underground,No,Equipment/Facility Failure,Transformer,,Weather,Fire Agency,16,,,
Vegetation,Urban,Less Than .25 Acres,,,Transformer,Underground,No,Equipment/Facility Failure,Transformer,,Unknown,Unknown,12,,,
Vegetation,Rural,Less Than .25 Acres,,,Other,Overhead,Yes,Equipment/Facility Failure,Conductor,,Unknown,Unknown,12,,,
Vegetation,Rural,.26 - 9.99 Acres,,,Conductor,Overhead,Yes,Unknown,,Unknown,Unknown,Unknown,12,,,
Vegetation,Rural,.26 - 9.99 Acres,,,Conductor,Overhead,No,Contact From Object,Insulator,Animal,Outside Force,Fire Agency,220,,,
Vegetation,Rural,Less Than .25 Acres,,,Fuse,Overhead,Yes,Equipment/Facility Failure,Fuse,,Unknown,Customer,2.4,,,
Vegetation,Urban,Less Than .25 Acres,,,Transformer,Underground,Yes,Vandalism/Theft,Transformer,,Other,Fire Agency,12,,,
Vegetation,Rural,Less Than .25 Acres,,,Conductor,Overhead,Yes,Contact From Object,Conductor,Vegetation,Outside Force,Fire Agency,16,,,
Vegetation,Rural,Less Than .25 Acres,,,Conductor,Overhead,No,Contact From Object,Conductor,Animal,Outside Force,Self Extinguished,220,,,
Vegetation,Rural,Less Than .25 Acres,,,Conductor,Overhead,Yes,Equipment/Facility Failure,Conductor,,Human Error,Fire Agency,16,,,
Vegetation,Urban,Less Than .25 Acres,,,Conductor,Overhead,Yes,Contact From Object,Conductor,Vehicle,Outside Force,Unknown,12,,,
Vegetation,Urban,Less Than .25 Acres,,,Transformer,Padmount,Yes,Equipment/Facility Failure,Transformer,,Other,Utility ,12,,,
Vegetation,Rural,.26 - 9.99 Acres,,,Conductor,Overhead,No,Equipment/Facility Failure,Connector,,Unknown,Unknown,16,,,
Structure,Rural,Less Than .25 Acres,,,Other,Underground,Yes,Unknown,Secondary Riser,,Unknown,Unknown,12,,,
Vegetation,Urban,Less Than .25 Acres,,,Transformer,Overhead,No,Equipment/Facility Failure,Transformer,,Weather,Fire Agency,16,,,
Building,Urban,Less Than .25 Acres,,,Other,Overhead,No,Equipment/Facility Failure,Insulator,,Weather,Unknown,12,,,
Structure,Urban,Less Than .25 Acres,,,Transformer,Padmount,Yes,Equipment/Facility Failure,Transformer,,Unknown,Unknown,12,,,
Vegetation,Rural,Less Than .25 Acres,,,Conductor,Overhead,Yes,Contact From Object,Pole,Vegetation,Weather,Fire Agency,16,,,
Vegetation,Urban,Less Than .25 Acres,,,Conductor,Underground,Yes,Equipment/Facility Failure,Conductor,,Unknown,Unknown,16,,,
Vegetation,Rural,.26 - 9.99 Acres,,,Conductor,Overhead,Yes,Contact From Object,Conductor,Vegetation,Weather,Fire Agency,12,,,
Vegetation,Urban,Less Than .25 Acres,,,Conductor,Overhead,Yes,Contact From Object,,Vegetation,Outside Force,Fire Agency,12,,,
Structure,Rural,Less Than .25 Acres,,,Conductor,Underground,No,Vandalism/Theft,Conductor,,Outside Force,Fire Agency,12,,,
Vegetation,Urban,Less Than .25 Acres,,,Transformer,Padmount,Yes,Contact From Object,Transformer,Vehicle,Outside Force,Unknown,12,,,
Building,Urban,Structure Only,Fire Agency,750,Splice/Clamp/Connector,Overhead,Yes,Equipment/Facility Failure,Splice/Clamp/Connector,,,,,,,
Building,Herbaceous,Less Than .25 Acres,Fire Agency,12000,Conductor - Primary,Overhead,Yes,Other,,,,,,,,
Vegetation,Hardwood Forest,Less Than .25 Acres,Fire Agency,750,Service Drop,Overhead,Yes,Contact From Object,,Vegetation,Outside Force,,,,,
Vegetation,Urban,Less than three {3} meters of linear travel,Self Extinguished,12000,Conductor - Primary,Overhead,Yes,Contact From Object,,Vegetation,Outside Force,,,,,
Vegetation,Agriculture,Less than three {3} meters of linear travel,Fire Agency,12000,Conductor - Primary,Overhead,Yes,Equipment/Facility Failure,Conductor - Primary,,,,,,,
Vegetation,Urban,Less Than .25 Acres,Fire Agency,12000,Conductor - Primary,Overhead,Yes,Wire-Wire Contact,,,Weather,,,,,
Building,Urban,Structure Only,Fire Agency,750,Unknown,Overhead,No,Unknown,,,,,,,,
Vegetation,Agriculture,Less than three {3} meters of linear travel,Fire Agency,12000,Conductor - Primary,Overhead,Yes,Vandalism/Theft,,,,,,,,
Vegetation,Agriculture,Less Than .25 Acres,Fire Agency,12000,Conductor - Primary,Overhead,Yes,Equipment/Facility Failure,Conductor - Primary,,,,,,,
Vegetation,Water,Less Than .25 Acres,Fire Agency,12000,Conductor - Primary,Overhead,Yes,Contact From Object,,Animal,Outside Force,,,,,
Vegetation,Herbaceous,Less than three {3} meters of linear travel,Fire Agency,12000,Conductor - Primary,Overhead,Yes,Contact From Object,,Animal,Outside Force,,,,,
Vegetation,Urban,Less than three {3} meters of linear travel,Fire Agency,750,Transformer,Overhead,Yes,Equipment/Facility Failure,Transformer,,,,,,,
Vegetation,Hardwood Woodland,Less than three {3} meters of linear travel,Fire Agency,750,Conductor - Insulated Secondary,Overhead,Yes,Equipment/Facility Failure,Conductor - Insulated Secondary,,,,,,,
Vegetation,Conifer Forest,Less Than .25 Acres,Fire Agency,12000,Conductor - Primary,Overhead,Yes,Contact From Object,,Other,Weather,,,,,
Building,Agriculture,Less Than .25 Acres,Fire Agency,12000,Transformer,Overhead,Yes,Equipment/Facility Failure,Transformer,,,,,,,
Other,Urban,Less than three {3} meters of linear travel,Fire Agency,750,Crossarm,Overhead,Yes,Equipment/Facility Failure,Crossarm,,,,,,,
Vegetation,Shrub,.26 - 9.99 Acres,Fire Agency,12000,Conductor - Primary,Overhead,Yes,Other,,,,,,,,
Vegetation,Herbaceous,Less Than .25 Acres,Fire Agency,12000,Pole,Overhead,Yes,Equipment/Facility Failure,Pole,,,,,,,
Vegetation,Conifer Forest,Less Than .25 Acres,Fire Agency,12000,Conductor - Primary,Overhead,Yes,Contact From Object,,Vegetation,Outside Force,,,,,
Vegetation,Conifer Forest,.26 - 9.99 Acres,Fire Agency,12000,Conductor - Primary,Overhead,Yes,Contact From Object,,Other,Weather,,,,,
Other,Urban,Less Than .25 Acres,Customer,750,Conductor - Secondary,Overhead,Yes,Other,,,,,,,,
Vegetation,Hardwood Woodland,.26 - 9.99 Acres,Fire Agency,12000,Jumper,Overhead,Yes,Equipment/Facility Failure,Jumper,,,,,,,
Vegetation,Herbaceous,.26 - 9.99 Acres,Fire Agency,12000,Conductor - Primary,Overhead,Yes,Contact From Object,,Animal,Outside Force,,,,,
Vegetation,Agriculture,Less than three {3} meters of linear travel,Self Extinguished,12000,Pole,Overhead,Yes,Contact From Object,,Vehicle,Human Error,,,,,
Other,Urban,Less than three {3} meters of linear travel,Fire Agency,12000,Transformer,Subsurface,Yes,Equipment/Facility Failure,Transformer,,,,,,,
Other,Urban,Less Than .25 Acres,Fire Agency,750,Service Drop,Overhead,No,Contact From Object,,Other,Weather,,,,,
Vegetation,Hardwood Forest,.26 - 9.99 Acres,Fire Agency,21000,Conductor - Primary,Overhead,Yes,Other,,,,,,,,
Other,Urban,Less than three {3} meters of linear travel,Fire Agency,750,Conductor - Insulated Secondary,Subsurface,Yes,Equipment/Facility Failure,Conductor - Insulated Secondary,,,,,,,
Vegetation,Conifer Forest,Less Than .25 Acres,Fire Agency,12000,Conductor - Primary,Overhead,Yes,Contact From Object,,Vegetation,Outside Force,,,,,
Building,Urban,Structure Only,Fire Agency,750,Service Drop,Overhead,Yes,Contact From Object,,Other,Other,,,,,
Vegetation,Conifer Forest,Less Than .25 Acres,Fire Agency,21000,Grounding Wire,Overhead,Yes,Contact From Object,,Vegetation,Outside Force,,,,,
Building,Hardwood Woodland,Less Than .25 Acres,Customer,12000,Conductor - Primary,Overhead,Yes,Contact From Object,,Vegetation,Outside Force,,,,,
Other,Wetland,Less Than .25 Acres,Fire Agency,12000,Conductor - Primary,Overhead,Yes,Contact From Object,,Animal,Outside Force,,,,,
Vegetation,Agriculture,Less Than .25 Acres,Fire Agency,12000,Splice/Clamp/Connector,Overhead,Yes,Contact From Object,,Vegetation,Outside Force,,,,,
Vegetation,Hardwood Forest,Less Than .25 Acres,Fire Agency,21000,Conductor - Primary,Overhead,Yes,Contact From Object,,Other,Human Error,,,,,
Vegetation,Urban,Less Than .25 Acres,Fire Agency,12000,Switch,Overhead,Yes,Equipment/Facility Failure,Switch,,,,,,,
Other,Herbaceous,Less Than .25 Acres,Fire Agency,12000,Fault Tamer,Overhead,Yes,Equipment/Facility Failure,Fault Tamer,,,,,,,
Other,Conifer Forest,Less than three {3} meters of linear travel,Fire Agency,12000,Conductor - Primary,Overhead,Yes,Contact From Object,,Vegetation,Outside Force,,,,,
Other,Conifer Forest,Less Than .25 Acres,Fire Agency,12000,Conductor - Primary,Overhead,Yes,Contact From Object,,Vegetation,Outside Force,,,,,
Vegetation,Agriculture,Less Than .25 Acres,Fire Agency,12000,Pole,Overhead,Yes,Contact From Object,,Vehicle,Human Error,,,,,
Vegetation,Urban,Less than three {3} meters of linear travel,Fire Agency,17000,Conductor - Primary,Overhead,Yes,Contact From Object,,Vegetation,Human Error,,,,,
Other,Urban,Less Than .25 Acres,Fire Agency,12000,Pothead,Overhead,Yes,Equipment/Facility Failure,Pothead,,,,,,,
Other,Urban,.26 - 9.99 Acres,Fire Agency,12000,Pole,Overhead,Yes,Contact From Object,,Vehicle,Human Error,,,,,
Vegetation,Barren/Other,Less Than .25 Acres,Fire Agency,115000,Conductor - Transmission,Overhead,No,Contact From Object,,Animal,Outside Force,,,,,
Other,Urban,Less than three {3} meters of linear travel,Customer,4160,Connector,Overhead,Yes,Equipment/Facility Failure,Connector,,,,,,,
Vegetation,Agriculture,Less Than .25 Acres,Fire Agency,12000,Conductor - Primary,Overhead,Yes,Contact From Object,,Vegetation,Outside Force,,,,,
Vegetation,Urban,Less than three {3} meters of linear travel,Fire Agency,21000,Conductor - Primary,Overhead,Yes,Contact From Object,,Vehicle,Human Error,,,,,
Vegetation,Herbaceous,10 - 99 Acres,Fire Agency,12000,Insulator,Overhead,Yes,Equipment/Facility Failure,Insulator,,,,,,,
Other,Agriculture,.26 - 9.99 Acres,Fire Agency,12000,Conductor - Primary,Overhead,Yes,Equipment/Facility Failure,Conductor - Primary,,,,,,,
Other,Agriculture,Less Than .25 Acres,Utility,12000,Transformer,Overhead,Yes,Equipment/Facility Failure,Transformer,,,,,,,
Other,Herbaceous,Less than three {3} meters of linear travel,Self Extinguished,12000,Transformer,Overhead,Yes,Contact From Object,,Animal,Outside Force,,,,,
Other,Urban,Less Than .25 Acres,Fire Agency,12000,Transformer Bushing,Overhead,Yes,Contact From Object,,Animal,Outside Force,,,,,
Other,Herbaceous,.26 - 9.99 Acres,Fire Agency,21000,Jumper,Overhead,No,Contact From Object,,Animal,Outside Force,,,,,
Vegetation,Agriculture,Less Than .25 Acres,Customer,12000,Conductor - Primary,Overhead,Yes,Contact From Object,,Other,Other,,,,,
Vegetation,Herbaceous,Less Than .25 Acres,Fire Agency,12000,Conductor - Primary,Overhead,Yes,Equipment/Facility Failure,Conductor - Primary,,,,,,,
Vegetation,Agriculture,Less Than .25 Acres,Fire Agency,12000,Conductor - Primary,Overhead,Yes,Contact From Object,,Vehicle,Human Error,,,,,
Vegetation,Urban,Less Than .25 Acres,Fire Agency,12000,Conductor - Primary,Overhead,Yes,Contact From Object,,Balloon,Outside Force,,,,,
Vegetation,Urban,Less Than .25 Acres,Fire Agency,12000,Transformer,Overhead,Yes,Contact From Object,,Vehicle,Human Error,,,,,
Vegetation,Agriculture,Less Than .25 Acres,Self Extinguished,12000,Conductor - Primary,Overhead,Yes,Wire-Wire Contact,,,Weather,,,,,
Vegetation,Herbaceous,Less than three {3} meters of linear travel,Fire Agency,12000,Conductor - Primary,Overhead,Yes,Contact From Object,,Vegetation,Outside Force,,,,,
Vegetation,Agriculture,.26 - 9.99 Acres,Fire Agency,17000,Conductor - Primary,Overhead,Yes,Contact From Object,,Animal,Outside Force,,,,,
Vegetation,Hardwood Woodland,Less Than .25 Acres,Fire Agency,240,Compression Connector,Overhead,Yes,Equipment/Facility Failure,Compression Connector,,,,,,,
Vegetation,Agriculture,Less Than .25 Acres,Unknown,12000,Transformer Bushing,Overhead,Yes,Equipment/Facility Failure,Transformer Bushing,,,,,,,
Vegetation,Herbaceous,10 - 99 Acres,Fire Agency,115000,Guy/Span Wire,Overhead,Yes,Contact From Object,,Animal,Outside Force,,,,,
Vegetation,Herbaceous,.26 - 9.99 Acres,Fire Agency,17000,Fuse,Overhead,Yes,Equipment/Facility Failure,Fuse,,,,,,,
Vegetation,Urban,Less than three {3} meters of linear travel,Fire Agency,12000,Conductor - Primary,Overhead,Yes,Contact From Object,,Animal,Outside Force,,,,,
Vegetation,Herbaceous,Less than three {3} meters of linear travel,Fire Agency,12000,Conductor - Primary,Overhead,Yes,Contact From Object,,Vegetation,Outside Force,,,,,
Other,Herbaceous,.26 - 9.99 Acres,Unknown,70000,Insulator,Overhead,Yes,Contact From Object,,Animal,Outside Force,,,,,
Vegetation,Urban,Less Than .25 Acres,Unknown,70000,Conductor - Transmission,Overhead,No,Equipment/Facility Failure,Conductor - Transmission,,,,,,,
Vegetation,Urban,Less Than .25 Acres,Fire Agency,12000,Conductor - Primary,Overhead,Yes,Contact From Object,,Vegetation,Outside Force,,,,,
Vegetation,Agriculture,Less Than .25 Acres,Fire Agency,240,Service Drop,Overhead,Yes,Contact From Object,,Vehicle,Human Error,,,,,
Vegetation,Urban,Less Than .25 Acres,Fire Agency,21000,Transformer,Overhead,Yes,Equipment/Facility Failure,Transformer,,,,,,,
Vegetation,Agriculture,Less Than .25 Acres,Fire Agency,12000,Conductor - Primary,Overhead,Yes,Equipment/Facility Failure,Conductor - Primary,,,,,,,
Vegetation,Herbaceous,10 - 99 Acres,Fire Agency,115000,Insulator,Overhead,No,Contact From Object,,Other,Other,,,,,
Other,Urban,Less Than .25 Acres,Fire Agency,21000,Unknown,Overhead,No,Contact From Object,,Balloon,Outside Force,,,,,
Vegetation,Desert Shrub,10 - 99 Acres,Fire Agency,12000,Insulator,Overhead,Yes,Equipment/Facility Failure,Insulator,,,,,,,
Other,Shrub,Less Than .25 Acres,Utility,21000,Pole,Overhead,Yes,Other,,,,,,,,
Vegetation,Agriculture,.26 - 9.99 Acres,Fire Agency,21000,Lightning Arrestor,Overhead,Yes,Contamination,,,,,,,,
Vegetation,Herbaceous,.26 - 9.99 Acres,Fire Agency,60000,Conductor - Transmission,Overhead,Yes,Equipment/Facility Failure,Conductor - Transmission,,,,,,,
Other,Urban,.26 - 9.99 Acres,Fire Agency,21000,Conductor - Primary,Overhead,Yes,Contact From Object,,Animal,Outside Force,,,,,
Vegetation,Agriculture,.26 - 9.99 Acres,Fire Agency,12000,Conductor - Primary,Overhead,Yes,Contact From Object,,Vegetation,Human Error,,,,,
Vegetation,Desert Shrub,Less Than .25 Acres,Utility,12000,Automatic Wire Splice,Overhead,Yes,Equipment/Facility Failure,Automatic Wire Splice,,,,,,,
Vegetation,Agriculture,Less Than .25 Acres,Fire Agency,750,Conductor - Primary,Overhead,No,Equipment/Facility Failure,Conductor - Primary,,,,,,,
Vegetation,Agriculture,Less Than .25 Acres,Fire Agency,12000,Conductor - Primary,Overhead,Yes,Contact From Object,,Balloon,Outside Force,,,,,
Vegetation,Urban,Less Than .25 Acres,Fire Agency,21000,Switch,Overhead,Yes,Contact From Object,,Animal,Outside Force,,,,,
Vegetation,Urban,Less Than .25 Acres,Fire Agency,21000,Switch,Overhead,Yes,Equipment/Facility Failure,Switch,,,,,,,
Vegetation,Hardwood Woodland,.26 - 9.99 Acres,Fire Agency,12000,Conductor - Primary,Overhead,Yes,Contact From Object,,Animal,Outside Force,,,,,
Vegetation,Urban,Less Than .25 Acres,Fire Agency,21000,Switch,Overhead,Yes,Contact From Object,,Animal,Outside Force,,,,,
Vegetation,Urban,Less Than .25 Acres,Utility,12000,Conductor - Primary,Overhead,Yes,Other,,,,,,,,
Vegetation,Herbaceous,Less Than .25 Acres,Fire Agency,12000,Conductor - Primary,Overhead,Yes,Contact From Object,,Other,Other,,,,,
Vegetation,Herbaceous,.26 - 9.99 Acres,Fire Agency,12000,Conductor - Primary,Overhead,Yes,Contact From Object,,Animal,Outside Force,,,,,
Vegetation,Hardwood Woodland,Less Than .25 Acres,Fire Agency,12000,Conductor - Primary,Overhead,Yes,Contact From Object,,Vegetation,Outside Force,,,,,
Vegetation,Urban,Less than three {3} meters of linear travel,Fire Agency,21000,Conductor - Primary,Overhead,Yes,Contact From Object,,Vehicle,Human Error,,,,,
Vegetation,Urban,Less Than .25 Acres,Fire Agency,12000,Transformer,Overhead,Yes,Equipment/Facility Failure,Transformer,,,,,,,
Vegetation,Agriculture,Less than three {3} meters of linear travel,Fire Agency,12000,Pole,Overhead,Yes,Contact From Object,,Vehicle,Human Error,,,,,
Vegetation,Herbaceous,Less than three {3} meters of linear travel,Fire Agency,12000,Conductor - Primary,Overhead,Yes,Contact From Object,,Vegetation,Outside Force,,,,,
Vegetation,Urban,Less than three {3} meters of linear travel,Fire Agency,750,Conductor - Open Wire Secondary,Overhead,Yes,Equipment/Facility Failure,Conductor - Open Wire Secondary,,,,,,,
Vegetation,Desert Shrub,.26 - 9.99 Acres,Fire Agency,12000,Conductor - Primary,Overhead,Yes,Contact From Object,,Animal,Outside Force,,,,,
Vegetation,Urban,Less Than .25 Acres,Fire Agency,12000,Conductor - Primary,Overhead,Yes,Contact From Object,,Vegetation,Outside Force,,,,,
Vegetation,Herbaceous,Less Than .25 Acres,Fire Agency,12000,Automatic Wire Splice,Overhead,Yes,Equipment/Facility Failure,Automatic Wire Splice,,,,,,,
Vegetation,Urban,.26 - 9.99 Acres,Fire Agency,12000,Conductor - Primary,Overhead,Yes,Contact From Object,,Vegetation,Outside Force,,,,,
Vegetation,Urban,.26 - 9.99 Acres,Fire Agency,750,Conductor - Racked Secondary,Overhead,Yes,Contact From Object,,Other,Weather,,,,,
Vegetation,Agriculture,Less Than .25 Acres,Self Extinguished,12000,Conductor - Primary,Overhead,Yes,Contact From Object,,Animal,Outside Force,,,,,
Vegetation,Agriculture,Less Than .25 Acres,Fire Agency,12000,Conductor - Primary,Overhead,Yes,Contact From Object,,Vegetation,Outside Force,,,,,
Vegetation,Urban,Less Than .25 Acres,Fire Agency,12000,Conductor - Primary,Overhead,Yes,Contact From Object,,Other,Other,,,,,
Other,Agriculture,Less Than .25 Acres,Fire Agency,21000,Conductor - Primary,Overhead,Yes,Contact From Object,,Other,Other,,,,,
Vegetation,Conifer Forest,Less Than .25 Acres,Fire Agency,12000,Capacitor Bank,Overhead,Yes,Equipment/Facility Failure,Capacitor Bank,,,,,,,
Vegetation,Herbaceous,Less than three {3} meters of linear travel,Unknown,21000,Conductor - Primary,Overhead,Yes,Contact From Object,,Balloon,Outside Force,,,,,
Vegetation,Agriculture,Less Than .25 Acres,Fire Agency,12000,Conductor - Primary,Overhead,Yes,Equipment/Facility Failure,Conductor - Primary,,,,,,,
Other,Agriculture,.26 - 9.99 Acres,Utility,12000,Conductor - Primary,Overhead,Yes,Contact From Object,,Vehicle,Human Error,,,,,
Other,Agriculture,Less Than .25 Acres,Fire Agency,12000,Conductor - Primary,Overhead,Yes,Contact From Object,,Vehicle,Human Error,,,,,
Vegetation,Urban,Less Than .25 Acres,Fire Agency,21000,Switch,Overhead,Yes,Contact From Object,,Balloon,Outside Force,,,,,
Vegetation,Herbaceous,Less Than .25 Acres,Fire Agency,12000,Transformer,Overhead,Yes,Contact From Object,,Animal,Outside Force,,,,,
Vegetation,Herbaceous,.26 - 9.99 Acres,Fire Agency,12000,Conductor - Primary,Overhead,Yes,Equipment/Facility Failure,Conductor - Primary,,,,,,,
Other,Herbaceous,Less Than .25 Acres,Fire Agency,12000,Conductor - Primary,Overhead,Yes,Contact From Object,,Animal,Outside Force,,,,,
Vegetation,Agriculture,Less Than .25 Acres,Fire Agency,12000,Lightning Arrestor,Overhead,Yes,Contact From Object,,Animal,Outside Force,,,,,
Vegetation,Hardwood Forest,.26 - 9.99 Acres,Fire Agency,12000,Conductor - Primary,Overhead,Yes,Contact From Object,,Vegetation,Human Error,,,,,
Vegetation,Urban,Less Than .25 Acres,Fire Agency,21000,Conductor - Primary,Overhead,Yes,Contact From Object,,Other,Other,,,,,
Building,Urban,Less Than .25 Acres,Fire Agency,750,Conductor - Secondary,Overhead,Yes,Equipment/Facility Failure,Conductor - Secondary,,,,,,,
Vegetation,Herbaceous,10 - 99 Acres,Fire Agency,17000,Conductor - Primary,Overhead,Yes,Contact From Object,,Vehicle,Human Error,,,,,
Vegetation,Agriculture,Less Than .25 Acres,Fire Agency,750,Service Drop,Overhead,Yes,Contact From Object,,Vegetation,Outside Force,,,,,
Vegetation,Urban,Less Than .25 Acres,Fire Agency,12000,Transformer,Overhead,Yes,Equipment/Facility Failure,Transformer,,,,,,,
Other,Agriculture,Less than three {3} meters of linear travel,Fire Agency,12000,Conductor - Primary,Overhead,Yes,Equipment/Facility Failure,Conductor - Primary,,,,,,,
Other,Urban,Less than three {3} meters of linear travel,Fire Agency,12000,Transformer,Subsurface,Yes,Equipment/Facility Failure,Transformer,,,,,,,
Vegetation,Urban,Less Than .25 Acres,Fire Agency,240,Service Drop,Overhead,Yes,Contact From Object,,Vegetation,Outside Force,,,,,
Other,Urban,Less Than .25 Acres,Fire Agency,21000,Switch,Subsurface,Yes,Equipment/Facility Failure,Switch,,,,,,,
Other,Agriculture,Less Than .25 Acres,Fire Agency,12000,Transformer,Overhead,Yes,Equipment/Facility Failure,Transformer,,,,,,,
Vegetation,Urban,Less than three {3} meters of linear travel,Customer,750,Service Drop,Overhead,Yes,Contact From Object,,Vegetation,Outside Force,,,,,
Vegetation,Urban,.26 - 9.99 Acres,Fire Agency,12000,Automatic Wire Splice,Overhead,Yes,Equipment/Facility Failure,Automatic Wire Splice,,,,,,,
Vegetation,Herbaceous,Less Than .25 Acres,Fire Agency,12000,Conductor - Primary,Overhead,Yes,Equipment/Facility Failure,Conductor - Primary,,,,,,,
Vegetation,Herbaceous,Less Than .25 Acres,Fire Agency,21000,Conductor - Primary,Overhead,Yes,Contact From Object,,Vegetation,Outside Force,,,,,
Vegetation,Agriculture,Less Than .25 Acres,Customer,750,Connector,Overhead,Yes,Equipment/Facility Failure,Connector,,,,,,,
Vegetation,Herbaceous,.26 - 9.99 Acres,Fire Agency,17000,Conductor - Primary,Overhead,Yes,Contact From Object,,Animal,Outside Force,,,,,
Vegetation,Agriculture,Less than three {3} meters of linear travel,Fire Agency,12000,Conductor - Primary,Overhead,Yes,Contact From Object,,Vegetation,Outside Force,,,,,
Vegetation,Herbaceous,.26 - 9.99 Acres,Fire Agency,12000,Conductor - Primary,Overhead,Yes,Contact From Object,,Animal,Outside Force,,,,,
Vegetation,Herbaceous,Less Than .25 Acres,Fire Agency,12000,Conductor - Primary,Overhead,Yes,Contact From Object,,Vegetation,Outside Force,,,,,
Vegetation,Herbaceous,10 - 99 Acres,Fire Agency,60000,Pole,Overhead,Yes,Contact From Object,,Vehicle,Human Error,,,,,
Vegetation,Herbaceous,Less Than .25 Acres,Fire Agency,17000,Transformer,Overhead,No,Contact From Object,,Animal,Outside Force,,,,,
Vegetation,Urban,Less than three {3} meters of linear travel,Fire Agency,12000,Riser,Overhead,Yes,Contact From Object,,Balloon,Outside Force,,,,,
Vegetation,Urban,Less than three {3} meters of linear travel,Fire Agency,240,Conductor - Open Wire Secondary,Overhead,Yes,Contact From Object,,Other,Weather,,,,,
Vegetation,Herbaceous,.26 - 9.99 Acres,Fire Agency,12000,Conductor - Primary,Overhead,Yes,Contact From Object,,Animal,Outside Force,,,,,
Vegetation,Herbaceous,Less Than .25 Acres,Utility,21000,Transformer,Overhead,Yes,Equipment/Facility Failure,Transformer,,,,,,,
Vegetation,Urban,Less Than .25 Acres,Fire Agency,12000,Voltage Regulator,Overhead,Yes,Equipment/Facility Failure,Voltage Regulator,,,,,,,
Vegetation,Agriculture,.26 - 9.99 Acres,Fire Agency,12000,Conductor - Primary,Overhead,Yes,Contact From Object,,Vehicle,Human Error,,,,,
Vegetation,Urban,Less Than .25 Acres,Fire Agency,12000,Conductor - Primary,Overhead,Yes,Contact From Object,,Other,Human Error,,,,,
Other,Agriculture,Less than three {3} meters of linear travel,Self Extinguished,12000,Lightning Arrestor,Overhead,Yes,Contact From Object,,Animal,Outside Force,,,,,
Vegetation,Herbaceous,.26 - 9.99 Acres,Fire Agency,21000,Conductor - Primary,Overhead,Yes,Equipment/Facility Failure,Conductor - Primary,,,,,,,
Vegetation,Urban,Less Than .25 Acres,Fire Agency,750,Connector,Overhead,Yes,Equipment/Facility Failure,Connector,,,,,,,
Vegetation,Urban,Less than three {3} meters of linear travel,Unknown,750,Transformer,Overhead,Yes,Equipment/Facility Failure,Transformer,,,,,,,
Vegetation,Conifer Forest,.26 - 9.99 Acres,Fire Agency,12000,Conductor - Primary,Overhead,Yes,Contact From Object,,Vegetation,Outside Force,,,,,
Vegetation,Urban,.26 - 9.99 Acres,Fire Agency,240,Conductor - Open Wire Secondary,Overhead,Yes,Contact From Object,,Vegetation,Outside Force,,,,,
Vegetation,Herbaceous,Less than three {3} meters of linear travel,Fire Agency,12000,Conductor - Primary,Overhead,Yes,Contact From Object,,Vegetation,Outside Force,,,,,
Vegetation,Herbaceous,Less than three {3} meters of linear travel,Fire Agency,120,Conductor - Insulated Secondary,Overhead,Yes,Equipment/Facility Failure,Conductor - Insulated Secondary,,,,,,,
Vegetation,Urban,Less Than .25 Acres,Fire Agency,21000,Crossarm,Overhead,Yes,Wire-Wire Contact,,,Weather,,,,,
Vegetation,Agriculture,Less than three {3} meters of linear travel,Utility,12000,Transformer,Overhead,Yes,Contact From Object,,Animal,Outside Force,,,,,
Other,Urban,Less than three {3} meters of linear travel,Fire Agency,750,Connector,Overhead,Yes,Equipment/Facility Failure,Connector,,,,,,,
Vegetation,Conifer Forest,Less Than .25 Acres,Fire Agency,12000,Automatic Wire Splice,Overhead,Yes,Equipment/Facility Failure,Automatic Wire Splice,,,,,,,
Vegetation,Urban,Less Than .25 Acres,Unknown,12000,Conductor - Primary,Overhead,Yes,Contact From Object,,Vehicle,Human Error,,,,,
Vegetation,Urban,Less Than .25 Acres,Fire Agency,240,Conductor - Insulated Secondary,Overhead,Yes,Contact From Object,,Vegetation,Outside Force,,,,,
Vegetation,Urban,Less than three {3} meters of linear travel,Fire Agency,750,Service Drop,Overhead,Yes,Equipment/Facility Failure,Service Drop,,,,,,,
Vegetation,Urban,Less Than .25 Acres,Fire Agency,21000,Riser,Overhead,Yes,Equipment/Facility Failure,Riser,,,,,,,
Vegetation,Herbaceous,Less Than .25 Acres,Fire Agency,12000,Conductor - Primary,Overhead,Yes,Vandalism/Theft,,,,,,,,
Vegetation,Agriculture,Less than three {3} meters of linear travel,Unknown,750,Connector,Overhead,Yes,Equipment/Facility Failure,Connector,,,,,,,
Vegetation,Herbaceous,.26 - 9.99 Acres,Fire Agency,21000,Conductor - Primary,Overhead,Yes,Equipment/Facility Failure,Conductor - Primary,,,,,,,
Vegetation,Urban,Less Than .25 Acres,Fire Agency,240,Conductor - Open Wire Secondary,Overhead,Yes,Contact From Object,,Vegetation,Outside Force,,,,,
Vegetation,Herbaceous,Less Than .25 Acres,Fire Agency,240,Conductor - Racked Secondary,Overhead,Yes,Contact From Object,,Vegetation,Outside Force,,,,,
Other,Agriculture,Less Than .25 Acres,Fire Agency,12000,Conductor - Primary,Overhead,Yes,Contact From Object,,Animal,Outside Force,,,,,
Vegetation,Hardwood Woodland,Less Than .25 Acres,Fire Agency,12000,Other,Overhead,Yes,Contact From Object,,Other,Human Error,,,,,
Other,Urban,Less than three {3} meters of linear travel,Self Extinguished,12000,Switch,Overhead,Yes,Vandalism/Theft,,,,,,,,
Vegetation,Urban,Less than three {3} meters of linear travel,Fire Agency,12000,Pole,Overhead,Yes,Contact From Object,,Vehicle,Human Error,,,,,
Other,Urban,Less than three {3} meters of linear travel,Fire Agency,12000,Parallel Groove Clamp,Overhead,Yes,Equipment/Facility Failure,Parallel Groove Clamp,,,,,,,
Vegetation,Urban,Less Than .25 Acres,Fire Agency,750,Tap Clamp,Overhead,Yes,Equipment/Facility Failure,Tap Clamp,,,,,,,
Other,Urban,Less than three {3} meters of linear travel,Fire Agency,750,Conductor - Primary,Overhead,Yes,Equipment/Facility Failure,Conductor - Primary,,,,,,,
Vegetation,Urban,Less Than .25 Acres,Fire Agency,12000,Conductor - Primary,Overhead,Yes,Equipment/Facility Failure,Conductor - Primary,,,,,,,
Vegetation,Urban,Less Than .25 Acres,Fire Agency,240,Conductor - Open Wire Secondary,Overhead,Yes,Equipment/Facility Failure,Conductor - Open Wire Secondary,,,,,,,
Vegetation,Herbaceous,.26 - 9.99 Acres,Fire Agency,21000,Conductor - Primary,Overhead,Yes,Contact From Object,,Vegetation,Outside Force,,,,,
Building,Urban,.26 - 9.99 Acres,Fire Agency,750,Unknown,Overhead,Yes,Unknown,,,,,,,,
Vegetation,Hardwood Woodland,Less Than .25 Acres,Fire Agency,12000,Pole,Overhead,Yes,Contact From Object,,Vehicle,Human Error,,,,,
Vegetation,Agriculture,.26 - 9.99 Acres,Fire Agency,12000,Pole,Overhead,Yes,Equipment/Facility Failure,Pole,,,,,,,
Vegetation,Agriculture,Less Than .25 Acres,Unknown,12000,Parallel Groove Clamp,Overhead,Yes,Equipment/Facility Failure,Parallel Groove Clamp,,,,,,,
Vegetation,Urban,Less Than .25 Acres,Fire Agency,12000,Connector,Overhead,Yes,Equipment/Facility Failure,Connector,,,,,,,
Vegetation,Hardwood Woodland,Less Than .25 Acres,Fire Agency,12000,Conductor - Primary,Overhead,Yes,Contact From Object,,Vegetation,Outside Force,,,,,
Vegetation,Urban,Less Than .25 Acres,Fire Agency,12000,Transformer,Subsurface,Yes,Equipment/Facility Failure,Transformer,,,,,,,
Vegetation,Agriculture,.26 - 9.99 Acres,Fire Agency,240,Conductor - Open Wire Secondary,Overhead,Yes,Contact From Object,,Vegetation,Outside Force,,,,,
Vegetation,Urban,Less Than .25 Acres,Self Extinguished,750,Crossarm,Overhead,Yes,Equipment/Facility Failure,Crossarm,,,,,,,
Vegetation,Conifer Forest,Less Than .25 Acres,Fire Agency,21000,Conductor - Primary,Overhead,Yes,Contact From Object,,Vegetation,Outside Force,,,,,
Vegetation,Urban,Less Than .25 Acres,Fire Agency,750,Transformer,Overhead,Yes,Contact From Object,,Animal,Outside Force,,,,,
Vegetation,Herbaceous,Less Than .25 Acres,Fire Agency,115000,Conductor - Transmission,Overhead,Yes,Contact From Object,,Animal,Outside Force,,,,,
Vegetation,Urban,.26 - 9.99 Acres,Fire Agency,12000,Capacitor Bank,Overhead,Yes,Equipment/Facility Failure,Capacitor Bank,,,,,,,
Vegetation,Agriculture,Less Than .25 Acres,Fire Agency,12000,Pole,Overhead,Yes,Contact From Object,,Vehicle,Human Error,,,,,
Vegetation,Urban,Less than three {3} meters of linear travel,Customer,12000,Pole,Overhead,Yes,Contact From Object,,Vehicle,Human Error,,,,,
Vegetation,Herbaceous,10 - 99 Acres,Fire Agency,480,Connector,Overhead,Yes,Equipment/Facility Failure,Connector,,,,,,,
Vegetation,Hardwood Woodland,Less Than .25 Acres,Fire Agency,21000,Conductor - Primary,Overhead,Yes,Contact From Object,,Vegetation,Outside Force,,,,,
Vegetation,Herbaceous,Less Than .25 Acres,Fire Agency,21000,Pole,Overhead,Yes,Contact From Object,,Animal,Outside Force,,,,,
Vegetation,Agriculture,Less Than .25 Acres,Fire Agency,12000,Pole,Overhead,Yes,Equipment/Facility Failure,Pole,,,,,,,
Vegetation,Agriculture,10 - 99 Acres,Fire Agency,12000,Pole,Overhead,Yes,Contact From Object,,Animal,Outside Force,,,,,
Vegetation,Urban,Less Than .25 Acres,Fire Agency,12000,Conductor - Primary,Overhead,Yes,Contact From Object,,Animal,Outside Force,,,,,
Vegetation,Urban,Less Than .25 Acres,Unknown,12000,Pole,Overhead,Yes,Contact From Object,,Vehicle,Human Error,,,,,
Vegetation,Agriculture,Less Than .25 Acres,Fire Agency,12000,Conductor - Primary,Overhead,Yes,Contact From Object,,Animal,Outside Force,,,,,
Other,Agriculture,Less Than .25 Acres,Self Extinguished,12000,Transformer Bushing,Overhead,Yes,Contact From Object,,Animal,Outside Force,,,,,
Vegetation,Hardwood Woodland,.26 - 9.99 Acres,Fire Agency,12000,Conductor - Primary,Overhead,Yes,Contact From Object,,Vegetation,Outside Force,,,,,
Other,Urban,Less than three {3} meters of linear travel,Fire Agency,750,Parallel Groove Clamp,Overhead,Yes,Equipment/Facility Failure,Parallel Groove Clamp,,,,,,,
Other,Agriculture,Less Than .25 Acres,Fire Agency,12000,Conductor - Primary,Overhead,Yes,Other,,,,,,,,
Other,Agriculture,Less Than .25 Acres,Fire Agency,12000,Pole,Overhead,Yes,Contact From Object,,Vehicle,Human Error,,,,,
Vegetation,Urban,Less than three {3} meters of linear travel,Fire Agency,4160,Pole,Overhead,Yes,Contact From Object,,Vehicle,Human Error,,,,,
Other,Wetland,Less than three {3} meters of linear travel,Fire Agency,21000,Conductor - Primary,Overhead,Yes,Contact From Object,,Animal,Outside Force,,,,,
Other,Herbaceous,Less than three {3} meters of linear travel,Fire Agency,12000,Conductor - Primary,Overhead,Yes,Contact From Object,,Balloon,Outside Force,,,,,
Vegetation,Agriculture,.26 - 9.99 Acres,Fire Agency,12000,Conductor - Primary,Overhead,Yes,Contact From Object,,Balloon,Outside Force,,,,,
Vegetation,Urban,Less Than .25 Acres,Fire Agency,750,Connector,Overhead,Yes,Equipment/Facility Failure,Connector,,,,,,,
Vegetation,Agriculture,Less Than .25 Acres,Fire Agency,240,Service Drop,Overhead,Yes,Equipment/Facility Failure,Service Drop,,,,,,,
Vegetation,Herbaceous,100 - 299 Acres,Fire Agency,21000,Conductor - Primary,Overhead,Yes,Contact From Object,,Animal,Outside Force,,,,,
Vegetation,Herbaceous,Less Than .25 Acres,Fire Agency,21000,Switch,Overhead,Yes,Contact From Object,,Animal,Outside Force,,,,,
Vegetation,Hardwood Woodland,.26 - 9.99 Acres,Fire Agency,12000,Conductor - Primary,Overhead,Yes,Contact From Object,,Animal,Outside Force,,,,,
Vegetation,Urban,Less Than .25 Acres,Fire Agency,21000,Fuse,Overhead,Yes,Equipment/Facility Failure,Fuse,,,,,,,
Vegetation,Urban,.26 - 9.99 Acres,Fire Agency,12000,Splice Box,Subsurface,Yes,Equipment/Facility Failure,Splice Box,,,,,,,
Vegetation,Herbaceous,.26 - 9.99 Acres,Customer,12000,Conductor - Primary,Overhead,Yes,Contact From Object,,Animal,Outside Force,,,,,
Vegetation,Agriculture,Less Than .25 Acres,Fire Agency,12000,Conductor - Primary,Overhead,Yes,Equipment/Facility Failure,Conductor - Primary,,,,,,,
Vegetation,Urban,Less than three {3} meters of linear travel,Fire Agency,750,Service Drop,Overhead,Yes,Contact From Object,,Vegetation,Outside Force,,,,,
Vegetation,Hardwood Woodland,.26 - 9.99 Acres,Fire Agency,240,Service Drop,Overhead,Yes,Contact From Object,,Vegetation,Outside Force,,,,,
Vegetation,Urban,Less Than .25 Acres,Fire Agency,21000,Transformer,Overhead,Yes,Equipment/Facility Failure,Transformer,,,,,,,
Vegetation,Herbaceous,Less Than .25 Acres,Self Extinguished,12000,Conductor - Primary,Overhead,Yes,Equipment/Facility Failure,Conductor - Primary,,,,,,,
Vegetation,Desert Shrub,Less Than .25 Acres,Fire Agency,21000,Lightning Arrestor,Overhead,Yes,Contact From Object,,Animal,Outside Force,,,,,
Vegetation,Conifer Forest,Less than three {3} meters of linear travel,Fire Agency,12000,Fuse,Overhead,Yes,Equipment/Facility Failure,Fuse,,,,,,,
Vegetation,Agriculture,10 - 99 Acres,Fire Agency,12000,Unknown,Overhead,No,Contact From Object,,Animal,Outside Force,,,,,
Vegetation,Agriculture,Less Than .25 Acres,Fire Agency,12000,Jumper,Overhead,Yes,Contact From Object,,Animal,Outside Force,,,,,
Vegetation,Urban,Less than three {3} meters of linear travel,Fire Agency,750,Conductor - Secondary,Overhead,Yes,Contact From Object,,Vegetation,Outside Force,,,,,
Other,Urban,Less than three {3} meters of linear travel,Fire Agency,750,Conductor - Secondary,Overhead,Yes,Equipment/Facility Failure,Conductor - Secondary,,,,,,,
Vegetation,Hardwood Forest,Less than three {3} meters of linear travel,Customer,750,Conductor - Open Wire Secondary,Overhead,Yes,Contact From Object,,Vegetation,Outside Force,,,,,
Vegetation,Herbaceous,10 - 99 Acres,Unknown,60000,Conductor - Transmission,Overhead,Yes,Equipment/Facility Failure,Conductor - Transmission,,,,,,,
Vegetation,Urban,Less Than .25 Acres,Fire Agency,12000,Guy/Span Wire,Overhead,Yes,Contact From Object,,Vehicle,Human Error,,,,,
Vegetation,Urban,Less than three {3} meters of linear travel,Customer,750,Guy/Span Wire,Overhead,Yes,Other,,,,,,,,
Vegetation,Urban,Less Than .25 Acres,Fire Agency,12000,Jumper,Overhead,Yes,Other,,,,,,,,
Vegetation,Agriculture,Less Than .25 Acres,Fire Agency,12000,Crossarm,Overhead,Yes,Contact From Object,,Vegetation,Outside Force,,,,,
Vegetation,Urban,Less than three {3} meters of linear travel,Fire Agency,240,Pole,Overhead,Yes,Contact From Object,,Vegetation,Outside Force,,,,,
Vegetation,Urban,Less Than .25 Acres,Fire Agency,12000,Guy/Span Wire,Overhead,Yes,Equipment/Facility Failure,Guy/Span Wire,,,,,,,
Vegetation,Agriculture,Less Than .25 Acres,Fire Agency,12000,Conductor - Primary,Overhead,Yes,Contact From Object,,Animal,Outside Force,,,,,
Vegetation,Agriculture,Less Than .25 Acres,Fire Agency,12000,Pole,Overhead,Yes,Contact From Object,,Vegetation,Outside Force,,,,,
Vegetation,Conifer Forest,Less Than .25 Acres,Fire Agency,12000,Conductor - Primary,Overhead,Yes,Contact From Object,,Vegetation,Outside Force,,,,,
Vegetation,Urban,Less Than .25 Acres,Fire Agency,750,Conductor - Open Wire Secondary,Overhead,Yes,Equipment/Facility Failure,Conductor - Open Wire Secondary,,,,,,,
Vegetation,Agriculture,Less Than .25 Acres,Fire Agency,12000,Recloser,Overhead,Yes,Contact From Object,,Animal,Outside Force,,,,,
Vegetation,Agriculture,.26 - 9.99 Acres,Fire Agency,12000,Connector,Overhead,Yes,Other,,,,,,,,
Vegetation,Hardwood Woodland,Less Than .25 Acres,Fire Agency,750,Conductor - Secondary,Overhead,Yes,Contact From Object,,Vegetation,Outside Force,,,,,
Vegetation,Herbaceous,.26 - 9.99 Acres,Fire Agency,12000,Conductor - Primary,Overhead,Yes,Contact From Object,,Animal,Outside Force,,,,,
Vegetation,Urban,Less Than .25 Acres,Fire Agency,12000,Crossarm,Overhead,Yes,Equipment/Facility Failure,Crossarm,,,,,,,
Vegetation,Urban,Less Than .25 Acres,Fire Agency,12000,Capacitor Bank,Overhead,Yes,Equipment/Facility Failure,Capacitor Bank,,,,,,,
Vegetation,Urban,Less Than .25 Acres,Fire Agency,750,Service Drop,Overhead,Yes,Contact From Object,,Vegetation,Outside Force,,,,,
Vegetation,Urban,Less than three {3} meters of linear travel,Fire Agency,21000,Crossarm,Overhead,Yes,Equipment/Facility Failure,Crossarm,,,,,,,
Vegetation,Herbaceous,Less Than .25 Acres,Utility,12000,Riser,Overhead,Yes,Other,,,,,,,,
Vegetation,Herbaceous,.26 - 9.99 Acres,Fire Agency,12000,Conductor - Primary,Overhead,Yes,Vandalism/Theft,,,,,,,,
Vegetation,Urban,Less than three {3} meters of linear travel,Fire Agency,12000,Pole,Overhead,Yes,Contact From Object,,Vehicle,Human Error,,,,,
Vegetation,Agriculture,Less than three {3} meters of linear travel,Unknown,12000,Conductor - Primary,Overhead,Yes,Equipment/Facility Failure,Conductor - Primary,,,,,,,
Vegetation,Agriculture,Less than three {3} meters of linear travel,Self Extinguished,12000,Conductor - Primary,Overhead,Yes,Contact From Object,,Vegetation,Outside Force,,,,,
Vegetation,Conifer Forest,Less Than .25 Acres,Fire Agency,750,Compression Connector,Overhead,Yes,Other,,,,,,,,
Vegetation,Urban,Less than three {3} meters of linear travel,Fire Agency,12000,Conductor - Primary,Overhead,Yes,Contact From Object,,Vehicle,Human Error,,,,,
Other,Urban,Less than three {3} meters of linear travel,Fire Agency,750,Conductor - Secondary,Overhead,Yes,Contact From Object,,Animal,Outside Force,,,,,
Vegetation,Herbaceous,.26 - 9.99 Acres,Fire Agency,12000,Conductor - Primary,Overhead,Yes,Contact From Object,,Vegetation,Human Error,,,,,
Vegetation,Hardwood Woodland,.26 - 9.99 Acres,Fire Agency,115000,Conductor - Transmission,Overhead,Yes,Contact From Object,,Animal,Outside Force,,,,,
Vegetation,Urban,Less Than .25 Acres,Fire Agency,21000,Conductor - Primary,Overhead,Yes,Contact From Object,,Vegetation,Outside Force,,,,,
Vegetation,Urban,.26 - 9.99 Acres,Fire Agency,120,Connector,Overhead,Yes,Other,,,,,,,,
Vegetation,Herbaceous,Less Than .25 Acres,Fire Agency,750,Connector,Overhead,Yes,Contact From Object,,Other,Human Error,,,,,
Vegetation,Agriculture,Less Than .25 Acres,Unknown,240,Conductor - Secondary,Overhead,Yes,Vandalism/Theft,,,,,,,,
Vegetation,Agriculture,Less Than .25 Acres,Fire Agency,21000,Conductor - Primary,Overhead,Yes,Equipment/Facility Failure,Conductor - Primary,,,,,,,
Vegetation,Agriculture,Less Than .25 Acres,Fire Agency,12000,Transformer,Overhead,Yes,Equipment/Facility Failure,Transformer,,,,,,,
Vegetation,Herbaceous,Less Than .25 Acres,Fire Agency,12000,Pole,Overhead,Yes,Contact From Object,,Vehicle,Human Error,,,,,
Vegetation,Agriculture,Less than three {3} meters of linear travel,Fire Agency,12000,Connector,Overhead,Yes,Equipment/Facility Failure,Connector,,,,,,,
Vegetation,Hardwood Woodland,Less Than .25 Acres,Fire Agency,12000,Conductor - Primary,Overhead,Yes,Contact From Object,,Vegetation,Outside Force,,,,,
Vegetation,Hardwood Woodland,Less Than .25 Acres,Fire Agency,12000,Conductor - Primary,Overhead,Yes,Contact From Object,,Vegetation,Outside Force,,,,,
Vegetation,Urban,Less Than .25 Acres,Fire Agency,240,Service Drop,Overhead,Yes,Contact From Object,,Other,Other,,,,,
Other,Urban,.26 - 9.99 Acres,Fire Agency,12000,Recloser,Overhead,Yes,Equipment/Facility Failure,Recloser,,,,,,,
Vegetation,Urban,Less than three {3} meters of linear travel,Fire Agency,12000,Lightning Arrestor,Overhead,No,Contact From Object,,Animal,Outside Force,,,,,
Vegetation,Herbaceous,Less than three {3} meters of linear travel,Fire Agency,21000,Conductor - Primary,Overhead,Yes,Contact From Object,,Balloon,Outside Force,,,,,
Vegetation,Agriculture,10 - 99 Acres,Fire Agency,12000,Unknown,Overhead,Yes,Unknown,,,,,,,,
Vegetation,Herbaceous,Less Than .25 Acres,Fire Agency,60000,Connector,Overhead,Yes,Wire-Wire Contact,,,Weather,,,,,
Vegetation,Herbaceous,.26 - 9.99 Acres,Fire Agency,12000,Conductor - Primary,Overhead,Yes,Contact From Object,,Vegetation,Outside Force,,,,,
Vegetation,Urban,Less Than .25 Acres,Fire Agency,21000,Conductor - Primary,Overhead,Yes,Contact From Object,,Animal,Outside Force,,,,,
Vegetation,Urban,Less Than .25 Acres,Fire Agency,12000,Conductor - Primary,Overhead,Yes,Equipment/Facility Failure,Conductor - Primary,,,,,,,
Vegetation,Urban,Less than three {3} meters of linear travel,Utility,120,Transformer,Subsurface,Yes,Equipment/Facility Failure,Transformer,,,,,,,
Vegetation,Herbaceous,Less Than .25 Acres,Unknown,17000,Capacitor Bank,Overhead,Yes,Other,,,,,,,,
Vegetation,Herbaceous,Less Than .25 Acres,Self Extinguished,60000,Insulator,Overhead,Yes,Other,,,,,,,,
Vegetation,Herbaceous,Less than three {3} meters of linear travel,Self Extinguished,115000,Transformer,Overhead,Yes,Contact From Object,,Vehicle,Human Error,,,,,
Vegetation,Urban,Less than three {3} meters of linear travel,Utility,12000,Conductor - Primary,Overhead,Yes,Equipment/Facility Failure,Conductor - Primary,,,,,,,
Vegetation,Urban,Less Than .25 Acres,Fire Agency,12000,Transformer,Overhead,Yes,Equipment/Facility Failure,Transformer,,,,,,,
Other,Urban,Less Than .25 Acres,Fire Agency,12000,Connector,Overhead,Yes,Equipment/Facility Failure,Connector,,,,,,,
Vegetation,Herbaceous,.26 - 9.99 Acres,Fire Agency,21000,Conductor - Primary,Overhead,Yes,Equipment/Facility Failure,Conductor - Primary,,,,,,,
Vegetation,Herbaceous,.26 - 9.99 Acres,Fire Agency,12000,Automatic Wire Splice,Overhead,Yes,Equipment/Facility Failure,Automatic Wire Splice,,,,,,,
Vegetation,Urban,Less than three {3} meters of linear travel,Unknown,750,Conductor - Insulated Secondary,Overhead,Yes,Contact From Object,,Vegetation,Outside Force,,,,,
Other,Agriculture,Less than three {3} meters of linear travel,Fire Agency,12000,Pole,Overhead,Yes,Contact From Object,,Vehicle,Human Error,,,,,
Vegetation,Herbaceous,.26 - 9.99 Acres,Fire Agency,12000,Conductor - Primary,Overhead,Yes,Contact From Object,,Vehicle,Human Error,,,,,
Vegetation,Herbaceous,Less Than .25 Acres,Fire Agency,12000,Conductor - Primary,Overhead,Yes,Equipment/Facility Failure,Conductor - Primary,,,,,,,
Vegetation,Urban,Less than three {3} meters of linear travel,Unknown,21000,Pole,Overhead,Yes,Contact From Object,,Vehicle,Human Error,,,,,
Vegetation,Herbaceous,Less Than .25 Acres,Fire Agency,60000,Conductor - Transmission,Overhead,Yes,Contact From Object,,Other,Other,,,,,
Vegetation,Herbaceous,.26 - 9.99 Acres,Fire Agency,60000,Pole,Overhead,No,Contact From Object,,Other,Other,,,,,
Vegetation,Agriculture,10 - 99 Acres,Fire Agency,12000,Conductor - Primary,Overhead,Yes,Contact From Object,,Vehicle,Human Error,,,,,
Vegetation,Urban,Less Than .25 Acres,Unknown,750,Service Drop,Overhead,Yes,Contact From Object,,Vegetation,Outside Force,,,,,
Vegetation,Hardwood Woodland,.26 - 9.99 Acres,Fire Agency,12000,Conductor - Primary,Overhead,Yes,Contact From Object,,Balloon,Outside Force,,,,,
Vegetation,Agriculture,Less Than .25 Acres,Self Extinguished,12000,Conductor - Primary,Overhead,Yes,Equipment/Facility Failure,Conductor - Primary,,,,,,,
Building,Urban,Less Than .25 Acres,Fire Agency,240,Transformer,Overhead,Yes,Contact From Object,,Vehicle,Human Error,,,,,
Vegetation,Hardwood Woodland,.26 - 9.99 Acres,Fire Agency,12000,Insulator,Overhead,Yes,Equipment/Facility Failure,Insulator,,,,,,,
Vegetation,Urban,Less Than .25 Acres,Fire Agency,12000,Conductor - Primary,Overhead,Yes,Contact From Object,,Animal,Outside Force,,,,,
Vegetation,Urban,Less Than .25 Acres,Fire Agency,240,Service Drop,Overhead,No,Equipment/Facility Failure,Service Drop,,,,,,,
Vegetation,Urban,Less than three {3} meters of linear travel,Utility,750,Guy/Span Wire,Overhead,No,Wire-Wire Contact,,,Weather,,,,,
Vegetation,Herbaceous,.26 - 9.99 Acres,Fire Agency,12000,Conductor - Primary,Overhead,Yes,Contact From Object,,Vegetation,Outside Force,,,,,
Vegetation,Agriculture,.26 - 9.99 Acres,Self Extinguished,750,Fuse,Overhead,No,Vandalism/Theft,,,,,,,,
Vegetation,Urban,Less Than .25 Acres,Fire Agency,12000,Conductor - Primary,Overhead,Yes,Contact From Object,,Vegetation,Outside Force,,,,,
Vegetation,Herbaceous,.26 - 9.99 Acres,Fire Agency,21000,Pothead,Overhead,Yes,Contact From Object,,Animal,Outside Force,,,,,
Vegetation,Urban,Less Than .25 Acres,Fire Agency,21000,Conductor - Primary,Overhead,Yes,Contact From Object,,Vehicle,Human Error,,,,,
Other,Agriculture,Less Than .25 Acres,Fire Agency,21000,Switch,Overhead,Yes,Contact From Object,,Animal,Outside Force,,,,,
Vegetation,Agriculture,Less Than .25 Acres,Utility,12000,Conductor - Primary,Overhead,Yes,Equipment/Facility Failure,Conductor - Primary,,,,,,,
Vegetation,Urban,Less Than .25 Acres,Fire Agency,12000,Conductor - Primary,Overhead,Yes,Contact From Object,,Vehicle,Human Error,,,,,
Vegetation,Urban,Less Than .25 Acres,Fire Agency,21000,Potential Transformer,Overhead,Yes,Equipment/Facility Failure,Potential Transformer,,,,,,,
Vegetation,Urban,Less Than .25 Acres,Fire Agency,12000,Conductor - Primary,Overhead,Yes,Equipment/Facility Failure,Conductor - Primary,,,,,,,
Vegetation,Urban,Less Than .25 Acres,Fire Agency,240,Conductor - Secondary,Overhead,Yes,Wire-Wire Contact,,,Weather,,,,,
Vegetation,Herbaceous,100 - 299 Acres,Fire Agency,12000,Conductor - Primary,Overhead,Yes,Contact From Object,,Vegetation,Outside Force,,,,,
Vegetation,Urban,.26 - 9.99 Acres,Fire Agency,12000,Unknown,Overhead,Yes,Unknown,,,,,,,,
Vegetation,Agriculture,.26 - 9.99 Acres,Fire Agency,12000,Automatic Wire Splice,Overhead,Yes,Equipment/Facility Failure,Automatic Wire Splice,,,,,,,
Vegetation,Herbaceous,Less Than .25 Acres,Fire Agency,12000,Jumper,Overhead,No,Equipment/Facility Failure,Jumper,,,,,,,
Vegetation,Hardwood Woodland,Less Than .25 Acres,Customer,12000,Conductor - Primary,Overhead,Yes,Contact From Object,,Animal,Outside Force,,,,,
Vegetation,Urban,Less Than .25 Acres,Fire Agency,12000,Capacitor Bank,Overhead,Yes,Equipment/Facility Failure,Capacitor Bank,,,,,,,
Vegetation,Agriculture,Less Than .25 Acres,Fire Agency,12000,Conductor - Primary,Overhead,Yes,Vandalism/Theft,,,,,,,,
Vegetation,Urban,Less Than .25 Acres,Fire Agency,240,Conductor - Open Wire Secondary,Overhead,No,Contact From Object,,Other,Weather,,,,,
Vegetation,Hardwood Woodland,Less than three {3} meters of linear travel,Fire Agency,12000,Pole,Overhead,Yes,Contact From Object,,Vehicle,Human Error,,,,,
Vegetation,Herbaceous,Less Than .25 Acres,Fire Agency,21000,Crossarm,Overhead,No,Equipment/Facility Failure,Crossarm,,,,,,,
Vegetation,Conifer Forest,.26 - 9.99 Acres,Fire Agency,12000,Conductor - Primary,Overhead,Yes,Contact From Object,,Vegetation,Outside Force,,,,,
Vegetation,Urban,Less Than .25 Acres,Unknown,21000,Conductor - Primary,Overhead,Yes,Contact From Object,,Other,Human Error,,,,,
Vegetation,Herbaceous,Less than three {3} meters of linear travel,Fire Agency,12000,Conductor - Primary,Overhead,Yes,Contact From Object,,Vehicle,Human Error,,,,,
Vegetation,Agriculture,Less Than .25 Acres,Fire Agency,21000,Conductor - Primary,Overhead,Yes,Contact From Object,,Animal,Outside Force,,,,,
Vegetation,Herbaceous,Less than three {3} meters of linear travel,Fire Agency,12000,Pole,Overhead,Yes,Contact From Object,,Vehicle,Human Error,,,,,
Vegetation,Shrub,Less than three {3} meters of linear travel,Utility,12000,Conductor - Primary,Overhead,Yes,Contact From Object,,Vegetation,Outside Force,,,,,
Vegetation,Agriculture,.26 - 9.99 Acres,Fire Agency,12000,Pole,Overhead,Yes,Equipment/Facility Failure,Pole,,,,,,,
Building,Urban,Less than three {3} meters of linear travel,Unknown,21000,Capacitor Bank,Overhead,No,Contamination,,,,,,,,
Vegetation,Barren/Other,Less Than .25 Acres,Fire Agency,12000,Recloser,Overhead,Yes,Contact From Object,,Animal,Outside Force,,,,,
Vegetation,Urban,.26 - 9.99 Acres,Fire Agency,12000,Conductor - Primary,Overhead,Yes,Equipment/Facility Failure,Conductor - Primary,,,,,,,
Vegetation,Urban,Less Than .25 Acres,Fire Agency,750,Crossarm,Overhead,Yes,Equipment/Facility Failure,Crossarm,,,,,,,
Vegetation,Urban,Less Than .25 Acres,Fire Agency,750,Conductor - Open Wire Secondary,Overhead,Yes,Wire-Wire Contact,,,Weather,,,,,
Vegetation,Agriculture,Less Than .25 Acres,Fire Agency,21000,Conductor - Primary,Overhead,Yes,Vandalism/Theft,,,,,,,,
Vegetation,Urban,Less than three {3} meters of linear travel,Fire Agency,21000,Conductor - Primary,Overhead,Yes,Contact From Object,,Vegetation,Outside Force,,,,,
Vegetation,Desert Shrub,.26 - 9.99 Acres,Fire Agency,12000,Transformer,Overhead,Yes,Contact From Object,,Animal,Outside Force,,,,,
Vegetation,Agriculture,Less Than .25 Acres,Fire Agency,12000,Conductor - Primary,Overhead,Yes,Contact From Object,,Vehicle,Human Error,,,,,
Vegetation,Herbaceous,.26 - 9.99 Acres,Fire Agency,12000,Conductor - Primary,Overhead,Yes,Contact From Object,,Animal,Outside Force,,,,,
Vegetation,Hardwood Woodland,Less Than .25 Acres,Fire Agency,12000,Pole,Overhead,Yes,Contact From Object,,Vegetation,Outside Force,,,,,
Vegetation,Urban,Less Than .25 Acres,Fire Agency,12000,Jumper,Overhead,Yes,Equipment/Facility Failure,Jumper,,,,,,,
Vegetation,Conifer Forest,Less Than .25 Acres,Fire Agency,12000,Conductor - Primary,Overhead,Yes,Contact From Object,,Vegetation,Outside Force,,,,,
Vegetation,Herbaceous,Less Than .25 Acres,Fire Agency,12000,Fuse,Overhead,Yes,Equipment/Facility Failure,Fuse,,,,,,,
Vegetation,Herbaceous,Less Than .25 Acres,Self Extinguished,750,Connector,Overhead,Yes,Equipment/Facility Failure,Connector,,,,,,,
Vegetation,Herbaceous,Less Than .25 Acres,Fire Agency,12000,Pole,Overhead,Yes,Contact From Object,,Vehicle,Human Error,,,,,
Vegetation,Herbaceous,Less Than .25 Acres,Fire Agency,12000,Conductor - Primary,Overhead,Yes,Contact From Object,,Animal,Outside Force,,,,,
Vegetation,Herbaceous,10 - 99 Acres,Fire Agency,12000,Conductor - Primary,Overhead,Yes,Contact From Object,,Vehicle,Human Error,,,,,
Vegetation,Agriculture,Less than three {3} meters of linear travel,Fire Agency,12000,Recloser,Overhead,Yes,Contact From Object,,Animal,Outside Force,,,,,
Vegetation,Agriculture,Less Than .25 Acres,Fire Agency,21000,Conductor - Primary,Overhead,Yes,Contact From Object,,Other,Other,,,,,
Vegetation,Urban,Less Than .25 Acres,Fire Agency,240,Service Drop,Overhead,Yes,Contact From Object,,Vegetation,Outside Force,,,,,
Vegetation,Urban,Less Than .25 Acres,Utility,750,Conductor - Open Wire Secondary,Overhead,Yes,Contact From Object,,Vegetation,Outside Force,,,,,
Vegetation,Water,Less Than .25 Acres,Self Extinguished,12000,Conductor - Primary,Overhead,Yes,Contact From Object,,Animal,Outside Force,,,,,
Vegetation,Barren/Other,Less Than .25 Acres,Fire Agency,12000,Conductor - Primary,Overhead,Yes,Equipment/Facility Failure,Conductor - Primary,,,,,,,
Vegetation,Urban,Less Than .25 Acres,Fire Agency,12000,Conductor - Primary,Overhead,Yes,Contact From Object,,Vegetation,Outside Force,,,,,
Vegetation,Urban,.26 - 9.99 Acres,Fire Agency,750,Conductor - Open Wire Secondary,Overhead,Yes,Contact From Object,,Vegetation,Outside Force,,,,,
Vegetation,Herbaceous,Less than three {3} meters of linear travel,Fire Agency,21000,Unknown,Overhead,Yes,Equipment/Facility Failure,Unknown,,,,,,,
Vegetation,Urban,Less than three {3} meters of linear travel,Fire Agency,21000,Conductor - Primary,Overhead,Yes,Contact From Object,,Animal,Outside Force,,,,,
Vegetation,Urban,Less Than .25 Acres,Fire Agency,12000,Conductor - Primary,Overhead,Yes,Contact From Object,,Vehicle,Human Error,,,,,
Vegetation,Agriculture,Less than three {3} meters of linear travel,Self Extinguished,21000,Conductor - Primary,Overhead,Yes,Contact From Object,,Other,Other,,,,,
Vegetation,Urban,Less than three {3} meters of linear travel,Self Extinguished,12000,Conductor - Primary,Overhead,Yes,Contact From Object,,Vegetation,Outside Force,,,,,
Vegetation,Agriculture,10 - 99 Acres,Fire Agency,12000,Conductor - Primary,Overhead,Yes,Equipment/Facility Failure,Conductor - Primary,,,,,,,
Vegetation,Urban,Less than three {3} meters of linear travel,Fire Agency,12000,Transformer,Subsurface,Yes,Equipment/Facility Failure,Transformer,,,,,,,
Vegetation,Agriculture,Less Than .25 Acres,Fire Agency,12000,Automatic Wire Splice,Overhead,Yes,Equipment/Facility Failure,Automatic Wire Splice,,,,,,,
Vegetation,Urban,Less than three {3} meters of linear travel,Fire Agency,12000,Conductor - Primary,Overhead,Yes,Equipment/Facility Failure,Conductor - Primary,,,,,,,
Vegetation,Urban,Less than three {3} meters of linear travel,Fire Agency,12000,Automatic Wire Splice,Overhead,Yes,Equipment/Facility Failure,Automatic Wire Splice,,,,,,,
Vegetation,Urban,Less Than .25 Acres,Fire Agency,12000,Pothead,Overhead,Yes,Contact From Object,,Animal,Outside Force,,,,,
Vegetation,Urban,Less Than .25 Acres,Fire Agency,12000,Riser,Overhead,Yes,Equipment/Facility Failure,Riser,,,,,,,
Vegetation,Agriculture,Less Than .25 Acres,Customer,12000,Conductor - Primary,Overhead,Yes,Contact From Object,,Balloon,Outside Force,,,,,
Vegetation,Urban,Less than three {3} meters of linear travel,Fire Agency,12000,Conductor - Primary,Overhead,Yes,Contact From Object,,Animal,Outside Force,,,,,
Vegetation,Herbaceous,100 - 299 Acres,Fire Agency,21000,Connector,Overhead,Yes,Equipment/Facility Failure,Connector,,,,,,,
Vegetation,Urban,Less than three {3} meters of linear travel,Customer,4160,Guy/Span Wire,Overhead,Yes,Contact From Object,,Vehicle,Human Error,,,,,
Vegetation,Agriculture,.26 - 9.99 Acres,Fire Agency,12000,Transformer,Overhead,Yes,Vandalism/Theft,,,,,,,,
Vegetation,Herbaceous,Less Than .25 Acres,Fire Agency,12000,Conductor - Primary,Overhead,Yes,Equipment/Facility Failure,Conductor - Primary,,,,,,,
Vegetation,Urban,Structure Only,Fire Agency,12000,Unknown,Overhead,Yes,Unknown,,,,,,,,
Building,Urban,Structure Only,Fire Agency,240,Service Drop,Overhead,Yes,Other,,,,,,,,
Vegetation,Desert Shrub,Less Than .25 Acres,Fire Agency,12000,Conductor - Primary,Overhead,Yes,Vandalism/Theft,,,,,,,,
Vegetation,Hardwood Woodland,Less than three {3} meters of linear travel,Customer,240,Conductor - Open Wire Secondary,Overhead,Yes,Contact From Object,,Vegetation,Outside Force,,,,,
Vegetation,Urban,Less than three {3} meters of linear travel,Fire Agency,240,Service Drop,Overhead,Yes,Contact From Object,,Animal,Outside Force,,,,,
Vegetation,Urban,Less Than .25 Acres,Fire Agency,70000,Conductor - Transmission,Overhead,Yes,Equipment/Facility Failure,Conductor - Transmission,,,,,,,
Vegetation,Desert Shrub,Less Than .25 Acres,Self Extinguished,12000,Connector,Overhead,Yes,Equipment/Facility Failure,Connector,,,,,,,
Vegetation,Urban,Less than three {3} meters of linear travel,Fire Agency,12000,Conductor - Primary,Overhead,Yes,Contact From Object,,Balloon,Outside Force,,,,,
Other,Urban,Less Than .25 Acres,Fire Agency,12000,Switch,Subsurface,Yes,Equipment/Facility Failure,Switch,,,,,,,
Building,Urban,Structure Only,Fire Agency,240,Service Drop,Overhead,Yes,Contact From Object,,Vegetation,Outside Force,,,,,
Building,Conifer Forest,Structure Only,Fire Agency,240,Service Drop,Overhead,Yes,Contact From Object,,Vegetation,Outside Force,,,,,
Vegetation,Herbaceous,Less Than .25 Acres,Fire Agency,12000,Transformer,Overhead,Yes,Contact From Object,,Animal,Outside Force,,,,,
Vegetation,Agriculture,Less than three {3} meters of linear travel,Fire Agency,21000,Conductor - Primary,Overhead,Yes,Equipment/Facility Failure,Conductor - Primary,,,,,,,
Vegetation,Agriculture,Less Than .25 Acres,Fire Agency,12000,Conductor - Primary,Overhead,Yes,Contact From Object,,Balloon,Outside Force,,,,,
Other,Agriculture,Less than three {3} meters of linear travel,Unknown,12000,Pole,Overhead,Yes,Contamination,,,,,,,,
Vegetation,Agriculture,Less Than .25 Acres,Fire Agency,12000,Conductor - Primary,Overhead,Yes,Equipment/Facility Failure,Conductor - Primary,,,,,,,
Vegetation,Urban,Less than three {3} meters of linear travel,Self Extinguished,21000,Conductor - Primary,Overhead,Yes,Equipment/Facility Failure,Conductor - Primary,,,,,,,
Vegetation,Conifer Forest,Less Than .25 Acres,Fire Agency,21000,Conductor - Primary,Overhead,Yes,Other,,,,,,,,
Other,Urban,Structure Only,Fire Agency,750,Conductor - Service Neutral,Overhead,Yes,Equipment/Facility Failure,Conductor - Service Neutral,,,,,,,
Other,Herbaceous,Less Than .25 Acres,Fire Agency,12000,Pole,Overhead,Yes,Contamination,,,,,,,,
Vegetation,Urban,Less than three {3} meters of linear travel,Customer,21000,Transformer,Overhead,Yes,Equipment/Facility Failure,Transformer,,,,,,,
Vegetation,Urban,Less than three {3} meters of linear travel,Fire Agency,12000,Conductor - Primary,Overhead,Yes,Contact From Object,,Vegetation,Outside Force,,,,,
Building,Urban,Less Than .25 Acres,Fire Agency,750,Service Drop,Overhead,No,Equipment/Facility Failure,Service Drop,,,,,,,
Vegetation,Agriculture,Less than three {3} meters of linear travel,Fire Agency,12000,Recloser,Overhead,Yes,Contact From Object,,Animal,Outside Force,,,,,
Vegetation,Agriculture,.26 - 9.99 Acres,Fire Agency,12000,Insulator,Overhead,Yes,Contact From Object,,Vegetation,Outside Force,,,,,
Vegetation,Herbaceous,Less Than .25 Acres,Fire Agency,12000,Conductor - Primary,Overhead,Yes,Equipment/Facility Failure,Conductor - Primary,,,,,,,
Vegetation,Agriculture,Less Than .25 Acres,Self Extinguished,12000,Cutout,Overhead,No,Equipment/Facility Failure,Cutout,,,,,,,
Other,Agriculture,Less Than .25 Acres,Fire Agency,12000,Conductor - Primary,Overhead,Yes,Contact From Object,,Vehicle,Human Error,,,,,
Other,Urban,Less than three {3} meters of linear travel,Fire Agency,12000,Conductor - Primary,Overhead,Yes,Equipment/Facility Failure,Conductor - Primary,,,,,,,
Vegetation,Agriculture,.26 - 9.99 Acres,Fire Agency,70000,Pole,Overhead,Yes,Contact From Object,,Vehicle,Human Error,,,,,
Vegetation,Herbaceous,.26 - 9.99 Acres,Fire Agency,480,Transformer Bushing,Overhead,Yes,Contact From Object,,Animal,Outside Force,,,,,
Vegetation,Desert Shrub,.26 - 9.99 Acres,Fire Agency,12000,Conductor - Primary,Overhead,Yes,Vandalism/Theft,,,,,,,,
Vegetation,Herbaceous,Less Than .25 Acres,Fire Agency,12000,Pole,Overhead,Yes,Contact From Object,,Vehicle,Human Error,,,,,
Vegetation,Agriculture,Less than three {3} meters of linear travel,Fire Agency,12000,Pole,Overhead,Yes,Contact From Object,,Vehicle,Human Error,,,,,
Vegetation,Urban,.26 - 9.99 Acres,Fire Agency,21000,Conductor - Primary,Overhead,Yes,Other,,,,,,,,
Vegetation,Herbaceous,.26 - 9.99 Acres,Fire Agency,12000,Conductor - Primary,Overhead,Yes,Equipment/Facility Failure,Conductor - Primary,,,,,,,
Vegetation,Herbaceous,10 - 99 Acres,Fire Agency,12000,Conductor - Primary,Overhead,Yes,Contact From Object,,Animal,Outside Force,,,,,
Vegetation,Urban,.26 - 9.99 Acres,Fire Agency,750,Conductor - Open Wire Secondary,Overhead,Yes,Contact From Object,,Vegetation,Outside Force,,,,,
Building,Urban,Structure Only,Fire Agency,240,Service Drop,Overhead,Yes,Contact From Object,,Vegetation,Outside Force,,,,,
Vegetation,Herbaceous,300 - 999 Acres,Fire Agency,12000,Conductor - Primary,Overhead,Yes,Contact From Object,,Animal,Outside Force,,,,,
Vegetation,Urban,Less Than .25 Acres,Fire Agency,12000,Voltage Regulator,Overhead,Yes,Equipment/Facility Failure,Voltage Regulator,,,,,,,
Vegetation,Herbaceous,Less Than .25 Acres,Fire Agency,12000,Transformer,Overhead,Yes,Contact From Object,,Vehicle,Human Error,,,,,
Vegetation,Urban,.26 - 9.99 Acres,Fire Agency,12000,Conductor - Primary,Overhead,Yes,Contact From Object,,Vehicle,Human Error,,,,,
Vegetation,Herbaceous,Less Than .25 Acres,Self Extinguished,70000,Conductor - Transmission,Overhead,Yes,Equipment/Facility Failure,Conductor - Transmission,,,,,,,
Vegetation,Urban,Less Than .25 Acres,Fire Agency,12000,Connector,Overhead,No,Equipment/Facility Failure,Connector,,,,,,,
Vegetation,Urban,Less Than .25 Acres,Fire Agency,12000,Conductor - Primary,Overhead,Yes,Contact From Object,,Vegetation,Outside Force,,,,,
Vegetation,Urban,Less Than .25 Acres,Fire Agency,12000,Conductor - Primary,Overhead,Yes,Equipment/Facility Failure,Conductor - Primary,,,,,,,
Vegetation,Barren/Other,Less Than .25 Acres,Unknown,70000,Conductor - Transmission,Overhead,Yes,Other,,,Weather,,,,,
Vegetation,Urban,Less than three {3} meters of linear travel,Fire Agency,240,Conductor - Open Wire Secondary,Overhead,No,Wire-Wire Contact,,,Weather,,,,,
Vegetation,Conifer Forest,Less Than .25 Acres,Fire Agency,12000,Conductor - Primary,Overhead,Yes,Contact From Object,,Vegetation,Outside Force,,,,,
Vegetation,Hardwood Woodland,Less Than .25 Acres,Fire Agency,12000,Conductor - Primary,Overhead,Yes,Contact From Object,,Vegetation,Outside Force,,,,,
Vegetation,Conifer Forest,Less than three {3} meters of linear travel,Fire Agency,12000,Conductor - Primary,Overhead,Yes,Contact From Object,,Vegetation,Outside Force,,,,,
Vegetation,Urban,Less Than .25 Acres,Fire Agency,12000,Conductor - Primary,Overhead,Yes,Wire-Wire Contact,,,,,,,,
Vegetation,Agriculture,Less Than .25 Acres,Fire Agency,21000,Conductor - Primary,Overhead,Yes,Contact From Object,,Vegetation,Outside Force,,,,,
Vegetation,Hardwood Woodland,.26 - 9.99 Acres,Fire Agency,12000,Conductor - Primary,Overhead,Yes,Wire-Wire Contact,,,,,,,,
Vegetation,Water,Less Than .25 Acres,Fire Agency,12000,Conductor - Primary,Overhead,Yes,Equipment/Facility Failure,Conductor - Primary,,,,,,,
Vegetation,Herbaceous,Less Than .25 Acres,Fire Agency,12000,Conductor - Primary,Overhead,Yes,Contact From Object,,Vegetation,Outside Force,,,,,
Vegetation,Agriculture,Less Than .25 Acres,Fire Agency,12000,Conductor - Primary,Overhead,Yes,Other,,,,,,,,
Vegetation,Urban,Less than three {3} meters of linear travel,Fire Agency,750,Conductor - Open Wire Secondary,Overhead,No,Contact From Object,,Vegetation,Outside Force,,,,,
Vegetation,Urban,Less than three {3} meters of linear travel,Fire Agency,21000,Switch,Subsurface,Yes,Equipment/Facility Failure,Switch,,,,,,,
Vegetation,Wetland,Less Than .25 Acres,Fire Agency,12000,Conductor - Primary,Overhead,Yes,Contact From Object,,Balloon,Outside Force,,,,,
Vegetation,Urban,Less Than .25 Acres,Fire Agency,750,Conductor - Open Wire Secondary,Overhead,Yes,Contact From Object,,Vegetation,Outside Force,,,,,
Vegetation,Urban,Less than three {3} meters of linear travel,Unknown,750,Service Drop,Overhead,Yes,Contact From Object,,Vegetation,Outside Force,,,,,
Vegetation,Herbaceous,Less Than .25 Acres,Self Extinguished,12000,Pole,Overhead,Yes,Contact From Object,,Vehicle,Human Error,,,,,
Vegetation,Agriculture,Less Than .25 Acres,Fire Agency,115000,Insulator,Overhead,Yes,Contact From Object,,Animal,Outside Force,,,,,
Vegetation,Herbaceous,Less Than .25 Acres,Fire Agency,12000,Conductor - Primary,Overhead,Yes,Contact From Object,,Animal,Outside Force,,,,,
Vegetation,Urban,Less than three {3} meters of linear travel,Customer,120,Service Drop,Overhead,Yes,Contact From Object,,Vegetation,Outside Force,,,,,
Vegetation,Agriculture,10 - 99 Acres,Fire Agency,60000,Pole,Overhead,Yes,Contact From Object,,Vehicle,Human Error,,,,,
Vegetation,Wetland,.26 - 9.99 Acres,Fire Agency,21000,Conductor - Primary,Overhead,Yes,Contact From Object,,Animal,Outside Force,,,,,
Vegetation,Herbaceous,Less than three {3} meters of linear travel,Unknown,21000,Conductor - Primary,Overhead,Yes,Equipment/Facility Failure,Conductor - Primary,,,,,,,
Vegetation,Herbaceous,Less Than .25 Acres,Fire Agency,12000,Pole,Overhead,Yes,Contact From Object,,Vegetation,Outside Force,,,,,
Vegetation,Urban,Less Than .25 Acres,Fire Agency,12000,Cutout,Overhead,Yes,Equipment/Facility Failure,Cutout,,,,,,,
Vegetation,Agriculture,Less Than .25 Acres,Fire Agency,750,Service Drop,Overhead,Yes,Contact From Object,,Vegetation,Outside Force,,,,,
Vegetation,Herbaceous,Less Than .25 Acres,Customer,12000,Connector,Overhead,Yes,Equipment/Facility Failure,Connector,,,,,,,
Vegetation,Herbaceous,Less than three {3} meters of linear travel,Unknown,70000,Conductor - Transmission,Overhead,Yes,Contact From Object,,Animal,Outside Force,,,,,
Vegetation,Urban,.26 - 9.99 Acres,Fire Agency,12000,Capacitor Bank,Overhead,No,Contact From Object,,Animal,Outside Force,,,,,
Vegetation,Agriculture,Less Than .25 Acres,Fire Agency,12000,Conductor - Primary,Overhead,Yes,Wire-Wire Contact,,,,,,,,
Vegetation,Herbaceous,10 - 99 Acres,Fire Agency,115000,Switch,Overhead,Yes,Contact From Object,,Animal,Outside Force,,,,,
Vegetation,Agriculture,Less than three {3} meters of linear travel,Fire Agency,12000,Conductor - Primary,Overhead,Yes,Contact From Object,,Vegetation,Outside Force,,,,,
Vegetation,Urban,Less than three {3} meters of linear travel,Fire Agency,21000,Jumper,Overhead,Yes,Contact From Object,,Animal,Outside Force,,,,,
Vegetation,Conifer Forest,Less than three {3} meters of linear travel,Fire Agency,12000,Conductor - Primary,Overhead,Yes,Contact From Object,,Vegetation,Outside Force,,,,,
Vegetation,Agriculture,Less than three {3} meters of linear travel,Fire Agency,750,Connector,Overhead,Yes,Equipment/Facility Failure,Connector,,,,,,,
Vegetation,Urban,Less than three {3} meters of linear travel,Fire Agency,12000,Bushing Mounted Cutout,Overhead,Yes,Contact From Object,,Animal,Outside Force,,,,,
Vegetation,Herbaceous,Less than three {3} meters of linear travel,Customer,21000,Lightning Arrestor,Overhead,Yes,Equipment/Facility Failure,Lightning Arrestor,,,,,,,
Vegetation,Herbaceous,.26 - 9.99 Acres,Fire Agency,12000,Conductor - Primary,Overhead,Yes,Equipment/Facility Failure,Conductor - Primary,,,,,,,
Vegetation,Agriculture,Less Than .25 Acres,Fire Agency,750,Connector,Overhead,Yes,Equipment/Facility Failure,Connector,,,,,,,
Vegetation,Herbaceous,10 - 99 Acres,Fire Agency,12000,Conductor - Primary,Overhead,Yes,Contact From Object,,Animal,Outside Force,,,,,
Vegetation,Agriculture,.26 - 9.99 Acres,Fire Agency,12000,Conductor - Primary,Overhead,Yes,Contact From Object,,Vegetation,Outside Force,,,,,
Vegetation,Hardwood Woodland,Less Than .25 Acres,Fire Agency,750,Conductor - Open Wire Secondary,Overhead,Yes,Contact From Object,,Vegetation,Outside Force,,,,,
Vegetation,Agriculture,10 - 99 Acres,Fire Agency,12000,Jumper,Overhead,Yes,Contact From Object,,Animal,Outside Force,,,,,
Vegetation,Urban,Less Than .25 Acres,Fire Agency,21000,Insulator,Overhead,Yes,Equipment/Facility Failure,Insulator,,,,,,,
Vegetation,Urban,Less than three {3} meters of linear travel,Fire Agency,12000,Switch,Overhead,Yes,Equipment/Facility Failure,Switch,,,,,,,
Other,Agriculture,.26 - 9.99 Acres,Fire Agency,12000,Conductor - Primary,Overhead,Yes,Contact From Object,,Animal,Outside Force,,,,,
Vegetation,Urban,Less than three {3} meters of linear travel,Fire Agency,12000,Conductor - Primary,Overhead,Yes,Contact From Object,,Vehicle,Human Error,,,,,
Vegetation,Agriculture,Less Than .25 Acres,Fire Agency,12000,Conductor - Primary,Overhead,Yes,Contact From Object,,Vehicle,Human Error,,,,,
Vegetation,Herbaceous,Less than three {3} meters of linear travel,Self Extinguished,12000,Conductor - Primary,Overhead,Yes,Contact From Object,,Animal,Outside Force,,,,,
Vegetation,Herbaceous,10 - 99 Acres,Fire Agency,60000,Conductor - Transmission,Overhead,Yes,Contact From Object,,Animal,Outside Force,,,,,
Vegetation,Water,.26 - 9.99 Acres,Fire Agency,12000,Conductor - Primary,Overhead,Yes,Contact From Object,,Vegetation,Outside Force,,,,,
Vegetation,Herbaceous,100 - 299 Acres,Fire Agency,115000,Pole,Overhead,Yes,Equipment/Facility Failure,Pole,,,,,,,
Vegetation,Agriculture,Less Than .25 Acres,Unknown,12000,Conductor - Primary,Overhead,Yes,Contact From Object,,Animal,Outside Force,,,,,
Vegetation,Urban,Less Than .25 Acres,Fire Agency,12000,Conductor - Primary,Overhead,Yes,Contact From Object,,Animal,Outside Force,,,,,
Vegetation,Herbaceous,Less than three {3} meters of linear travel,Fire Agency,21000,Riser,Overhead,Yes,Equipment/Facility Failure,Riser,,,,,,,
Vegetation,Hardwood Woodland,.26 - 9.99 Acres,Fire Agency,240,Service Drop,Overhead,Yes,Equipment/Facility Failure,Service Drop,,,,,,,
Vegetation,Urban,Less than three {3} meters of linear travel,Fire Agency,750,Service Drop,Overhead,Yes,Contact From Object,,Vegetation,Outside Force,,,,,
Vegetation,Agriculture,10 - 99 Acres,Fire Agency,21000,Voltage Regulator,Overhead,Yes,Contact From Object,,Animal,Outside Force,,,,,
Vegetation,Agriculture,Less Than .25 Acres,Fire Agency,750,Conductor - Open Wire Secondary,Overhead,Yes,Contact From Object,,Vegetation,Outside Force,,,,,
Vegetation,Urban,Less Than .25 Acres,Fire Agency,12000,Conductor - Primary,Overhead,Yes,Contact From Object,,Vegetation,Outside Force,,,,,
Vegetation,Urban,Less Than .25 Acres,Unknown,21000,Voltage Regulator,Overhead,Yes,Contact From Object,,Animal,Outside Force,,,,,
Vegetation,Agriculture,Less Than .25 Acres,Fire Agency,12000,Conductor - Primary,Overhead,Yes,Equipment/Facility Failure,Conductor - Primary,,,,,,,
Vegetation,Herbaceous,Less Than .25 Acres,Fire Agency,750,Service Drop,Overhead,Yes,Contact From Object,,Vegetation,Outside Force,,,,,
Vegetation,Agriculture,Less than three {3} meters of linear travel,Fire Agency,21000,Transformer,Overhead,Yes,Contact From Object,,Animal,Outside Force,,,,,
Other,Urban,Less than three {3} meters of linear travel,Fire Agency,21000,Pole,Overhead,Yes,Equipment/Facility Failure,Pole,,,,,,,
Vegetation,Herbaceous,Less than three {3} meters of linear travel,Self Extinguished,12000,Conductor - Primary,Overhead,Yes,Contact From Object,,Vegetation,Outside Force,,,,,
Vegetation,Urban,Less than three {3} meters of linear travel,Fire Agency,21000,Conductor - Primary,Overhead,Yes,Contact From Object,,Vegetation,Outside Force,,,,,
Vegetation,Urban,Less than three {3} meters of linear travel,Unknown,12000,Conductor - Primary,Overhead,Yes,Contact From Object,,Vegetation,Outside Force,,,,,
Vegetation,Urban,Less than three {3} meters of linear travel,Self Extinguished,12000,Switch,Overhead,Yes,Contact From Object,,Animal,Outside Force,,,,,
Vegetation,Wetland,.26 - 9.99 Acres,Fire Agency,12000,Conductor - Primary,Overhead,Yes,Contact From Object,,Vehicle,Human Error,,,,,
Vegetation,Urban,Less Than .25 Acres,Customer,750,Service Drop,Overhead,Yes,Wire-Wire Contact,,,,,,,,
Vegetation,Agriculture,Less Than .25 Acres,Fire Agency,12000,Voltage Regulator,Overhead,Yes,Equipment/Facility Failure,Voltage Regulator,,,,,,,
Vegetation,Urban,Less Than .25 Acres,Fire Agency,120,Conductor - Secondary,Overhead,Yes,Other,,,,,,,,
Vegetation,Hardwood Forest,Less Than .25 Acres,Fire Agency,240,Service Drop,Overhead,Yes,Contact From Object,,Vegetation,Outside Force,,,,,
Vegetation,Urban,Less Than .25 Acres,Fire Agency,480,Connector,Overhead,Yes,Equipment/Facility Failure,Connector,,,,,,,
Vegetation,Urban,Less Than .25 Acres,Fire Agency,12000,Connector,Overhead,Yes,Contact From Object,,Animal,Outside Force,,,,,
Vegetation,Herbaceous,.26 - 9.99 Acres,Fire Agency,12000,Splice Box,Overhead,Yes,Equipment/Facility Failure,Splice Box,,,,,,,
Vegetation,Urban,Less Than .25 Acres,Fire Agency,750,Service Connector,Overhead,Yes,Vandalism/Theft,,,,,,,,
Vegetation,Hardwood Woodland,Less than three {3} meters of linear travel,Fire Agency,750,Transformer,Overhead,Yes,Contact From Object,,Vehicle,Human Error,,,,,
Vegetation,Herbaceous,10 - 99 Acres,Fire Agency,12000,Conductor - Primary,Overhead,Yes,Contact From Object,,Animal,Outside Force,,,,,
Vegetation,Urban,Less than three {3} meters of linear travel,Self Extinguished,21000,Fuse,Overhead,Yes,Contact From Object,,Vegetation,Outside Force,,,,,
Vegetation,Urban,Less Than .25 Acres,Fire Agency,60000,Potential Transformer,Overhead,Yes,Contamination,,,,,,,,
Vegetation,Herbaceous,.26 - 9.99 Acres,Fire Agency,12000,Unknown,Overhead,Yes,Unknown,,,,,,,,
Vegetation,Agriculture,Less Than .25 Acres,Customer,750,Service Connector,Overhead,Yes,Other,,,,,,,,
Vegetation,Urban,Less Than .25 Acres,Fire Agency,750,Conductor - Open Wire Secondary,Overhead,Yes,Contact From Object,,Vegetation,Outside Force,,,,,
Vegetation,Hardwood Woodland,Less Than .25 Acres,Fire Agency,750,Connector,Overhead,No,Other,,,,,,,,
Vegetation,Agriculture,Less Than .25 Acres,Utility,12000,Conductor - Primary,Overhead,Yes,Contact From Object,,Balloon,Outside Force,,,,,
Vegetation,Urban,Less Than .25 Acres,Fire Agency,750,Service Connector,Overhead,Yes,Contact From Object,,Vegetation,Outside Force,,,,,
Vegetation,Urban,Less Than .25 Acres,Fire Agency,12000,Unknown,Overhead,Yes,Equipment/Facility Failure,Unknown,,,,,,,
Vegetation,Urban,Less Than .25 Acres,Fire Agency,12000,Connector,Overhead,Yes,Equipment/Facility Failure,Connector,,,,,,,
Vegetation,Agriculture,Less Than .25 Acres,Fire Agency,12000,Connector,Overhead,Yes,Contact From Object,,Animal,Outside Force,,,,,
Vegetation,Herbaceous,10 - 99 Acres,Fire Agency,12000,Conductor - Primary,Overhead,Yes,Contact From Object,,Vehicle,Human Error,,,,,
Vegetation,Agriculture,Less Than .25 Acres,Customer,12000,Conductor - Primary,Overhead,Yes,Contact From Object,,Vehicle,Human Error,,,,,
Vegetation,Herbaceous,.26 - 9.99 Acres,Fire Agency,12000,Insulator,Overhead,Yes,Other,,,,,,,,
Vegetation,Agriculture,Less Than .25 Acres,Fire Agency,12000,Conductor - Primary,Overhead,Yes,Contact From Object,,Balloon,Outside Force,,,,,
Vegetation,Desert Shrub,.26 - 9.99 Acres,Fire Agency,70000,Other,Overhead,Yes,Equipment/Facility Failure,Other,,,,,,,
Vegetation,Agriculture,.26 - 9.99 Acres,Fire Agency,12000,Crossarm,Overhead,Yes,Contact From Object,,Balloon,Outside Force,,,,,
Vegetation,Herbaceous,.26 - 9.99 Acres,Fire Agency,12000,Crossarm,Overhead,Yes,Contact From Object,,Animal,Outside Force,,,,,
Unknown,Herbaceous,1000 - 4999 Acres,Fire Agency,12000,Unknown,Overhead,Yes,Under Investigation,,,,,,,,
Vegetation,Urban,Less Than .25 Acres,Fire Agency,12000,Conductor - Primary,Overhead,Yes,Contact From Object,,Animal,Outside Force,,,,,
Vegetation,Urban,Less than three {3} meters of linear travel,Fire Agency,12000,Switch,Overhead,Yes,Equipment/Facility Failure,Switch,,,,,,,
Vegetation,Hardwood Woodland,Less Than .25 Acres,Fire Agency,115000,Conductor - Primary,Overhead,Yes,Contact From Object,,Vehicle,Human Error,,,,,
Vegetation,Agriculture,Less than three {3} meters of linear travel,Fire Agency,12000,Riser,Overhead,Yes,Vandalism/Theft,,,,,,,,
Vegetation,Agriculture,.26 - 9.99 Acres,Fire Agency,12000,Conductor - Primary,Overhead,Yes,Contact From Object,,Animal,Outside Force,,,,,
Vegetation,Hardwood Woodland,.26 - 9.99 Acres,Fire Agency,12000,Conductor - Primary,Overhead,Yes,Contact From Object,,Vegetation,Outside Force,,,,,
Vegetation,Hardwood Forest,Less than three {3} meters of linear travel,Fire Agency,750,Conductor - Insulated Service,Overhead,Yes,Contact From Object,,Vegetation,Outside Force,,,,,
Vegetation,Urban,10 - 99 Acres,Fire Agency,12000,Conductor - Primary,Overhead,Yes,Contact From Object,,Balloon,Outside Force,,,,,
Vegetation,Agriculture,Less Than .25 Acres,Customer,12000,Conductor - Primary,Overhead,Yes,Contact From Object,,Animal,Outside Force,,,,,
Vegetation,Conifer Forest,Less Than .25 Acres,Customer,240,Service Drop,Overhead,No,Equipment/Facility Failure,Service Drop,,,,,,,
Vegetation,Agriculture,Less Than .25 Acres,Fire Agency,60000,Conductor - Transmission,Overhead,Yes,Contact From Object,,Animal,Outside Force,,,,,
Vegetation,Wetland,Less Than .25 Acres,Fire Agency,12000,Pole,Overhead,Yes,Contact From Object,,Vehicle,Human Error,,,,,
Vegetation,Shrub,Less Than .25 Acres,Fire Agency,12000,Conductor - Primary,Overhead,Yes,Contact From Object,,Other,Human Error,,,,,
Vegetation,Urban,.26 - 9.99 Acres,Fire Agency,21000,Riser,Overhead,Yes,Equipment/Facility Failure,Riser,,,,,,,
Vegetation,Urban,Less than three {3} meters of linear travel,Fire Agency,12000,Conductor - Primary,Overhead,Yes,Vandalism/Theft,,,,,,,,
Vegetation,Urban,Less than three {3} meters of linear travel,Fire Agency,750,Conductor - Open Wire Secondary,Overhead,Yes,Contact From Object,,Vegetation,Outside Force,,,,,
Vegetation,Herbaceous,.26 - 9.99 Acres,Fire Agency,115000,Unknown,Overhead,Yes,Unknown,,,,,,,,
Vegetation,Agriculture,Less Than .25 Acres,Fire Agency,750,Connector,Overhead,Yes,Equipment/Facility Failure,Connector,,,,,,,
Vegetation,Urban,Less Than .25 Acres,Unknown,12000,Conductor - Primary,Overhead,Yes,Contact From Object,,Balloon,Outside Force,,,,,
Vegetation,Urban,Less than three {3} meters of linear travel,Fire Agency,750,Conductor - Secondary,Overhead,Yes,Equipment/Facility Failure,Conductor - Secondary,,,,,,,
Vegetation,Agriculture,Less Than .25 Acres,Fire Agency,12000,Jumper,Overhead,Yes,Contact From Object,,Vehicle,Human Error,,,,,
Vegetation,Agriculture,.26 - 9.99 Acres,Utility,12000,Conductor - Primary,Overhead,Yes,Contact From Object,,Animal,Outside Force,,,,,
Vegetation,Agriculture,Less Than .25 Acres,Fire Agency,12000,Recloser,Overhead,Yes,Equipment/Facility Failure,Recloser,,,,,,,
Vegetation,Herbaceous,Less Than .25 Acres,Fire Agency,750,Service Connector,Overhead,Yes,Other,,,,,,,,
Vegetation,Agriculture,Less Than .25 Acres,Fire Agency,12000,Transformer Bushing,Overhead,Yes,Contact From Object,,Animal,Outside Force,,,,,
Vegetation,Urban,Less Than .25 Acres,Utility,750,Conductor - Open Wire Secondary,Overhead,Yes,Contact From Object,,Vegetation,Outside Force,,,,,
Vegetation,Barren/Other,Less Than .25 Acres,Fire Agency,12000,Conductor - Primary,Overhead,Yes,Contact From Object,,Vegetation,Outside Force,,,,,
Vegetation,Hardwood Woodland,Less Than .25 Acres,Fire Agency,750,Conductor - Insulated Secondary,Overhead,Yes,Equipment/Facility Failure,Conductor - Insulated Secondary,,,,,,,
Vegetation,Urban,Less Than .25 Acres,Fire Agency,115000,Conductor - Transmission,Overhead,Yes,Contact From Object,,Balloon,Outside Force,,,,,
Vegetation,Urban,Less Than .25 Acres,Fire Agency,21000,Pole,Overhead,Yes,Contact From Object,,Vehicle,Human Error,,,,,
Vegetation,Urban,Less than three {3} meters of linear travel,Unknown,12000,Switch,Overhead,Yes,Equipment/Facility Failure,Switch,,,,,,,
Vegetation,Urban,Less Than .25 Acres,Fire Agency,12000,Pothead,Padmounted,Yes,Contact From Object,,Animal,Outside Force,,,,,
Vegetation,Herbaceous,Less Than .25 Acres,Fire Agency,12000,Insulator,Overhead,Yes,Contamination,,,,,,,,
Vegetation,Urban,.26 - 9.99 Acres,Fire Agency,21000,Conductor - Primary,Overhead,Yes,Contact From Object,,Vehicle,Human Error,,,,,
Vegetation,Herbaceous,Less Than .25 Acres,Fire Agency,12000,Conductor - Primary,Overhead,Yes,Contact From Object,,Other,Human Error,,,,,
Vegetation,Urban,Less Than .25 Acres,Unknown,21000,Pole,Overhead,Yes,Contact From Object,,Vehicle,Human Error,,,,,
Vegetation,Herbaceous,Less Than .25 Acres,Fire Agency,12000,Unknown,Overhead,Yes,Unknown,,,,,,,,
Vegetation,Urban,Less than three {3} meters of linear travel,Fire Agency,750,Conductor - Secondary,Overhead,Yes,Contact From Object,,Animal,Outside Force,,,,,
Vegetation,Agriculture,Less Than .25 Acres,Fire Agency,12000,Conductor - Primary,Overhead,Yes,Contact From Object,,Vehicle,Human Error,,,,,
Vegetation,Urban,Less Than .25 Acres,Unknown,12000,Transformer,Overhead,Yes,Equipment/Facility Failure,Transformer,,,,,,,
Vegetation,Agriculture,Less Than .25 Acres,Fire Agency,12000,Conductor - Primary,Overhead,Yes,Contact From Object,,Other,Human Error,,,,,
Other,Herbaceous,Less than three {3} meters of linear travel,Utility,750,Meter,Overhead,Yes,Other,,,,,,,,
Vegetation,Urban,Less Than .25 Acres,Self Extinguished,12000,Jumper,Overhead,Yes,Equipment/Facility Failure,Jumper,,,,,,,
Vegetation,Herbaceous,Less Than .25 Acres,Customer,12000,Bushing Mounted Cutout,Overhead,Yes,Contact From Object,,Animal,Outside Force,,,,,
Vegetation,Hardwood Woodland,Less Than .25 Acres,Fire Agency,12000,Pole,Overhead,Yes,Contact From Object,,Vehicle,Human Error,,,,,
Vegetation,Agriculture,Less Than .25 Acres,Fire Agency,12000,Conductor - Primary,Overhead,Yes,Equipment/Facility Failure,Conductor - Primary,,,,,,,
Vegetation,Urban,Less Than .25 Acres,Fire Agency,12000,Capacitor Bank,Overhead,Yes,Equipment/Facility Failure,Capacitor Bank,,,,,,,
Vegetation,Urban,Less Than .25 Acres,Fire Agency,12000,Conductor - Primary,Overhead,Yes,Contact From Object,,Vegetation,Outside Force,,,,,
Vegetation,Urban,Less than three {3} meters of linear travel,Customer,480,Crossarm,Overhead,Yes,Equipment/Facility Failure,Crossarm,,,,,,,
Vegetation,Urban,Less than three {3} meters of linear travel,Fire Agency,12000,Automatic Wire Splice,Overhead,Yes,Equipment/Facility Failure,Automatic Wire Splice,,,,,,,
Vegetation,Agriculture,Less Than .25 Acres,Customer,12000,Conductor - Primary,Overhead,Yes,Contact From Object,,Vehicle,Human Error,,,,,
Vegetation,Hardwood Woodland,Less Than .25 Acres,Fire Agency,21000,Guy/Span Wire,Overhead,Yes,Contact From Object,,Vehicle,Human Error,,,,,
Vegetation,Urban,Less Than .25 Acres,Fire Agency,12000,Conductor - Primary,Overhead,Yes,Equipment/Facility Failure,Conductor - Primary,,,,,,,
Vegetation,Hardwood Forest,.26 - 9.99 Acres,Customer,12000,Conductor - Primary,Overhead,Yes,Other,,,,,,,,
Vegetation,Hardwood Woodland,Less than three {3} meters of linear travel,Fire Agency,750,Conductor - Service Neutral,Overhead,Yes,Other,,,,,,,,
Vegetation,Urban,Less than three {3} meters of linear travel,Unknown,750,Connector,Overhead,Yes,Equipment/Facility Failure,Connector,,,,,,,
Vegetation,Urban,Less Than .25 Acres,Fire Agency,750,Connector,Overhead,Yes,Equipment/Facility Failure,Connector,,,,,,,
Vegetation,Conifer Forest,.26 - 9.99 Acres,Fire Agency,12000,Conductor - Primary,Overhead,Yes,Other,,,,,,,,
Vegetation,Herbaceous,Less Than .25 Acres,Unknown,12000,Conductor - Primary,Overhead,Yes,Contact From Object,,Balloon,Outside Force,,,,,
Vegetation,Herbaceous,10 - 99 Acres,Fire Agency,12000,Compression Splice,Overhead,Yes,Equipment/Facility Failure,Compression Splice,,,,,,,
Vegetation,Conifer Forest,Less Than .25 Acres,Fire Agency,12000,Conductor - Primary,Overhead,Yes,Other,,,,,,,,
Vegetation,Hardwood Forest,Less Than .25 Acres,Fire Agency,240,Service Connector,Overhead,Yes,Other,,,,,,,,
Vegetation,Urban,Less Than .25 Acres,Fire Agency,12000,Fuse,Overhead,Yes,Equipment/Facility Failure,Fuse,,,,,,,
Vegetation,Urban,Less Than .25 Acres,Fire Agency,480,Service Drop,Overhead,Yes,Contact From Object,,Vehicle,Human Error,,,,,
Vegetation,Agriculture,Less Than .25 Acres,Fire Agency,12000,Conductor - Primary,Overhead,Yes,Contact From Object,,Animal,Outside Force,,,,,
Vegetation,Urban,Less Than .25 Acres,Fire Agency,240,Connector,Overhead,Yes,Other,,,,,,,,
Vegetation,Agriculture,Less Than .25 Acres,Fire Agency,12000,Conductor - Primary,Overhead,Yes,Contact From Object,,Vegetation,Outside Force,,,,,
Vegetation,Agriculture,.26 - 9.99 Acres,Fire Agency,12000,Conductor - Primary,Overhead,Yes,Wire-Wire Contact,,,,,,,,
Vegetation,Herbaceous,.26 - 9.99 Acres,Fire Agency,12000,Insulator,Overhead,Yes,Contamination,,,,,,,,
Vegetation,Urban,.26 - 9.99 Acres,Fire Agency,12000,Fuse,Overhead,Yes,Equipment/Facility Failure,Fuse,,,,,,,
Vegetation,Urban,Less than three {3} meters of linear travel,Fire Agency,240,Service Drop,Overhead,Yes,Contact From Object,,Vegetation,Outside Force,,,,,
Vegetation,Herbaceous,Less Than .25 Acres,Fire Agency,12000,Pole,Overhead,Yes,Vandalism/Theft,,,,,,,,
Vegetation,Agriculture,Less Than .25 Acres,Fire Agency,12000,Conductor - Primary,Overhead,Yes,Contact From Object,,Vehicle,Human Error,,,,,
Vegetation,Agriculture,Less than three {3} meters of linear travel,Self Extinguished,750,Connector,Overhead,Yes,Equipment/Facility Failure,Connector,,,,,,,
Vegetation,Hardwood Woodland,.26 - 9.99 Acres,Fire Agency,750,H-Type Connector,Overhead,Yes,Equipment/Facility Failure,H-Type Connector,,,,,,,
Vegetation,Herbaceous,.26 - 9.99 Acres,Fire Agency,12000,Conductor - Primary,Overhead,Yes,Contact From Object,,Animal,Outside Force,,,,,
Vegetation,Herbaceous,Less Than .25 Acres,Fire Agency,12000,Conductor - Primary,Overhead,Yes,Contact From Object,,Vegetation,Outside Force,,,,,
Vegetation,Hardwood Woodland,Less Than .25 Acres,Fire Agency,750,Conductor - Secondary,Overhead,Yes,Equipment/Facility Failure,Conductor - Secondary,,,,,,,
Vegetation,Urban,Less than three {3} meters of linear travel,Customer,750,Connector,Overhead,Yes,Equipment/Facility Failure,Connector,,,,,,,
Vegetation,Urban,Less Than .25 Acres,Fire Agency,12000,Fuse,Overhead,Yes,Contact From Object,,Animal,Outside Force,,,,,
Vegetation,Urban,Less Than .25 Acres,Fire Agency,12000,Connector,Overhead,Yes,Equipment/Facility Failure,Connector,,,,,,,
Vegetation,Herbaceous,10 - 99 Acres,Fire Agency,21000,Conductor - Primary,Overhead,Yes,Contact From Object,,Balloon,Outside Force,,,,,
Vegetation,Urban,Less Than .25 Acres,Fire Agency,12000,Conductor - Primary,Overhead,Yes,Contact From Object,,Animal,Outside Force,,,,,
Vegetation,Urban,Less Than .25 Acres,Fire Agency,12000,Conductor - Primary,Overhead,Yes,Contact From Object,,Vehicle,Human Error,,,,,
Vegetation,Herbaceous,Less Than .25 Acres,Fire Agency,12000,Connector,Overhead,Yes,Equipment/Facility Failure,Connector,,,,,,,
Vegetation,Herbaceous,.26 - 9.99 Acres,Fire Agency,12000,Conductor - Primary,Overhead,Yes,Contact From Object,,Animal,Outside Force,,,,,
Vegetation,Herbaceous,Less Than .25 Acres,Fire Agency,12000,Conductor - Primary,Overhead,Yes,Contact From Object,,Animal,Outside Force,,,,,
Vegetation,Herbaceous,.26 - 9.99 Acres,Fire Agency,21000,Jumper,Overhead,Yes,Equipment/Facility Failure,Jumper,,,,,,,
Other,Herbaceous,Less Than .25 Acres,Fire Agency,60000,Guy/Span Wire,Overhead,Yes,Contact From Object,,Animal,Outside Force,,,,,
Vegetation,Urban,Less Than .25 Acres,Customer,750,Connector,Overhead,Yes,Equipment/Facility Failure,Connector,,,,,,,
Vegetation,Herbaceous,Less Than .25 Acres,Fire Agency,12000,Automatic Wire Splice,Overhead,Yes,Equipment/Facility Failure,Automatic Wire Splice,,,,,,,
Vegetation,Herbaceous,.26 - 9.99 Acres,Fire Agency,12000,Conductor - Primary,Overhead,Yes,Equipment/Facility Failure,Conductor - Primary,,,,,,,
Vegetation,Urban,Less than three {3} meters of linear travel,Fire Agency,12000,Connector,Overhead,Yes,Equipment/Facility Failure,Connector,,,,,,,
Vegetation,Herbaceous,Less Than .25 Acres,Fire Agency,750,Connector,Overhead,Yes,Wire-Wire Contact,,,,,,,,
Other,Urban,Less Than .25 Acres,Fire Agency,750,Service Drop,Overhead,No,Equipment/Facility Failure,Service Drop,,,,,,,
Vegetation,Conifer Forest,Less Than .25 Acres,Fire Agency,12000,Conductor - Primary,Overhead,Yes,Contact From Object,,Vegetation,Outside Force,,,,,
Vegetation,Urban,Less Than .25 Acres,Fire Agency,12000,Fuse,Overhead,Yes,Contact From Object,,Animal,Outside Force,,,,,
Vegetation,Urban,Less Than .25 Acres,Fire Agency,240,Service Drop,Overhead,Yes,Contact From Object,,Vegetation,Outside Force,,,,,
Other,Agriculture,Less than three {3} meters of linear travel,Fire Agency,12000,Pole,Overhead,Yes,Contact From Object,,Vehicle,Human Error,,,,,
Vegetation,Herbaceous,.26 - 9.99 Acres,Fire Agency,12000,Conductor - Primary,Overhead,Yes,Contact From Object,,Vegetation,Outside Force,,,,,
Vegetation,Agriculture,.26 - 9.99 Acres,Fire Agency,12000,Riser,Overhead,Yes,Vandalism/Theft,,,,,,,,
Vegetation,Herbaceous,.26 - 9.99 Acres,Fire Agency,750,Connector,Overhead,Yes,Equipment/Facility Failure,Connector,,,,,,,
Vegetation,Agriculture,.26 - 9.99 Acres,Fire Agency,60000,Grounding Wire,Overhead,Yes,Contact From Object,,Animal,Outside Force,,,,,
Vegetation,Agriculture,Less Than .25 Acres,Fire Agency,21000,Pole,Overhead,Yes,Contact From Object,,Vehicle,Human Error,,,,,
Vegetation,Agriculture,.26 - 9.99 Acres,Customer,12000,Conductor - Primary,Overhead,Yes,Contact From Object,,Other,Human Error,,,,,
Vegetation,Urban,Less Than .25 Acres,Fire Agency,70000,Guy/Span Wire,Overhead,Yes,Contact From Object,,Vehicle,Human Error,,,,,
Vegetation,Urban,Less than three {3} meters of linear travel,Fire Agency,750,Conductor - Secondary,Overhead,Yes,Contact From Object,,Vehicle,Human Error,,,,,
Vegetation,Urban,Less than three {3} meters of linear travel,Fire Agency,12000,Connector,Overhead,Yes,Equipment/Facility Failure,Connector,,,,,,,
Vegetation,Agriculture,.26 - 9.99 Acres,Fire Agency,21000,Conductor - Primary,Overhead,Yes,Contact From Object,,Animal,Outside Force,,,,,
Vegetation,Urban,10 - 99 Acres,Fire Agency,21000,Jumper,Overhead,Yes,Equipment/Facility Failure,Jumper,,,,,,,
Vegetation,Herbaceous,10 - 99 Acres,Fire Agency,70000,Conductor - Transmission,Overhead,Yes,Equipment/Facility Failure,Conductor - Transmission,,,,,,,
Vegetation,Urban,Less Than .25 Acres,Fire Agency,750,Conductor - Secondary,Overhead,No,Contact From Object,,Vegetation,Outside Force,,,,,
Vegetation,Urban,Less Than .25 Acres,Fire Agency,12000,Tie Wire,Overhead,Yes,Equipment/Facility Failure,Tie Wire,,,,,,,
Vegetation,Agriculture,.26 - 9.99 Acres,Fire Agency,12000,Transformer,Overhead,Yes,Contact From Object,,Vehicle,Human Error,,,,,
Vegetation,Urban,Less Than .25 Acres,Fire Agency,12000,Conductor - Primary,Overhead,Yes,Contact From Object,,Other,Human Error,,,,,
Vegetation,Urban,Less than three {3} meters of linear travel,Fire Agency,21000,Conductor - Primary,Overhead,Yes,Contact From Object,,Vegetation,Outside Force,,,,,
Vegetation,Urban,Less Than .25 Acres,Fire Agency,12000,Lightning Arrestor,Overhead,Yes,Equipment/Facility Failure,Lightning Arrestor,,,,,,,
Vegetation,Urban,Less than three {3} meters of linear travel,Self Extinguished,750,Service Connector,Overhead,Yes,Equipment/Facility Failure,Service Connector,,,,,,,
Vegetation,Herbaceous,Less Than .25 Acres,Fire Agency,12000,Conductor - Primary,Overhead,Yes,Equipment/Facility Failure,Conductor - Primary,,,,,,,
Vegetation,Agriculture,Less Than .25 Acres,Fire Agency,12000,Jumper,Overhead,Yes,Equipment/Facility Failure,Jumper,,,,,,,
Vegetation,Agriculture,Less than three {3} meters of linear travel,Fire Agency,12000,Transformer,Overhead,Yes,Vandalism/Theft,,,,,,,,
Vegetation,Herbaceous,Less Than .25 Acres,Fire Agency,12000,Guy/Span Wire,Overhead,Yes,Contact From Object,,Vehicle,Human Error,,,,,
Vegetation,Urban,Less than three {3} meters of linear travel,Fire Agency,12000,Unknown,Overhead,Yes,Unknown,,,,,,,,
Vegetation,Urban,Less than three {3} meters of linear travel,Self Extinguished,12000,Fuse,Overhead,Yes,Contact From Object,,Balloon,Outside Force,,,,,
Vegetation,Hardwood Woodland,Less Than .25 Acres,Fire Agency,21000,Conductor - Primary,Overhead,Yes,Contact From Object,,Vegetation,Outside Force,,,,,
Vegetation,Urban,Less Than .25 Acres,Fire Agency,12000,Conductor - Primary,Overhead,Yes,Contact From Object,,Animal,Outside Force,,,,,
Vegetation,Agriculture,Less than three {3} meters of linear travel,Fire Agency,750,Conductor - Secondary,Overhead,Yes,Contact From Object,,Vegetation,Outside Force,,,,,
Vegetation,Shrub,.26 - 9.99 Acres,Fire Agency,12000,Pole,Overhead,Yes,Contact From Object,,Vehicle,Human Error,,,,,
Vegetation,Herbaceous,Less than three {3} meters of linear travel,Fire Agency,12000,Conductor - Primary,Overhead,Yes,Contact From Object,,Vegetation,Outside Force,,,,,
Vegetation,Agriculture,Less Than .25 Acres,Fire Agency,12000,Conductor - Primary,Overhead,Yes,Contact From Object,,Animal,Outside Force,,,,,
Vegetation,Urban,Less than three {3} meters of linear travel,Customer,12000,Transformer,Overhead,No,Contact From Object,,Animal,Outside Force,,,,,
Vegetation,Herbaceous,Less Than .25 Acres,Unknown,115000,Insulator,Overhead,Yes,Equipment/Facility Failure,Insulator,,,,,,,
Vegetation,Urban,Less Than .25 Acres,Fire Agency,750,Pole,Overhead,Yes,Vandalism/Theft,,,,,,,,
Vegetation,Herbaceous,Less Than .25 Acres,Self Extinguished,12000,Conductor - Primary,Overhead,Yes,Wire-Wire Contact,,,Weather,,,,,
Vegetation,Hardwood Woodland,.26 - 9.99 Acres,Fire Agency,240,Conductor - Service Neutral,Overhead,Yes,Equipment/Facility Failure,Conductor - Service Neutral,,,,,,,
Other,Agriculture,Less than three {3} meters of linear travel,Fire Agency,21000,Conductor - Primary,Overhead,Yes,Contact From Object,,Vehicle,Human Error,,,,,
Vegetation,Hardwood Forest,.26 - 9.99 Acres,Fire Agency,12000,Conductor - Primary,Overhead,Yes,Contact From Object,,Vegetation,Outside Force,,,,,
Building,Urban,Less than three {3} meters of linear travel,Fire Agency,750,Service Drop,Overhead,Yes,Equipment/Facility Failure,Service Drop,,,,,,,
Vegetation,Urban,Less than three {3} meters of linear travel,Fire Agency,12000,Conductor - Primary,Overhead,Yes,Contact From Object,,Animal,Outside Force,,,,,
Vegetation,Urban,Less Than .25 Acres,Customer,750,Conductor - Secondary,Overhead,Yes,Equipment/Facility Failure,Conductor - Secondary,,,,,,,
Vegetation,Urban,Less than three {3} meters of linear travel,Fire Agency,12000,Pole,Overhead,Yes,Contact From Object,,Vehicle,Human Error,,,,,
Vegetation,Agriculture,Less Than .25 Acres,Self Extinguished,12000,Pole,Overhead,Yes,Contact From Object,,Vehicle,Human Error,,,,,
Vegetation,Herbaceous,Less Than .25 Acres,Fire Agency,12000,Conductor - Primary,Overhead,Yes,Equipment/Facility Failure,Conductor - Primary,,,,,,,
Vegetation,Urban,Less than three {3} meters of linear travel,Fire Agency,750,Conductor - Open Wire Secondary,Overhead,Yes,Wire-Wire Contact,,,,,,,,
Vegetation,Urban,Less Than .25 Acres,Fire Agency,12000,Conductor - Primary,Overhead,Yes,Contact From Object,,Animal,Outside Force,,,,,
Vegetation,Herbaceous,Less Than .25 Acres,Fire Agency,12000,Conductor - Primary,Overhead,Yes,Contact From Object,,Vegetation,Outside Force,,,,,
Vegetation,Urban,Less than three {3} meters of linear travel,Fire Agency,750,Service Drop,Overhead,Yes,Contact From Object,,Vegetation,Outside Force,,,,,
Vegetation,Conifer Forest,Less than three {3} meters of linear travel,Customer,750,Conductor - Open Wire Secondary,Overhead,No,Contact From Object,,Vegetation,Outside Force,,,,,
Vegetation,Urban,Less Than .25 Acres,Fire Agency,12000,Guy/Span Wire,Overhead,Yes,Wire-Wire Contact,,,,,,,,
Vegetation,Conifer Forest,Less Than .25 Acres,Fire Agency,12000,Conductor - Primary,Overhead,Yes,Contact From Object,,Vegetation,Outside Force,,,,,
Vegetation,Agriculture,Less than three {3} meters of linear travel,Utility,12000,Lightning Arrestor,Overhead,Yes,Contact From Object,,Animal,Outside Force,,,,,
Vegetation,Agriculture,Less Than .25 Acres,Fire Agency,12000,Guy/Span Wire,Overhead,Yes,Contact From Object,,Vehicle,Human Error,,,,,
Vegetation,Urban,Less Than .25 Acres,Fire Agency,750,Conductor - Open Wire Secondary,Overhead,Yes,Wire-Wire Contact,,,,,,,,
Other,Urban,Less than three {3} meters of linear travel,Fire Agency,240,Service Drop,Overhead,No,Equipment/Facility Failure,Service Drop,,,,,,,
Vegetation,Hardwood Woodland,Less than three {3} meters of linear travel,Fire Agency,240,Transformer,Overhead,Yes,Contact From Object,,Vegetation,Outside Force,,,,,
Vegetation,Agriculture,Less Than .25 Acres,Fire Agency,12000,Conductor - Primary,Overhead,Yes,Contact From Object,,Balloon,Outside Force,,,,,
Vegetation,Urban,Less Than .25 Acres,Fire Agency,750,Conductor - Service Neutral,Overhead,Yes,Equipment/Facility Failure,Conductor - Service Neutral,,,,,,,
Vegetation,Herbaceous,Less Than .25 Acres,Fire Agency,21000,Pole,Overhead,Yes,Contact From Object,,Animal,Outside Force,,,,,
Vegetation,Agriculture,.26 - 9.99 Acres,Fire Agency,12000,Pole,Overhead,Yes,Contact From Object,,Animal,Outside Force,,,,,
Vegetation,Agriculture,Less Than .25 Acres,Fire Agency,12000,Conductor - Primary,Overhead,Yes,Contact From Object,,Vegetation,Outside Force,,,,,
Vegetation,Urban,Less Than .25 Acres,Fire Agency,240,H-Type Connector,Overhead,Yes,Equipment/Facility Failure,H-Type Connector,,,,,,,
Vegetation,Urban,Less Than .25 Acres,Fire Agency,750,Conductor - Service Neutral,Overhead,Yes,Contact From Object,,Vegetation,Outside Force,,,,,
Other,Urban,Less than three {3} meters of linear travel,Fire Agency,750,Conductor - Service Neutral,Overhead,Yes,Equipment/Facility Failure,Conductor - Service Neutral,,,,,,,
Vegetation,Urban,Less than three {3} meters of linear travel,Fire Agency,12000,Conductor - Primary,Overhead,Yes,Contact From Object,,Vegetation,Outside Force,,,,,
Vegetation,Agriculture,.26 - 9.99 Acres,Self Extinguished,60000,Pole,Overhead,Yes,Contact From Object,,Vehicle,Human Error,,,,,
Vegetation,Hardwood Woodland,Less Than .25 Acres,Fire Agency,240,Service Drop,Overhead,Yes,Contact From Object,,Vegetation,Outside Force,,,,,
Vegetation,Agriculture,Less Than .25 Acres,Unknown,12000,Pole,Overhead,Yes,Other,,,Weather,,,,,
Vegetation,Agriculture,Less Than .25 Acres,Unknown,12000,Pole,Overhead,Yes,Other,,,Weather,,,,,
Vegetation,Urban,Less than three {3} meters of linear travel,Fire Agency,21000,Crossarm,Overhead,Yes,Contact From Object,,Animal,Outside Force,,,,,
Vegetation,Desert Shrub,Less Than .25 Acres,Self Extinguished,12000,Insulator,Overhead,Yes,Contact From Object,,Animal,Outside Force,,,,,
Vegetation,Urban,Less Than .25 Acres,Fire Agency,17000,Insulator,Overhead,Yes,Contamination,,,,,,,,
Vegetation,Urban,.26 - 9.99 Acres,Fire Agency,12000,Insulator,Overhead,Yes,Other,,,Weather,,,,,
Vegetation,Herbaceous,Less Than .25 Acres,Fire Agency,12000,Transformer,Overhead,Yes,Other,,,Weather,,,,,
Vegetation,Urban,.26 - 9.99 Acres,Fire Agency,12000,Conductor - Primary,Overhead,Yes,Wire-Wire Contact,,,,,,,,
Other,Urban,Less than three {3} meters of linear travel,Self Extinguished,750,Parallel Groove Clamp,Overhead,No,Equipment/Facility Failure,Parallel Groove Clamp,,,,,,,
Vegetation,Agriculture,Less than three {3} meters of linear travel,Customer,12000,Conductor - Primary,Overhead,Yes,Contact From Object,,Vehicle,Human Error,,,,,
Building,Urban,Structure Only,Fire Agency,240,Service Drop,Overhead,Yes,Vandalism/Theft,,,,,,,,
Vegetation,Urban,Less than three {3} meters of linear travel,Fire Agency,240,Service Drop,Overhead,Yes,Equipment/Facility Failure,Service Drop,,,,,,,
Vegetation,Agriculture,Less Than .25 Acres,Fire Agency,12000,Conductor - Primary,Overhead,Yes,Contact From Object,,Vegetation,Outside Force,,,,,
Vegetation,Urban,Less Than .25 Acres,Fire Agency,750,Conductor - Racked Secondary,Overhead,No,Contact From Object,,Animal,Outside Force,,,,,
Vegetation,Urban,Less than three {3} meters of linear travel,Unknown,12000,Transformer,Overhead,Yes,Other,,,Weather,,,,,
Vegetation,Herbaceous,.26 - 9.99 Acres,Fire Agency,12000,Pole,Overhead,Yes,Contamination,,,,,,,,
Vegetation,Herbaceous,100 - 299 Acres,Unknown,60000,Pole,Overhead,Yes,Other,,,Weather,,,,,
Vegetation,Herbaceous,10 - 99 Acres,Fire Agency,17000,Transformer,Overhead,Yes,Equipment/Facility Failure,Transformer,,,,,,,
Vegetation,Hardwood Woodland,.26 - 9.99 Acres,Fire Agency,12000,Conductor - Primary,Overhead,Yes,Contact From Object,,Vegetation,Outside Force,,,,,
Vegetation,Urban,Less than three {3} meters of linear travel,Fire Agency,12000,Connector,Overhead,Yes,Equipment/Facility Failure,Connector,,,,,,,
Vegetation,Urban,Less than three {3} meters of linear travel,Fire Agency,240,Service Drop,Overhead,Yes,Contact From Object,,Vegetation,Outside Force,,,,,
Vegetation,Agriculture,Less Than .25 Acres,Fire Agency,12000,Conductor - Primary,Overhead,Yes,Contact From Object,,Vehicle,Human Error,,,,,
Vegetation,Conifer Forest,Less Than .25 Acres,Fire Agency,12000,Chance Clamp,Overhead,Yes,Other,,,,,,,,
Vegetation,Urban,Less Than .25 Acres,Fire Agency,750,Service Drop,Overhead,Yes,Contact From Object,,Vegetation,Outside Force,,,,,
Vegetation,Herbaceous,Less than three {3} meters of linear travel,Fire Agency,480,H-Type Connector,Overhead,Yes,Equipment/Facility Failure,H-Type Connector,,,,,,,
Vegetation,Agriculture,Less Than .25 Acres,Fire Agency,12000,Insulator,Overhead,Yes,Contact From Object,,Animal,Outside Force,,,,,
Vegetation,Urban,.26 - 9.99 Acres,Fire Agency,21000,Pole,Overhead,Yes,Contamination,,,,,,,,
Vegetation,Herbaceous,.26 - 9.99 Acres,Fire Agency,12000,Conductor - Underground Primary,Overhead,Yes,Contact From Object,,Animal,Outside Force,,,,,
Vegetation,Herbaceous,Less Than .25 Acres,Fire Agency,60000,Conductor - Transmission,Overhead,No,Equipment/Facility Failure,Conductor - Transmission,,,,,,,
Vegetation,Urban,Less Than .25 Acres,Fire Agency,12000,Conductor - Primary,Overhead,Yes,Equipment/Facility Failure,Conductor - Primary,,,,,,,
Vegetation,Urban,Less Than .25 Acres,Fire Agency,240,Conductor - Secondary,Overhead,No,Contact From Object,,Vegetation,Outside Force,,,,,
Vegetation,Agriculture,Less Than .25 Acres,Fire Agency,12000,Unknown,Overhead,Yes,Unknown,,,,,,,,
Vegetation,Herbaceous,.26 - 9.99 Acres,Fire Agency,12000,Conductor - Primary,Overhead,Yes,Contact From Object,,Balloon,Outside Force,,,,,
Vegetation,Hardwood Woodland,Less than three {3} meters of linear travel,Unknown,750,Conductor - Secondary,Overhead,Yes,Contact From Object,,Vegetation,Outside Force,,,,,
Building,Urban,Less Than .25 Acres,Fire Agency,480,Service Drop,Overhead,Yes,Equipment/Facility Failure,Service Drop,,,,,,,
Vegetation,Herbaceous,.26 - 9.99 Acres,Fire Agency,21000,Conductor - Primary,Overhead,Yes,Equipment/Facility Failure,Conductor - Primary,,,,,,,
Vegetation,Agriculture,Less Than .25 Acres,Self Extinguished,12000,Cutout,Overhead,Yes,Equipment/Facility Failure,Cutout,,,,,,,
Vegetation,Herbaceous,10 - 99 Acres,Fire Agency,21000,Lightning Arrestor,Overhead,Yes,Equipment/Facility Failure,Lightning Arrestor,,,,,,,
Vegetation,Conifer Forest,.26 - 9.99 Acres,Fire Agency,12000,Conductor - Primary,Overhead,Yes,Contact From Object,,Vegetation,Outside Force,,,,,
Vegetation,Hardwood Woodland,Less Than .25 Acres,Fire Agency,21000,Conductor - Primary,Overhead,Yes,Other,,,,,,,,
Vegetation,Agriculture,Less than three {3} meters of linear travel,Fire Agency,21000,Pole,Overhead,Yes,Contamination,,,,,,,,
Vegetation,Agriculture,.26 - 9.99 Acres,Fire Agency,12000,Conductor - Primary,Overhead,Yes,Other,,,,,,,,
Other,Urban,Less Than .25 Acres,Unknown,12000,Pole,Overhead,Yes,Contamination,,,,,,,,
Vegetation,Shrub,Less Than .25 Acres,Fire Agency,12000,Fuse,Overhead,Yes,Equipment/Facility Failure,Fuse,,,,,,,
Vegetation,Urban,Less than three {3} meters of linear travel,Fire Agency,12000,Conductor - Primary,Overhead,Yes,Contact From Object,,Vegetation,Outside Force,,,,,
Vegetation,Urban,Less than three {3} meters of linear travel,Fire Agency,12000,Conductor - Primary,Overhead,Yes,Contact From Object,,Vehicle,Human Error,,,,,
Vegetation,Herbaceous,Less Than .25 Acres,Fire Agency,240,Conductor - Racked Secondary,Overhead,Yes,Wire-Wire Contact,,,,,,,,
Other,Agriculture,Less Than .25 Acres,Fire Agency,60000,Conductor - Transmission,Overhead,Yes,Contact From Object,,Vehicle,Human Error,,,,,
Unknown,Urban,Unknown,Fire Agency,12000,Unknown,Overhead,Yes,Under Investigation,,,,,,,,
Vegetation,Agriculture,.26 - 9.99 Acres,Fire Agency,12000,Conductor - Primary,Overhead,Yes,Equipment/Facility Failure,Conductor - Primary,,,,,,,
Vegetation,Urban,Less than three {3} meters of linear travel,Fire Agency,12000,Conductor - Primary,Overhead,Yes,Contact From Object,,Vegetation,Outside Force,,,,,
Vegetation,Agriculture,Less Than .25 Acres,Utility,12000,Conductor - Primary,Overhead,Yes,Wire-Wire Contact,,,,,,,,
Vegetation,Desert Shrub,Less than three {3} meters of linear travel,Self Extinguished,12000,Pole,Overhead,Yes,Vandalism/Theft,,,,,,,,
Vegetation,Herbaceous,.26 - 9.99 Acres,Fire Agency,12000,Cutout,Overhead,Yes,Contact From Object,,Animal,Outside Force,,,,,
Vegetation,Water,Less Than .25 Acres,Fire Agency,12000,Transformer,Overhead,Yes,Other,,,Weather,,,,,
Other,Urban,Less Than .25 Acres,Unknown,12000,Pole,Overhead,Yes,Contamination,,,,,,,,
Vegetation,Agriculture,.26 - 9.99 Acres,Fire Agency,12000,Pole,Overhead,No,Contact From Object,,Vehicle,Human Error,,,,,
Building,Urban,Less Than .25 Acres,Fire Agency,12000,Automatic Wire Splice,Overhead,Yes,Equipment/Facility Failure,Automatic Wire Splice,,,,,,,
Vegetation,Urban,Less Than .25 Acres,Fire Agency,12000,Conductor - Primary,Overhead,Yes,Wire-Wire Contact,,,Weather,,,,,
Vegetation,Hardwood Forest,.26 - 9.99 Acres,Fire Agency,60000,Insulator,Overhead,Yes,Contact From Object,,Animal,Outside Force,,,,,
Vegetation,Water,Less Than .25 Acres,Self Extinguished,12000,Open Link Fuse,Overhead,Yes,Equipment/Facility Failure,Open Link Fuse,,,,,,,
Vegetation,Hardwood Woodland,Less than three {3} meters of linear travel,Fire Agency,12000,Conductor - Primary,Overhead,Yes,Equipment/Facility Failure,Conductor - Primary,,,,,,,
Vegetation,Hardwood Woodland,10 - 99 Acres,Fire Agency,115000,Conductor - Transmission,Overhead,Yes,Equipment/Facility Failure,Conductor - Transmission,,,,,,,
Vegetation,Urban,Less than three {3} meters of linear travel,Fire Agency,12000,Switch,Overhead,Yes,Equipment/Facility Failure,Switch,,,,,,,
Vegetation,Agriculture,.26 - 9.99 Acres,Unknown,12000,Pole,Overhead,Yes,Other,,,Weather,,,,,
Vegetation,Urban,Less than three {3} meters of linear travel,Utility,12000,Jumper,Overhead,Yes,Equipment/Facility Failure,Jumper,,,,,,,
Vegetation,Urban,Less than three {3} meters of linear travel,Fire Agency,12000,Conductor - Primary,Overhead,Yes,Equipment/Facility Failure,Conductor - Primary,,,,,,,
Vegetation,Urban,Less Than .25 Acres,Fire Agency,750,Conductor - Racked Secondary,Overhead,Yes,Contact From Object,,Vegetation,Outside Force,,,,,
Vegetation,Desert Shrub,.26 - 9.99 Acres,Fire Agency,12000,Pole,Overhead,Yes,Vandalism/Theft,,,,,,,,
Vegetation,Urban,Less than three {3} meters of linear travel,Customer,12000,Conductor - Primary,Overhead,Yes,Contact From Object,,Vegetation,Outside Force,,,,,
Vegetation,Urban,Less Than .25 Acres,Fire Agency,480,Service Drop,Overhead,Yes,Vandalism/Theft,,,,,,,,
Vegetation,Urban,Less Than .25 Acres,Fire Agency,12000,Jumper,Overhead,Yes,Equipment/Facility Failure,Jumper,,,,,,,
Vegetation,Wetland,Less Than .25 Acres,Fire Agency,12000,Conductor - Primary,Overhead,Yes,Contact From Object,,Balloon,Outside Force,,,,,
Vegetation,Agriculture,.26 - 9.99 Acres,Fire Agency,12000,Conductor - Primary,Overhead,Yes,Contact From Object,,Balloon,Outside Force,,,,,
Other,Agriculture,Less Than .25 Acres,Fire Agency,12000,Conductor - Primary,Overhead,Yes,Contact From Object,,Vehicle,Human Error,,,,,
Vegetation,Hardwood Forest,Less Than .25 Acres,Fire Agency,21000,Recloser,Overhead,Yes,Equipment/Facility Failure,Recloser,,,,,,,
Vegetation,Urban,Less Than .25 Acres,Fire Agency,12000,Automatic Wire Splice,Overhead,Yes,Other,,,,,,,,
Vegetation,Agriculture,Less Than .25 Acres,Fire Agency,240,Service Drop,Overhead,Yes,Contact From Object,,Vehicle,Human Error,,,,,
Vegetation,Urban,Less Than .25 Acres,Fire Agency,750,Conductor - Secondary,Overhead,Yes,Contact From Object,,Vegetation,Outside Force,,,,,
Vegetation,Herbaceous,Less Than .25 Acres,Self Extinguished,21000,Jumper,Overhead,Yes,Equipment/Facility Failure,Jumper,,,,,,,
Vegetation,Agriculture,Less Than .25 Acres,Utility,12000,Pole,Overhead,Yes,Contact From Object,,Vehicle,Human Error,,,,,
Vegetation,Herbaceous,Less than three {3} meters of linear travel,Unknown,115000,Pole,Overhead,Yes,Equipment/Facility Failure,Pole,,,,,,,
Vegetation,Urban,Less than three {3} meters of linear travel,Utility,21000,Conductor - Primary,Overhead,Yes,Equipment/Facility Failure,Conductor - Primary,,,,,,,
Vegetation,Urban,Less than three {3} meters of linear travel,Fire Agency,480,Service Drop,Overhead,Yes,Contact From Object,,Vegetation,Outside Force,,,,,
Vegetation,Urban,Less Than .25 Acres,Fire Agency,12000,Connector,Overhead,Yes,Equipment/Facility Failure,Connector,,,,,,,
Vegetation,Urban,Less Than .25 Acres,Fire Agency,240,Conductor - Secondary,Overhead,No,Wire-Wire Contact,,,,,,,,
Vegetation,Urban,Less than three {3} meters of linear travel,Unknown,115000,Insulator,Overhead,Yes,Other,,,Weather,,,,,
Vegetation,Urban,Less Than .25 Acres,Fire Agency,12000,Connector,Overhead,Yes,Equipment/Facility Failure,Connector,,,,,,,
Vegetation,Herbaceous,Less Than .25 Acres,Fire Agency,12000,Conductor - Primary,Overhead,Yes,Contact From Object,,Vegetation,Outside Force,,,,,
Other,Agriculture,Less Than .25 Acres,Fire Agency,12000,Jumper,Overhead,Yes,Contact From Object,,Animal,Outside Force,,,,,
Building,Urban,Structure Only,Fire Agency,240,Conductor - Service Neutral,Overhead,Yes,Equipment/Facility Failure,Conductor - Service Neutral,,,,,,,
Vegetation,Shrub,Less Than .25 Acres,Fire Agency,12000,E Fuse,Overhead,Yes,Equipment/Facility Failure,E Fuse,,,,,,,
Vegetation,Herbaceous,Less Than .25 Acres,Fire Agency,12000,Conductor - Primary,Overhead,Yes,Equipment/Facility Failure,Conductor - Primary,,,,,,,
Vegetation,Desert Shrub,.26 - 9.99 Acres,Fire Agency,12000,Conductor - Primary,Overhead,Yes,Wire-Wire Contact,,,Weather,,,,,
Vegetation,Urban,Less than three {3} meters of linear travel,Fire Agency,240,Service Drop,Overhead,Yes,Contact From Object,,Vegetation,Outside Force,,,,,
Vegetation,Herbaceous,Less Than .25 Acres,Customer,12000,Insulator,Overhead,Yes,Equipment/Facility Failure,Insulator,,,,,,,
Vegetation,Agriculture,Less than three {3} meters of linear travel,Self Extinguished,12000,Crossarm,Overhead,Yes,Contact From Object,,Vehicle,Human Error,,,,,
Other,Urban,Less than three {3} meters of linear travel,Fire Agency,240,Service Drop,Overhead,No,Equipment/Facility Failure,Service Drop,,,,,,,
Unknown,Urban,Less than three {3} meters of linear travel,Fire Agency,750,Unknown,Subsurface,Yes,Under Investigation,,,,,,,,
Vegetation,Urban,Less than three {3} meters of linear travel,Self Extinguished,12000,Conductor - Insulated Primary,Overhead,Yes,Equipment/Facility Failure,Conductor - Insulated Primary,,,,,,,
Vegetation,Hardwood Woodland,.26 - 9.99 Acres,Fire Agency,21000,Conductor - Primary,Overhead,Yes,Contact From Object,,Vegetation,Outside Force,,,,,
,Rural,Structure Only,Self-Extinguished,12.5,Secondary Conductor,DISTRIBUTION,Yes,EQUIPMENT/FACILITY FAILURE OR DAMAGE,SECONDARY CONDUCTOR OH,,,,,,,
,Urban,Structure Only,Self-Extinguished,12.5,Pole,DISTRIBUTION,Yes,POLE FIRE,POLE,,UNKNOWN,,,,,
VEGETATION,Rural,<3 linear meters,Self-Extinguished,12.47,Conductor,DISTRIBUTION,Yes,CONTACT FROM OBJECT,CONDUCTOR,VEGETATION CONTACT,,,,,,
VEGETATION,Rural,<3 linear meters-2 acres,Fire agency,12.47,Lightning arrestor,DISTRIBUTION,Yes,EQUIPMENT/FACILITY FAILURE OR DAMAGE,LIGHTNING ARRESTOR,,,,,,,
VEGETATION,Urban,<3 linear meters-2 acres,Fire agency,12.5,Conductor,DISTRIBUTION,Yes,EQUIPMENT/FACILITY FAILURE OR DAMAGE,CONDUCTOR,,,,,,,
VEGETATION,Rural,<3 linear meters-2 acres,Fire agency,7.21,Pole,DISTRIBUTION,Yes,CONTACT FROM OBJECT,POLE,VEGETATION CONTACT,WEATHER,,,,,
STRUCTURE,Urban,<3 linear meters,Self-Extinguished,12.47,Conductor,DISTRIBUTION,Yes,EQUIPMENT/FACILITY FAILURE OR DAMAGE,CONDUCTOR,,,,,,,
,Urban,Structure Only,Self-Extinguished,12.5,Cross Arm,DISTRIBUTION,Yes,POLE FIRE,CROSS ARM,,,,,,,
VEGETATION,Rural,<3 linear meters-2 acres,Self-Extinguished,12.47,Wire-to-wire contact,DISTRIBUTION,Yes,WIRE-TO-WIRE CONTACT,WIRE-TO-WIRE CONTACT,,FAILED SECONDARY CONDITION,,,,,
VEGETATION,Urban,<1 linear meter,Self-Extinguished,12.47,Conductor,DISTRIBUTION,Yes,EQUIPMENT/FACILITY FAILURE OR DAMAGE,CONDUCTOR,,,,,,,
VEGETATION,Rural,<3 linear meters-2 acres,Fire agency,12,Conductor,DISTRIBUTION,No,WIRE-TO-WIRE CONTACT,CONDUCTOR,,UNKNOWN,,,,,
VEGETATION,Rural,<3 linear meters-2 acres,Patrol,12.47,Conductor,DISTRIBUTION,Yes,WIRE-TO-WIRE CONTACT,CONDUCTOR,,WEATHER,,,,,
,Rural,Structure Only,Self-Extinguished,12.5,Pole,DISTRIBUTION,Yes,POLE FIRE,POLE,,,,,,,
,Rural,Structure Only,Self-Extinguished,12.5,Pole,DISTRIBUTION,Yes,POLE FIRE,POLE,,,,,,,
Vegetation,Urban,Less than three(3) meters of linear travel,Customer,12000,Conductor - Primary,Overhead,Yes,Contact From Object,,Animal,Outside Force,,,,,
Vegetation,Urban,Less Than .25 Acres,Unknown,12000,Conductor - Primary,Overhead,Yes,Contact From Object,,Other,Outside Force,,,,,
Other,Agricultural,Less Than .25 Acres,Self Extinguished,12000,Pole,Overhead,Yes,Contamination,,,,,,,,
Other,Agricultural,Less than three(3) meters of linear travel,Self Extinguished,750,Transformer Bushing,Overhead,Yes,Equipment/Facility Failure,Transformer Bushing,,,,,,,
Vegetation,Hardwood Woodland,Less Than .25 Acres,Self Extinguished,12000,Automatic Wire Splice,Overhead,Yes,Equipment/Facility Failure,Automatic Wire Splice,,,,,,,
Other,Agricultural,Less than three(3) meters of linear travel,Customer,750,Jumper,Overhead,Yes,Equipment/Facility Failure,Jumper,,,,,,,
Vegetation,Urban,Less than three(3) meters of linear travel,Unknown,12000,Conductor - Primary,Overhead,Yes,Contact From Object,,Vehicle,,,,,,
Other,Agricultural,Less Than .25 Acres,Self Extinguished,12000,Recloser,Overhead,Yes,Contact From Object,,Animal,Outside Force,,,,,
Other,Urban,Less than three(3) meters of linear travel,Unknown,12000,Conductor - Primary,Overhead,Yes,Contact From Object,,Balloon,Outside Force,,,,,
Other,Desert Shrub,Less Than .25 Acres,Self Extinguished,12000,Other,Overhead,Yes,Vandalism/Theft,,,,,,,,
Vegetation,Agricultural,Less Than .25 Acres,Customer,750,Splice/Clamp/Connector,Overhead,Yes,Equipment/Facility Failure,Splice/Clamp/Connector,,,,,,,
Vegetation,Urban,Less than three(3) meters of linear travel,Self Extinguished,750,Service Drop,Overhead,Yes,Contact From Object,,Vegetation,,,,,,
Vegetation,Urban,Less than three(3) meters of linear travel,Customer,12000,Transformer,Overhead,Yes,Equipment/Facility Failure,Transformer,,,,,,,
Vegetation,Agricultural,Less Than .25 Acres,Self Extinguished,12000,Transformer,Overhead,Yes,Contact From Object,,Animal,Outside Force,,,,,
Vegetation,Agricultural,Less Than .25 Acres,Self Extinguished,12000,Splice/Clamp/Connector,Overhead,Yes,Equipment/Facility Failure,Splice/Clamp/Connector,,,,,,,
Vegetation,Agricultural,Less Than .25 Acres,Utility,12000,Capacitor Bank,Overhead,Yes,Equipment/Facility Failure,Capacitor Bank,,,,,,,
Other,Agricultural,Less Than .25 Acres,Customer,750,Service Drop,Overhead,Yes,Equipment/Facility Failure,Service Drop,,,,,,,
Vegetation,Urban,Less Than .25 Acres,Unknown,12000,Conductor - Primary,Overhead,Yes,Contact From Object,,Vegetation,,,,,,
Vegetation,Agricultural,Less Than .25 Acres,Self Extinguished,21000,Pole,Overhead,Yes,Contact From Object,,Vehicle,,,,,,
Vegetation,Urban,Less than three(3) meters of linear travel,Customer,21000,Conductor - Primary,Overhead,Yes,Contact From Object,,Vegetation,,,,,,
Vegetation,Herbaceous,Less than three(3) meters of linear travel,Customer,750,Splice/Clamp/Connector,Overhead,Yes,Equipment/Facility Failure,Splice/Clamp/Connector,,,,,,,
Vegetation,Agricultural,Less Than .25 Acres,Utility,12000,Splice/Clamp/Connector,Overhead,Yes,Equipment/Facility Failure,Splice/Clamp/Connector,,,,,,,
Vegetation,Agricultural,Less Than .25 Acres,Self Extinguished,12000,Jumper,Overhead,Yes,Contact From Object,,Animal,Outside Force,,,,,
Vegetation,Urban,Less than three(3) meters of linear travel,Unknown,12000,Switch,Overhead,No,Equipment/Facility Failure,Switch,,,,,,,
Vegetation,Urban,Less Than .25 Acres,Self Extinguished,12000,Conductor - Primary,Overhead,Yes,Contact From Object,,Vehicle,,,,,,
Vegetation,Agricultural,Less than three(3) meters of linear travel,Self Extinguished,12000,Automatic Wire Splice,Overhead,Yes,Equipment/Facility Failure,Automatic Wire Splice,,,,,,,
Vegetation,Herbaceous,Less Than .25 Acres,Self Extinguished,750,Conductor - Open Wire Secondary,Overhead,Yes,Other,,,,,,,,
Vegetation,Hardwood Forest,Less Than .25 Acres,Customer,750,Conductor - Open Wire Secondary,Overhead,Yes,Equipment/Facility Failure,Conductor - Open Wire Secondary,,,,,,,
Vegetation,Herbaceous,Less than three(3) meters of linear travel,Self Extinguished,750,Pole,Overhead,Yes,Contact From Object,,Vehicle,,,,,,
Other,Agricultural,Less Than .25 Acres,Customer,12000,Conductor - Primary,Overhead,Yes,Contact From Object,,Balloon,Outside Force,,,,,
Building,Urban,Less than three(3) meters of linear travel,Customer,750,Service Drop,Overhead,Yes,Equipment/Facility Failure,Service Drop,,,,,,,
Other,Agricultural,Less than three(3) meters of linear travel,Customer,12000,Transformer,Overhead,Yes,Contact From Object,,Animal,Outside Force,,,,,
Other,Hardwood Forest,Less than three(3) meters of linear travel,Customer,12000,Fault Tamer,Overhead,Yes,Equipment/Facility Failure,Fault Tamer,,,,,,,
Vegetation,Urban,Less Than .25 Acres,Unknown,12000,Capacitor Bank,Overhead,Yes,Equipment/Facility Failure,Capacitor Bank,,,,,,,
Vegetation,Desert Shrub,Less Than .25 Acres,Unknown,12000,Conductor - Primary,Overhead,Yes,Vandalism/Theft,,,,,,,,
Vegetation,Agricultural,Less Than .25 Acres,Unknown,21000,Jumper,Overhead,Yes,Equipment/Facility Failure,Jumper,,,,,,,
Vegetation,Urban,Less than three(3) meters of linear travel,Unknown,12000,Conductor - Primary,Overhead,Yes,Equipment/Facility Failure,Conductor - Primary,,,,,,,
Vegetation,Herbaceous,Less Than .25 Acres,Unknown,21000,Conductor - Primary,Overhead,Yes,Contact From Object,,Vehicle,,,,,,
Other,Agricultural,Less Than .25 Acres,Unknown,12000,Conductor - Primary,Overhead,Yes,Contact From Object,,Vehicle,,,,,,
Vegetation,Urban,Less Than .25 Acres,Unknown,21000,Conductor - Primary,Overhead,Yes,Contact From Object,,Vegetation,,,,,,
Vegetation,Agricultural,Less than three(3) meters of linear travel,Unknown,115000,Circuit Breaker,Overhead,No,Equipment/Facility Failure,Circuit Breaker,,,,,,,
Vegetation,Urban,Less Than .25 Acres,Unknown,750,Riser,Overhead,Yes,Equipment/Facility Failure,Riser,,,,,,,
Vegetation,Agricultural,Less Than .25 Acres,Customer,750,Splice/Clamp/Connector,Overhead,Yes,Equipment/Facility Failure,Splice/Clamp/Connector,,,,,,,
Vegetation,Agricultural,Less than three(3) meters of linear travel,Self Extinguished,750,Service Drop,Overhead,Yes,Equipment/Facility Failure,Service Drop,,,,,,,
Other,Agricultural,Less than three(3) meters of linear travel,Self Extinguished,12000,Pothead,Overhead,Yes,Equipment/Facility Failure,Pothead,,,,,,,
Vegetation,Conifer Forest,Less Than .25 Acres,Self Extinguished,12000,Conductor - Primary,Overhead,Yes,Contact From Object,,Vegetation,,,,,,
Vegetation,Urban,Less Than .25 Acres,Self Extinguished,750,Conductor - Open Wire Secondary,Overhead,Yes,Contact From Object,,Other,Human Error,,,,,
Vegetation,Agricultural,Less Than .25 Acres,Self Extinguished,12000,Conductor - Primary,Overhead,Yes,Contact From Object,,Vegetation,,,,,,
Vegetation,Urban,Less than three(3) meters of linear travel,Unknown,4000,Transformer,Overhead,Yes,Equipment/Facility Failure,Transformer,,,,,,,
Vegetation,Urban,Less Than .25 Acres,Utility,12000,Pothead,Overhead,Yes,Contact From Object,,Animal,Outside Force,,,,,
Other,Agricultural,Less than three(3) meters of linear travel,Unknown,17000,Conductor - Primary,Overhead,Yes,Other,,,Human Error,,,,,
Vegetation,Agricultural,Less than three(3) meters of linear travel,Customer,750,Splice/Clamp/Connector,Overhead,Yes,Equipment/Facility Failure,Splice/Clamp/Connector,,,,,,,
Vegetation,Agricultural,Less Than .25 Acres,Unknown,750,Service Drop,Overhead,Yes,Contact From Object,,Vegetation,,,,,,
Vegetation,Agricultural,Less Than .25 Acres,Utility,12000,Transformer,Overhead,Yes,Contact From Object,,Vehicle,,,,,,
Other,Urban,Less than three(3) meters of linear travel,Self Extinguished,12000,Conductor - Primary,Overhead,Yes,Contact From Object,,Balloon,Outside Force,,,,,
Vegetation,Agricultural,Less Than .25 Acres,Self Extinguished,750,Transformer Bushing,Overhead,Yes,Equipment/Facility Failure,Transformer Bushing,,,,,,,
Vegetation,Herbaceous,Less Than .25 Acres,Self Extinguished,750,Splice/Clamp/Connector,Overhead,Yes,Equipment/Facility Failure,Splice/Clamp/Connector,,,,,,,
Vegetation,Agricultural,Less Than .25 Acres,Customer,750,Service Drop,Overhead,Yes,Contact From Object,,Other,Weather,,,,,
Vegetation,Herbaceous,Less than three(3) meters of linear travel,Self Extinguished,21000,Pole,Overhead,Yes,Equipment/Facility Failure,Pole,,,,,,,
Vegetation,Hardwood Woodland,Less Than .25 Acres,Customer,12000,Pole,Overhead,Yes,Contact Between Third Party Facility on Pole and Supply Lines,,,Human Error,,,,,
Vegetation,Herbaceous,Less Than .25 Acres,Unknown,115000,Insulator,Overhead,No,Contact From Object,,Animal,Outside Force,,,,,
Other,Herbaceous,Less than three(3) meters of linear travel,Unknown,70000,Pole,Overhead,Yes,Contact From Object,,Animal,Outside Force,,,,,
Vegetation,Agricultural,Less Than .25 Acres,Self Extinguished,12000,Jumper,Overhead,Yes,Equipment/Facility Failure,Jumper,,,,,,,
Vegetation,Herbaceous,Less Than .25 Acres,Self Extinguished,12000,Conductor - Primary,Overhead,Yes,Other,,,,,,,,
Vegetation,Agricultural,Less than three(3) meters of linear travel,Unknown,12000,Conductor - Primary,Overhead,Yes,Equipment/Facility Failure,Conductor - Primary,,,,,,,
Other,Hardwood Woodland,Less than three(3) meters of linear travel,Self Extinguished,12000,Transformer Bushing,Overhead,Yes,Equipment/Facility Failure,Transformer Bushing,,,,,,,
Vegetation,Conifer Forest,Less than three(3) meters of linear travel,Utility,12000,Conductor - Primary,Overhead,Yes,Contact From Object,,Vegetation,,,,,,
Vegetation,Herbaceous,Less Than .25 Acres,Fire Agency,12000,Pole,Overhead,Yes,Equipment/Facility Failure,Other,,,,,,,
Other,Urban,Less than three(3) meters of linear travel,Fire Agency,12000,Automatic Wire Splice,Overhead,Yes,Equipment/Facility Failure,Splice/Clamp/Connector,,,,,,,
Vegetation,Urban,Less Than .25 Acres,Fire Agency,21000,Conductor - Primary,Overhead,Yes,Contact From Object,,Balloon,Outside Force,,,,,
Vegetation,Herbaceous,Less Than .25 Acres,Fire Agency,12000,Conductor - Primary,Overhead,Yes,Contact From Object,,Vehicle,,,,,,
Vegetation,Agricultural,Less Than .25 Acres,Fire Agency,12000,Conductor - Primary,Overhead,Yes,Equipment/Facility Failure,Conductor - Primary,,,,,,,
Vegetation,Urban,Less Than .25 Acres,Fire Agency,12000,Transformer,Overhead,Yes,Contact From Object,,Animal,Outside Force,,,,,
Vegetation,Herbaceous,0.26-9.99 Acres,Fire Agency,21000,Conductor - Primary,Overhead,Yes,Contact From Object,,Vehicle,,,,,,
Vegetation,Agricultural,Less Than .25 Acres,Fire Agency,12000,Conductor - Primary,Overhead,Yes,Contact From Object,,Animal,Outside Force,,,,,
Building,Herbaceous,Less than three(3) meters of linear travel,Fire Agency,750,Service Drop,Overhead,Yes,Contact From Object,,Animal,Outside Force,,,,,
Vegetation,Urban,0.26-9.99 Acres,Fire Agency,12000,Conductor - Primary,Overhead,Yes,Contact From Object,,Other,Human Error,,,,,
Vegetation,Herbaceous,Less Than .25 Acres,Fire Agency,21000,Conductor - Primary,Overhead,Yes,Equipment/Facility Failure,Crossarm,,,,,,,
Vegetation,Urban,Less Than .25 Acres,Fire Agency,12000,Conductor - Primary,Overhead,Yes,Contact From Object,,Other,,,,,,
Vegetation,Shrub,Less Than .25 Acres,Fire Agency,12000,Splice/Clamp/Connector,Overhead,No,Equipment/Facility Failure,Splice/Clamp/Connector,,,,,,,
Vegetation,Urban,Less Than .25 Acres,Fire Agency,12000,Conductor - Primary,Overhead,Yes,Equipment/Facility Failure,Conductor - Primary,,,,,,,
Vegetation,Herbaceous,Less than three(3) meters of linear travel,Fire Agency,12000,Pole,Overhead,Yes,Equipment/Facility Failure,Pole,,,,,,,
Vegetation,Urban,Less Than .25 Acres,Fire Agency,750,Conductor - Open Wire Secondary,Overhead,Yes,Contact From Object,,Other,Human Error,,,,,
Vegetation,Conifer Forest,0.26-9.99 Acres,Fire Agency,12000,Conductor - Primary,Overhead,Yes,Contact From Object,,Vegetation,,,,,,
Vegetation,Hardwood Forest,Less Than .25 Acres,Fire Agency,12000,Fuse,Overhead,Yes,Equipment/Facility Failure,Fuse,,,,,,,
Vegetation,Agricultural,Less Than .25 Acres,Fire Agency,12000,Fuse,Overhead,Yes,Equipment/Facility Failure,Fuse,,,,,,,
Vegetation,Conifer Forest,Less than three(3) meters of linear travel,Fire Agency,750,Service Drop,Overhead,Yes,Contact From Object,,Vegetation,,,,,,
Vegetation,Urban,Less Than .25 Acres,Fire Agency,21000,Conductor - Primary,Overhead,Yes,Contact From Object,,Vegetation,,,,,,
Vegetation,Herbaceous,Less Than .25 Acres,Fire Agency,12000,Conductor - Primary,Overhead,Yes,Equipment/Facility Failure,Conductor - Primary,,,,,,,
Vegetation,Conifer Forest,Less Than .25 Acres,Fire Agency,12000,Conductor - Primary,Overhead,Yes,Other,,,,,,,,
Other,Urban,Less than three(3) meters of linear travel,Fire Agency,12000,Fuse,Overhead,No,Equipment/Facility Failure,Fuse,,,,,,,
Vegetation,Agricultural,Less than three(3) meters of linear travel,Fire Agency,750,Service Drop,Overhead,Yes,Equipment/Facility Failure,Service Drop,,,,,,,
Vegetation,Herbaceous,Less Than .25 Acres,Fire Agency,12000,Conductor - Primary,Overhead,Yes,Contact From Object,,Animal,Outside Force,,,,,
Vegetation,Conifer Forest,Less Than .25 Acres,Fire Agency,12000,Conductor - Primary,Overhead,Yes,Contact From Object,,Other,Human Error,,,,,
Vegetation,Agricultural,0.26-9.99 Acres,Fire Agency,12000,Conductor - Primary,Overhead,Yes,Contact From Object,,Animal,Outside Force,,,,,
Vegetation,Hardwood Forest,Less Than .25 Acres,Fire Agency,750,Splice/Clamp/Connector,Overhead,Yes,Equipment/Facility Failure,Splice/Clamp/Connector,,,,,,,
Vegetation,Agricultural,10-99 Acres,Fire Agency,12000,Conductor - Primary,Overhead,Yes,Contact From Object,,Balloon,Outside Force,,,,,
Vegetation,Urban,Less Than .25 Acres,Fire Agency,21000,Capacitor Bank,Overhead,Yes,Equipment/Facility Failure,Capacitor Bank,,,,,,,
Vegetation,Herbaceous,Less Than .25 Acres,Fire Agency,21000,Pole,Overhead,Yes,Contact From Object,,Vehicle,,,,,,
Vegetation,Hardwood Woodland,Less than three(3) meters of linear travel,Fire Agency,12000,Capacitor Bank,Overhead,Yes,Equipment/Facility Failure,Capacitor Bank,,,,,,,
Vegetation,Urban,Less Than .25 Acres,Fire Agency,21000,Conductor - Primary,Overhead,Yes,Contact From Object,,Balloon,Outside Force,,,,,
Other,Agricultural,Less Than .25 Acres,Fire Agency,12000,Conductor - Primary,Overhead,Yes,Contact From Object,,Balloon,Outside Force,,,,,
Vegetation,Urban,Less Than .25 Acres,Fire Agency,12000,Jumper,Overhead,Yes,Equipment/Facility Failure,Jumper,,,,,,,
Vegetation,Agricultural,Less Than .25 Acres,Fire Agency,12000,Pole,Overhead,Yes,Contact From Object,,Vehicle,,,,,,
Other,Urban,Less Than .25 Acres,Fire Agency,12000,Riser,Overhead,Yes,Equipment/Facility Failure,Pole,,,,,,,
Vegetation,Herbaceous,Less than three(3) meters of linear travel,Fire Agency,12000,Conductor - Primary,Overhead,Yes,Contact From Object,,Vegetation,,,,,,
Vegetation,Agricultural,Less Than .25 Acres,Fire Agency,750,Service Drop,Overhead,No,Contact From Object,,Vehicle,,,,,,
Vegetation,Hardwood Woodland,Less Than .25 Acres,Fire Agency,21000,Conductor - Primary,Overhead,Yes,Contact From Object,,Vegetation,,,,,,
Vegetation,Agricultural,Less Than .25 Acres,Fire Agency,12000,Conductor - Primary,Overhead,Yes,Contact From Object,,Vehicle,,,,,,
Vegetation,Urban,0.26-9.99 Acres,Fire Agency,60000,Pole,Overhead,Yes,Contact From Object,,Vehicle,,,,,,
Vegetation,Agricultural,0.26-9.99 Acres,Fire Agency,750,Conductor - Open Wire Secondary,Overhead,Yes,Wire-Wire Contact,,,Weather,,,,,
Vegetation,Urban,Less Than .25 Acres,Fire Agency,750,Riser,Overhead,Yes,Equipment/Facility Failure,Riser,,,,,,,
Other,Herbaceous,Less Than .25 Acres,Fire Agency,750,Conductor - Underground Service,Subsurface,No,Equipment/Facility Failure,Conductor - Underground Service,,,,,,,
Vegetation,Herbaceous,Less Than .25 Acres,Fire Agency,750,Splice/Clamp/Connector,Overhead,Yes,Equipment/Facility Failure,Splice/Clamp/Connector,,,,,,,
Vegetation,Urban,Less Than .25 Acres,Fire Agency,21000,Switch,Overhead,Yes,Equipment/Facility Failure,Switch,,,,,,,
Other,Herbaceous,0.26-9.99 Acres,Fire Agency,12000,Conductor - Primary,Overhead,Yes,Contact Between Third Party Facility on Pole and Supply Lines,,,Human Error,,,,,
Vegetation,Urban,Less than three(3) meters of linear travel,Fire Agency,750,Service Drop,Overhead,Yes,Contact From Object,,Vegetation,,,,,,
Vegetation,Agricultural,Less Than .25 Acres,Fire Agency,12000,Conductor - Primary,Overhead,Yes,Contact From Object,,Vegetation,,,,,,
Vegetation,Herbaceous,Less Than .25 Acres,Fire Agency,21000,Conductor - Primary,Overhead,Yes,Contact From Object,,Vegetation,,,,,,
Other,Urban,Less Than .25 Acres,Fire Agency,12000,Crossarm,Overhead,Yes,Contamination,,,,,,,,
Other,Herbaceous,Less Than .25 Acres,Fire Agency,12000,Pole,Overhead,Yes,Equipment/Facility Failure,Pole,,,,,,,
Vegetation,Agricultural,Less Than .25 Acres,Fire Agency,12000,Conductor - Primary,Overhead,Yes,Contact From Object,,Animal,Outside Force,,,,,
Other,Hardwood Forest,Less than three(3) meters of linear travel,Fire Agency,12000,Pole,Overhead,Yes,Other,,,,,,,,
Other,Urban,Less Than .25 Acres,Fire Agency,750,Conductor - Insulated Secondary,Overhead,Yes,Equipment/Facility Failure,Conductor - Insulated Secondary,,,,,,,
Vegetation,Agricultural,Less Than .25 Acres,Fire Agency,12000,Conductor - Primary,Overhead,Yes,Contact From Object,,Vegetation,,,,,,
Vegetation,Conifer Forest,Less Than .25 Acres,Fire Agency,12000,Conductor - Primary,Overhead,Yes,Contact From Object,,Vegetation,,,,,,
Vegetation,Urban,0.26-9.99 Acres,Fire Agency,21000,Other,Overhead,Yes,Equipment/Facility Failure,Other,,,,,,,
Vegetation,Urban,Less Than .25 Acres,Fire Agency,750,Other,Overhead,No,Other,,,,,,,,
Vegetation,Urban,Less Than .25 Acres,Fire Agency,21000,Pole,Overhead,Yes,Contact From Object,,Animal,Outside Force,,,,,
Other,Urban,Structure Only,Fire Agency,750,Transformer,Overhead,Yes,Other,,,,,,,,
Vegetation,Herbaceous,0.26-9.99 Acres,Fire Agency,12000,Pole,Overhead,Yes,Contact From Object,,Vehicle,,,,,,
Vegetation,Herbaceous,Less Than .25 Acres,Fire Agency,21000,Insulator,Overhead,Yes,Contamination,,,,,,,,
Vegetation,Agricultural,0.26-9.99 Acres,Fire Agency,750,Conductor - Insulated Secondary,Overhead,Yes,Other,,,,,,,,
Vegetation,Agricultural,0.26-9.99 Acres,Fire Agency,60000,Pole,Overhead,Yes,Other,,,Weather,,,,,
Other,Hardwood Woodland,Less Than .25 Acres,Fire Agency,12000,Conductor - Primary,Overhead,Yes,Contact From Object,,Animal,Outside Force,,,,,
Vegetation,Herbaceous,Less than three(3) meters of linear travel,Fire Agency,12000,Jumper,Overhead,No,Equipment/Facility Failure,Jumper,,,,,,,
Other,Agricultural,Less Than .25 Acres,Fire Agency,12000,Voltage Regulator,Overhead,Yes,Equipment/Facility Failure,Voltage Regulator,,,,,,,
Vegetation,Herbaceous,0.26-9.99 Acres,Fire Agency,12000,Conductor - Primary,Overhead,Yes,Contact From Object,,Vehicle,,,,,,
Vegetation,Urban,Less Than .25 Acres,Fire Agency,12000,Fuse,Overhead,Yes,Equipment/Facility Failure,Fuse,,,,,,,
Vegetation,Urban,Less than three(3) meters of linear travel,Fire Agency,12000,Switch,Overhead,Yes,Equipment/Facility Failure,Switch,,,,,,,
Other,Agricultural,Less than three(3) meters of linear travel,Fire Agency,12000,Capacitor Bank,Overhead,Yes,Equipment/Facility Failure,Capacitor Bank,,,,,,,
Vegetation,Urban,Less Than .25 Acres,Fire Agency,12000,Capacitor Bank,Overhead,No,Equipment/Facility Failure,Capacitor Bank,,,,,,,
Vegetation,Urban,Less Than .25 Acres,Fire Agency,21000,Conductor - Primary,Overhead,Yes,Contact From Object,,Vegetation,,,,,,
Vegetation,Urban,Less Than .25 Acres,Fire Agency,12000,Conductor - Primary,Overhead,Yes,Contact From Object,,Vegetation,,,,,,
Vegetation,Wetland,Less Than .25 Acres,Fire Agency,21000,Switch,Overhead,Yes,Equipment/Facility Failure,Switch,,,,,,,
Vegetation,Urban,Less Than .25 Acres,Fire Agency,12000,Unknown,Overhead,Yes,Unknown,,,,,,,,
Vegetation,Urban,Less Than .25 Acres,Fire Agency,21000,Conductor - Primary,Overhead,Yes,Other,,,,,,,,
Vegetation,Urban,Less than three(3) meters of linear travel,Fire Agency,750,Conductor - Insulated Secondary,Overhead,Yes,Contact From Object,,Animal,Outside Force,,,,,
Other,Urban,Less than three(3) meters of linear travel,Fire Agency,21000,Insulator,Overhead,Yes,Equipment/Facility Failure,Insulator,,,,,,,
Vegetation,Urban,Less than three(3) meters of linear travel,Fire Agency,750,Transformer,Overhead,Yes,Equipment/Facility Failure,Transformer,,,,,,,
Vegetation,Shrub,"Greater than 5,000 Acres",Fire Agency,60000,,Overhead,Yes,Under Investigation,,,,,,,,
Other,Urban,Less Than .25 Acres,Fire Agency,21000,Conductor - Primary,Overhead,Yes,Equipment/Facility Failure,Conductor - Primary,,,,,,,
Vegetation,Herbaceous,Less Than .25 Acres,Fire Agency,750,Conductor - Racked Secondary,Overhead,No,Contact From Object,,Vegetation,,,,,,
Other,Urban,Less than three(3) meters of linear travel,Fire Agency,12000,Guy/Span Wire,Overhead,Yes,Equipment/Facility Failure,Guy/Span Wire,,,,,,,
Vegetation,Conifer Forest,Less Than .25 Acres,Fire Agency,21000,Conductor - Primary,Overhead,Yes,Equipment/Facility Failure,Conductor - Primary,,,,,,,
Vegetation,Urban,0.26-9.99 Acres,Fire Agency,12000,Conductor - Primary,Overhead,Yes,Contact From Object,,Animal,Outside Force,,,,,
Other,Urban,Less Than .25 Acres,Fire Agency,750,Conductor - Open Wire Secondary,Overhead,Yes,Contact From Object,,Animal,Outside Force,,,,,
Vegetation,Conifer Forest,Less Than .25 Acres,Fire Agency,750,Tree Connect,Overhead,Yes,Contact From Object,,Vegetation,,,,,,
Vegetation,Urban,Less Than .25 Acres,Fire Agency,21000,Conductor - Primary,Overhead,No,Contact From Object,,Other,Human Error,,,,,
Vegetation,Hardwood Woodland,Less Than .25 Acres,Fire Agency,12000,Conductor - Primary,Overhead,Yes,Contact From Object,,Vegetation,,,,,,
Vegetation,Urban,Less Than .25 Acres,Fire Agency,750,Service Drop,Overhead,Yes,Equipment/Facility Failure,Service Drop,,,,,,,
Vegetation,Agricultural,Less Than .25 Acres,Fire Agency,12000,Conductor - Primary,Overhead,No,Contact From Object,,Vehicle,,,,,,
Vegetation,Urban,0.26-9.99 Acres,Fire Agency,12000,Conductor - Primary,Overhead,Yes,Contact From Object,,Vegetation,,,,,,
Vegetation,Urban,0.26-9.99 Acres,Fire Agency,21000,Switch,Overhead,Yes,Equipment/Facility Failure,Switch,,,,,,,
Vegetation,Shrub,Less Than .25 Acres,Fire Agency,750,Conductor - Open Wire Secondary,Overhead,Yes,Contact Between Third Party Facility on Pole and Supply Lines,,,Human Error,,,,,
Vegetation,Herbaceous,0.26-9.99 Acres,Fire Agency,750,Service Drop,Overhead,Yes,Contact From Object,,Vegetation,,,,,,
Vegetation,Herbaceous,10-99 Acres,Fire Agency,17000,Pole,Overhead,Yes,Contact From Object,,Vehicle,,,,,,
Vegetation,Conifer Forest,Less Than .25 Acres,Fire Agency,60000,Conductor - Transmission,Overhead,Yes,Equipment/Facility Failure,Conductor - Transmission,,,,,,,
Vegetation,Urban,Less Than .25 Acres,Fire Agency,70000,Conductor - Transmission,Overhead,Yes,Wire-Wire Contact,,,Weather,,,,,
Vegetation,Conifer Forest,Less Than .25 Acres,Fire Agency,12000,Conductor - Primary,Overhead,Yes,Contact From Object,,Vegetation,,,,,,
Vegetation,Herbaceous,Less Than .25 Acres,Fire Agency,21000,Switch,Overhead,No,Equipment/Facility Failure,Switch,,,,,,,
Vegetation,Agricultural,0.26-9.99 Acres,Fire Agency,21000,Transformer Bushing,Overhead,Yes,Contact From Object,,Animal,Outside Force,,,,,
Vegetation,Herbaceous,Less Than .25 Acres,Fire Agency,750,Service Drop,Overhead,Yes,Contact From Object,,Vegetation,,,,,,
Vegetation,Urban,Less Than .25 Acres,Fire Agency,21000,Switch,Subsurface,Yes,Equipment/Facility Failure,Switch,,,,,,,
Vegetation,Urban,Less Than .25 Acres,Fire Agency,750,Service Drop,Overhead,Yes,Equipment/Facility Failure,Service Drop,,,,,,,
Vegetation,Urban,Less than three(3) meters of linear travel,Fire Agency,750,Service Drop,Overhead,Yes,Contact From Object,,Vegetation,,,,,,
Vegetation,Herbaceous,Less than three(3) meters of linear travel,Fire Agency,12000,Conductor - Primary,Overhead,Yes,Equipment/Facility Failure,Conductor - Primary,,,,,,,
Vegetation,Agricultural,Less Than .25 Acres,Fire Agency,115000,Conductor - Transmission,Overhead,Yes,Contact From Object,,Vehicle,,,,,,
Vegetation,Hardwood Woodland,Less Than .25 Acres,Fire Agency,12000,Conductor - Primary,Overhead,Yes,Contact From Object,,Vehicle,,,,,,
Vegetation,Urban,0.26-9.99 Acres,Fire Agency,12000,Conductor - Primary,Overhead,No,Contact From Object,,Vehicle,,,,,,
Vegetation,Herbaceous,Less Than .25 Acres,Fire Agency,12000,Pothead,Overhead,Yes,Contact From Object,,Animal,Outside Force,,,,,
Vegetation,Conifer Forest,Less than three(3) meters of linear travel,Fire Agency,21000,Conductor - Primary,Overhead,Yes,Contact From Object,,Vegetation,,,,,,
Vegetation,Herbaceous,Less Than .25 Acres,Fire Agency,12000,Conductor - Primary,Overhead,Yes,Contact From Object,,Vegetation,,,,,,
Vegetation,Herbaceous,Less Than .25 Acres,Fire Agency,21000,Splice/Clamp/Connector,Overhead,Yes,Equipment/Facility Failure,Splice/Clamp/Connector,,,,,,,
Vegetation,Hardwood Forest,Less Than .25 Acres,Fire Agency,750,Conductor - Open Wire Secondary,Overhead,Yes,Contact From Object,,Vegetation,,,,,,
Other,Urban,Less than three(3) meters of linear travel,Fire Agency,21000,Conductor - Primary,Overhead,Yes,Contact From Object,,Balloon,Outside Force,,,,,
Other,Hardwood Woodland,0.26-9.99 Acres,Fire Agency,12000,Conductor - Primary,Overhead,Yes,Contact From Object,,Vehicle,,,,,,
Vegetation,Urban,Less than three(3) meters of linear travel,Fire Agency,21000,Transformer,Subsurface,Yes,Equipment/Facility Failure,Transformer,,,,,,,
Vegetation,Urban,Less Than .25 Acres,Fire Agency,12000,Conductor - Primary,Overhead,Yes,Contact From Object,,Animal,Outside Force,,,,,
Vegetation,Agricultural,0.26-9.99 Acres,Fire Agency,21000,Conductor - Primary,Overhead,Yes,Contact From Object,,Vehicle,,,,,,
Vegetation,Hardwood Forest,Less Than .25 Acres,Fire Agency,750,Transformer,Overhead,Yes,Contact From Object,,Vegetation,,,,,,
Vegetation,Urban,0.26-9.99 Acres,Fire Agency,21000,Fuse,Overhead,Yes,Equipment/Facility Failure,Fuse,,,,,,,
Vegetation,Hardwood Woodland,0.26-9.99 Acres,Fire Agency,21000,Automatic Wire Splice,Overhead,Yes,Equipment/Facility Failure,Automatic Wire Splice,,,,,,,
Vegetation,Agricultural,Less than three(3) meters of linear travel,Fire Agency,12000,Transformer,Overhead,Yes,Equipment/Facility Failure,Transformer,,,,,,,
Vegetation,Hardwood Forest,Less Than .25 Acres,Fire Agency,750,Service Drop,Overhead,Yes,Other,,,,,,,,
Other,Hardwood Woodland,Less Than .25 Acres,Fire Agency,21000,Conductor - Primary,Overhead,Yes,Contact From Object,,Animal,Outside Force,,,,,
Other,Urban,Less than three(3) meters of linear travel,Fire Agency,12000,Jumper,Overhead,No,Equipment/Facility Failure,Jumper,,,,,,,
Vegetation,Herbaceous,Less Than .25 Acres,Fire Agency,12000,Conductor - Primary,Overhead,Yes,Equipment/Facility Failure,Conductor - Primary,,,,,,,
Vegetation,Hardwood Woodland,Less Than .25 Acres,Fire Agency,12000,Conductor - Primary,Overhead,Yes,Contact From Object,,Vegetation,,,,,,
Vegetation,Urban,Less than three(3) meters of linear travel,Fire Agency,750,Service Drop,Overhead,No,Equipment/Facility Failure,Service Drop,,,,,,,
Vegetation,Agricultural,Less Than .25 Acres,Fire Agency,12000,Recloser,Overhead,No,Contact From Object,,Animal,Outside Force,,,,,
Other,Urban,Less than three(3) meters of linear travel,Fire Agency,750,Crossarm,Overhead,Yes,Contact From Object,,Animal,Outside Force,,,,,
Vegetation,Herbaceous,0.26-9.99 Acres,Fire Agency,21000,Splice/Clamp/Connector,Overhead,Yes,Equipment/Facility Failure,Splice/Clamp/Connector,,,,,,,
Vegetation,Agricultural,Less Than .25 Acres,Fire Agency,12000,Automatic Wire Splice,Overhead,Yes,Equipment/Facility Failure,Automatic Wire Splice,,,,,,,
Other,Agricultural,Less than three(3) meters of linear travel,Fire Agency,12000,Pole,Overhead,Yes,Equipment/Facility Failure,Pole,,,,,,,
Vegetation,Urban,Less Than .25 Acres,Fire Agency,12000,Conductor - Primary,Overhead,Yes,Contact Between Third Party Facility on Pole and Supply Lines,,,Human Error,,,,,
Vegetation,Urban,Less than three(3) meters of linear travel,Fire Agency,12000,Conductor - Primary,Overhead,Yes,Equipment/Facility Failure,Conductor - Primary,,,,,,,
Vegetation,Herbaceous,Less Than .25 Acres,Fire Agency,12000,Insulator,Overhead,Yes,Equipment/Facility Failure,Insulator,,,,,,,
Other,Agricultural,Less Than .25 Acres,Fire Agency,12000,Conductor - Primary,Overhead,Yes,Contact From Object,,Vehicle,,,,,,
Vegetation,Urban,Less Than .25 Acres,Fire Agency,12000,Pole,Overhead,Yes,Equipment/Facility Failure,Pole,,,,,,,
Vegetation,Hardwood Woodland,10-99 Acres,Fire Agency,750,Service Drop,Overhead,Yes,Contact From Object,,Vegetation,,,,,,
Vegetation,Conifer Forest,Less Than .25 Acres,Fire Agency,12000,Conductor - Primary,Overhead,Yes,Contact From Object,,Other,Human Error,,,,,
Vegetation,Conifer Forest,Less than three(3) meters of linear travel,Fire Agency,12000,Conductor - Primary,Overhead,Yes,Contact From Object,,Vegetation,,,,,,
Other,Agricultural,Less Than .25 Acres,Fire Agency,12000,Transformer,Overhead,Yes,Equipment/Facility Failure,Transformer,,,,,,,
Vegetation,Conifer Forest,0.26-9.99 Acres,Fire Agency,12000,Splice/Clamp/Connector,Overhead,Yes,Other,,,,,,,,
Other,Urban,Less Than .25 Acres,Fire Agency,750,Conductor - Insulated Secondary,Overhead,Yes,Equipment/Facility Failure,Pole,,,,,,,
Other,Urban,Structure Only,Fire Agency,750,Meter,Overhead,Yes,Equipment/Facility Failure,Meter,,,,,,,
Other,Hardwood Forest,Less Than .25 Acres,Fire Agency,750,Service Drop,Overhead,Yes,Equipment/Facility Failure,Service Drop,,,,,,,
Vegetation,Urban,Less Than .25 Acres,Fire Agency,750,Conductor - Open Wire Secondary,Overhead,Yes,Contact From Object,,Vegetation,,,,,,
Other,Urban,Less than three(3) meters of linear travel,Fire Agency,750,Conductor - Insulated Secondary,Subsurface,Yes,Equipment/Facility Failure,Conductor - Insulated Secondary,,,,,,,
Vegetation,Agricultural,Less than three(3) meters of linear travel,Fire Agency,12000,Conductor - Primary,Overhead,Yes,Equipment/Facility Failure,Conductor - Primary,,,,,,,
Vegetation,Agricultural,Less Than .25 Acres,Fire Agency,12000,Conductor - Primary,Overhead,Yes,Contact From Object,,Other,Human Error,,,,,
Vegetation,Hardwood Woodland,Less Than .25 Acres,Fire Agency,12000,Conductor - Primary,Overhead,Yes,Contact From Object,,Vegetation,,,,,,
Other,Urban,Less Than .25 Acres,Fire Agency,12000,Transformer,Overhead,Yes,Equipment/Facility Failure,Transformer,,,,,,,
Vegetation,Herbaceous,0.26-9.99 Acres,Fire Agency,21000,Conductor - Primary,Overhead,Yes,Equipment/Facility Failure,Conductor - Primary,,,,,,,
Other,Urban,Less Than .25 Acres,Fire Agency,21000,Switch,Subsurface,Yes,Equipment/Facility Failure,Switch,,,,,,,
Vegetation,Urban,Less Than .25 Acres,Fire Agency,750,Conductor - Open Wire Secondary,Overhead,Yes,Contact Between Third Party Facility on Pole and Supply Lines,,,Human Error,,,,,
Vegetation,Agricultural,Less than three(3) meters of linear travel,Fire Agency,750,Service Drop,Overhead,Yes,Equipment/Facility Failure,Service Drop,,,,,,,
Vegetation,Urban,0.26-9.99 Acres,Fire Agency,12000,Jumper,Overhead,Yes,Other,,,,,,,,
Vegetation,Urban,Less Than .25 Acres,Fire Agency,70000,Pole,Overhead,Yes,Other,,,Weather,,,,,
Vegetation,Urban,Less Than .25 Acres,Fire Agency,12000,Splice/Clamp/Connector,Overhead,Yes,Equipment/Facility Failure,Splice/Clamp/Connector,,,,,,,
Vegetation,Urban,Less than three(3) meters of linear travel,Fire Agency,21000,Conductor - Primary,Overhead,Yes,Contact From Object,,Vegetation,,,,,,
Vegetation,Urban,Less Than .25 Acres,Fire Agency,12000,Pole,Overhead,Yes,Contact From Object,,Vehicle,,,,,,
Vegetation,Urban,Less Than .25 Acres,Fire Agency,12000,Transformer,Overhead,Yes,Equipment/Facility Failure,Transformer,,,,,,,
Vegetation,Conifer Forest,Less Than .25 Acres,Fire Agency,12000,Conductor - Primary,Overhead,Yes,Contact From Object,,Other,Human Error,,,,,
Vegetation,Urban,Less than three(3) meters of linear travel,Fire Agency,12000,Conductor - Primary,Overhead,Yes,Contact Between Third Party Facility on Pole and Supply Lines,,,Human Error,,,,,
Vegetation,Hardwood Woodland,Less than three(3) meters of linear travel,Fire Agency,750,Service Drop,Overhead,Yes,Contact From Object,,Vegetation,,,,,,
Other,Water,Less Than .25 Acres,Fire Agency,12000,Conductor - Primary,Overhead,Yes,Contact From Object,,Other,,,,,,
Vegetation,Herbaceous,Less Than .25 Acres,Fire Agency,750,Service Drop,Overhead,No,Equipment/Facility Failure,Service Drop,,,,,,,
Vegetation,Agricultural,Less Than .25 Acres,Fire Agency,12000,Conductor - Primary,Overhead,Yes,Equipment/Facility Failure,Conductor - Primary,,,,,,,
Vegetation,Urban,Less than three(3) meters of linear travel,Fire Agency,12000,Transformer,Overhead,Yes,Contact From Object,,Animal,Outside Force,,,,,
Vegetation,Urban,Less than three(3) meters of linear travel,Fire Agency,750,Splice/Clamp/Connector,Overhead,Yes,Equipment/Facility Failure,Splice/Clamp/Connector,,,,,,,
Vegetation,Water,Less Than .25 Acres,Fire Agency,12000,Pole,Overhead,Yes,Vandalism/Theft,,,,,,,,
Vegetation,Urban,Less than three(3) meters of linear travel,Fire Agency,750,Conductor - Insulated Secondary,Overhead,Yes,Equipment/Facility Failure,Conductor - Insulated Secondary,,,,,,,
Other,Urban,0.26-9.99 Acres,Fire Agency,12000,Conductor - Primary,Overhead,Yes,Contact From Object,,Balloon,Outside Force,,,,,
Vegetation,Agricultural,0.26-9.99 Acres,Fire Agency,12000,Conductor - Primary,Overhead,Yes,Contact From Object,,Vegetation,,,,,,
Vegetation,Urban,Less than three(3) meters of linear travel,Fire Agency,750,Service Drop,Overhead,Yes,Contact From Object,,Vegetation,,,,,,
Vegetation,Urban,Less Than .25 Acres,Fire Agency,12000,Conductor - Primary,Overhead,Yes,Equipment/Facility Failure,Conductor - Primary,,,,,,,
Building,Herbaceous,Unknown,Fire Agency,750,,Overhead,Yes,Under Investigation,,,,,,,,
Other,Urban,Less Than .25 Acres,Fire Agency,60000,Conductor - Transmission,Overhead,Yes,Contact From Object,,Balloon,Outside Force,,,,,
Vegetation,Urban,Less than three(3) meters of linear travel,Fire Agency,12000,Riser,Subsurface,Yes,Contact From Object,,Other,Outside Force,,,,,
Vegetation,Urban,Less Than .25 Acres,Fire Agency,12000,Conductor - Primary,Overhead,Yes,Contact From Object,,Vegetation,,,,,,
Vegetation,Hardwood Forest,Less than three(3) meters of linear travel,Fire Agency,12000,Conductor - Primary,Overhead,Yes,Other,,,Human Error,,,,,
Vegetation,Agricultural,Less Than .25 Acres,Fire Agency,12000,Lightning Arrestor,Overhead,Yes,Contact From Object,,Animal,Outside Force,,,,,
Vegetation,Conifer Forest,Less Than .25 Acres,Fire Agency,12000,Conductor - Primary,Overhead,Yes,Contact From Object,,Vegetation,,,,,,
Building,Urban,Less than three(3) meters of linear travel,Fire Agency,12000,Conductor - Primary,Subsurface,Yes,Equipment/Facility Failure,Conductor - Primary,,,,,,,
Other,Agricultural,0.26-9.99 Acres,Fire Agency,12000,Conductor - Primary,Overhead,Yes,Contact From Object,,Balloon,Outside Force,,,,,
Vegetation,Hardwood Woodland,0.26-9.99 Acres,Fire Agency,12000,Conductor - Primary,Overhead,Yes,Contact From Object,,Vegetation,,,,,,
Vegetation,Agricultural,0.26-9.99 Acres,Fire Agency,750,Splice/Clamp/Connector,Overhead,No,Equipment/Facility Failure,Splice/Clamp/Connector,,,,,,,
Vegetation,Hardwood Woodland,Less Than .25 Acres,Fire Agency,21000,Unknown,Overhead,Yes,Unknown,,,,,,,,
Vegetation,Agricultural,Less Than .25 Acres,Fire Agency,12000,Conductor - Primary,Overhead,Yes,Contact From Object,,Other,Human Error,,,,,
Vegetation,Agricultural,0.26-9.99 Acres,Fire Agency,21000,Conductor - Primary,Overhead,Yes,Contact From Object,,Vegetation,,,,,,
Vegetation,Agricultural,Less Than .25 Acres,Fire Agency,21000,Fuse,Overhead,Yes,Equipment/Facility Failure,Fuse,,,,,,,
Vegetation,Hardwood Woodland,Less Than .25 Acres,Fire Agency,12000,Conductor - Primary,Overhead,Yes,Contact From Object,,Vegetation,,,,,,
Vegetation,Herbaceous,Less Than .25 Acres,Fire Agency,115000,Conductor - Transmission,Overhead,No,Contact From Object,,Animal,Outside Force,,,,,
Vegetation,Agricultural,Less Than .25 Acres,Fire Agency,12000,Fuse,Overhead,Yes,Equipment/Facility Failure,Fuse,,,,,,,
Vegetation,Hardwood Forest,Less Than .25 Acres,Fire Agency,12000,Conductor - Primary,Overhead,Yes,Other,,,,,,,,
Vegetation,Herbaceous,Less Than .25 Acres,Fire Agency,12000,Splice/Clamp/Connector,Overhead,Yes,Other,,,,,,,,
Vegetation,Agricultural,Less Than .25 Acres,Fire Agency,115000,Insulator,Overhead,Yes,Contact From Object,,Animal,Outside Force,,,,,
Other,Urban,Less Than .25 Acres,Fire Agency,21000,Conductor - Primary,Overhead,Yes,Contact From Object,,Balloon,Outside Force,,,,,
Vegetation,Herbaceous,Less Than .25 Acres,Fire Agency,12000,Voltage Regulator,Overhead,Yes,Equipment/Facility Failure,Voltage Regulator,,,,,,,
Building,Hardwood Woodland,Less than three(3) meters of linear travel,Fire Agency,750,Service Drop,Overhead,Yes,Equipment/Facility Failure,Service Drop,,,,,,,
Vegetation,Urban,Less Than .25 Acres,Fire Agency,750,Service Drop,Overhead,Yes,Contact From Object,,Vegetation,,,,,,
Vegetation,Herbaceous,0.26-9.99 Acres,Fire Agency,12000,Pole,Overhead,Yes,Contact From Object,,Vehicle,,,,,,
Vegetation,Urban,Less Than .25 Acres,Fire Agency,750,Service Drop,Overhead,Yes,Equipment/Facility Failure,Service Drop,,,,,,,
Vegetation,Herbaceous,Less Than .25 Acres,Fire Agency,17000,Fuse,Overhead,Yes,Equipment/Facility Failure,Fuse,,,,,,,
Vegetation,Urban,Less Than .25 Acres,Fire Agency,12000,Fuse,Overhead,Yes,Other,,,,,,,,
Vegetation,Herbaceous,0.26-9.99 Acres,Fire Agency,12000,Conductor - Primary,Overhead,Yes,Contact From Object,,Animal,Outside Force,,,,,
Vegetation,Conifer Forest,0.26-9.99 Acres,Fire Agency,12000,Conductor - Primary,Overhead,Yes,Contact From Object,,Vegetation,,,,,,
Vegetation,Hardwood Woodland,Less Than .25 Acres,Fire Agency,12000,Conductor - Primary,Overhead,Yes,Contact From Object,,Vegetation,,,,,,
Vegetation,Herbaceous,Less Than .25 Acres,Fire Agency,21000,Pole,Overhead,Yes,Contact From Object,,Vehicle,,,,,,
Vegetation,Urban,Less Than .25 Acres,Fire Agency,12000,Conductor - Primary,Overhead,Yes,Equipment/Facility Failure,Conductor - Primary,,,,,,,
Vegetation,Hardwood Forest,Less Than .25 Acres,Fire Agency,12000,Conductor - Primary,Overhead,Yes,Contact From Object,,Vegetation,,,,,,
Vegetation,Agricultural,0.26-9.99 Acres,Fire Agency,12000,Pole,Overhead,Yes,Contact From Object,,Vegetation,,,,,,
Vegetation,Barren/Other,Less Than .25 Acres,Fire Agency,12000,Jumper,Overhead,No,Equipment/Facility Failure,Jumper,,,,,,,
Vegetation,Urban,Less than three(3) meters of linear travel,Fire Agency,21000,Transformer,Overhead,Yes,Equipment/Facility Failure,Transformer,,,,,,,
Vegetation,Hardwood Woodland,0.26-9.99 Acres,Fire Agency,12000,Conductor - Primary,Overhead,Yes,Contact From Object,,Vegetation,,,,,,
Other,Urban,10-99 Acres,Fire Agency,12000,Pole,Overhead,Yes,Contact From Object,,Vehicle,,,,,,
Vegetation,Herbaceous,Less Than .25 Acres,Fire Agency,12000,Transformer Bushing,Overhead,No,Contact From Object,,Vehicle,,,,,,
Other,Urban,0.26-9.99 Acres,Fire Agency,750,Splice/Clamp/Connector,Overhead,Yes,Equipment/Facility Failure,Splice/Clamp/Connector,,,,,,,
Other,Urban,Less Than .25 Acres,Fire Agency,12000,Pole,Overhead,Yes,Equipment/Facility Failure,Pole,,,,,,,
Other,Urban,Less than three(3) meters of linear travel,Fire Agency,12000,Conductor - Primary,Overhead,Yes,Contact From Object,,Balloon,Outside Force,,,,,
Vegetation,Urban,Less Than .25 Acres,Fire Agency,12000,Conductor - Primary,Overhead,Yes,Contact From Object,,Vegetation,,,,,,
Vegetation,Hardwood Woodland,Less Than .25 Acres,Fire Agency,21000,Conductor - Primary,Overhead,Yes,Contact From Object,,Vegetation,,,,,,
Vegetation,Urban,0.26-9.99 Acres,Fire Agency,12000,Conductor - Primary,Overhead,Yes,Contact From Object,,Vegetation,,,,,,
Vegetation,Agricultural,10-99 Acres,Fire Agency,115000,Conductor - Transmission,Overhead,Yes,Equipment/Facility Failure,Conductor - Transmission,,,,,,,
Other,Agricultural,0.26-9.99 Acres,Fire Agency,12000,Fuse,Overhead,No,Contact From Object,,Animal,Outside Force,,,,,
Other,Agricultural,Less Than .25 Acres,Fire Agency,12000,Insulator,Overhead,Yes,Contact From Object,,Animal,Outside Force,,,,,
Vegetation,Urban,Less Than .25 Acres,Fire Agency,750,Guy/Span Wire,Overhead,Yes,Equipment/Facility Failure,Guy/Span Wire,,,,,,,
Vegetation,Urban,Less than three(3) meters of linear travel,Fire Agency,12000,Pole,Overhead,Yes,Equipment/Facility Failure,Pole,,,,,,,
Vegetation,Urban,10-99 Acres,Fire Agency,60000,,Overhead,Yes,Under Investigation,,,,,,,,
Vegetation,Barren/Other,Less Than .25 Acres,Fire Agency,750,Service Drop,Overhead,No,Contact From Object,,Vegetation,,,,,,
Other,Agricultural,Structure Only,Fire Agency,750,Service Drop,Overhead,Yes,Equipment/Facility Failure,Service Drop,,,,,,,
Vegetation,Herbaceous,0.26-9.99 Acres,Fire Agency,12000,Conductor - Primary,Overhead,Yes,Contact From Object,,Balloon,Outside Force,,,,,
Vegetation,Hardwood Woodland,Less Than .25 Acres,Fire Agency,12000,Conductor - Primary,Overhead,Yes,Equipment/Facility Failure,Conductor - Primary,,,,,,,
Vegetation,Herbaceous,Less Than .25 Acres,Fire Agency,21000,Conductor - Primary,Overhead,Yes,Contact From Object,,Vegetation,,,,,,
Vegetation,Herbaceous,10-99 Acres,Fire Agency,12000,Conductor - Primary,Overhead,Yes,Contact From Object,,Animal,Outside Force,,,,,
Other,Shrub,Less Than .25 Acres,Fire Agency,12000,Conductor - Primary,Overhead,Yes,Contact From Object,,Animal,Outside Force,,,,,
Vegetation,Urban,Less Than .25 Acres,Fire Agency,12000,Guy/Span Wire,Overhead,Yes,Contact From Object,,Vehicle,,,,,,
Vegetation,Urban,0.26-9.99 Acres,Fire Agency,12000,Conductor - Primary,Overhead,Yes,Equipment/Facility Failure,Conductor - Primary,,,,,,,
Vegetation,Herbaceous,Less Than .25 Acres,Fire Agency,750,Service Drop,Overhead,No,Contact From Object,,Vegetation,,,,,,
Vegetation,Herbaceous,Less than three(3) meters of linear travel,Fire Agency,21000,Conductor - Primary,Overhead,Yes,Contact From Object,,Vehicle,,,,,,
Vegetation,Conifer Forest,Less Than .25 Acres,Fire Agency,21000,Conductor - Primary,Overhead,Yes,Contact From Object,,Vegetation,,,,,,
Vegetation,Agricultural,Less Than .25 Acres,Fire Agency,12000,Conductor - Primary,Overhead,Yes,Contact From Object,,Vehicle,,,,,,
Vegetation,Urban,Less Than .25 Acres,Fire Agency,21000,Automatic Wire Splice,Overhead,Yes,Equipment/Facility Failure,Automatic Wire Splice,,,,,,,
Other,Barren/Other,0.26-9.99 Acres,Fire Agency,12000,Crossarm,Overhead,Yes,Contamination,,,,,,,,
Vegetation,Urban,Less Than .25 Acres,Fire Agency,21000,Common Neutral,Overhead,Yes,Contact From Object,,Vegetation,,,,,,
Vegetation,Urban,Less than three(3) meters of linear travel,Fire Agency,12000,Conductor - Primary,Overhead,Yes,Contact From Object,,Animal,Outside Force,,,,,
Vegetation,Agricultural,Less Than .25 Acres,Fire Agency,12000,Splice/Clamp/Connector,Overhead,Yes,Equipment/Facility Failure,Splice/Clamp/Connector,,,,,,,
Building,Urban,Structure Only,Fire Agency,750,Service Drop,Subsurface,Yes,Equipment/Facility Failure,Service Drop,,,,,,,
Vegetation,Urban,Less Than .25 Acres,Fire Agency,12000,Conductor - Primary,Overhead,Yes,Contact From Object,,Animal,Outside Force,,,,,
Vegetation,Hardwood Woodland,0.26-9.99 Acres,Fire Agency,4000,Conductor - Primary,Overhead,Yes,Contact From Object,,Vegetation,,,,,,
Vegetation,Hardwood Forest,0.26-9.99 Acres,Fire Agency,12000,Conductor - Primary,Overhead,Yes,Contact From Object,,Vegetation,,,,,,
Vegetation,Hardwood Woodland,Less Than .25 Acres,Fire Agency,12000,Conductor - Primary,Overhead,Yes,Contact From Object,,Vegetation,,,,,,
Vegetation,Herbaceous,0.26-9.99 Acres,Fire Agency,12000,Tie Wire,Overhead,Yes,Equipment/Facility Failure,Tie Wire,,,,,,,
Vegetation,Urban,Less Than .25 Acres,Fire Agency,12000,Conductor - Primary,Overhead,Yes,Contact From Object,,Animal,Outside Force,,,,,
Vegetation,Urban,Less than three(3) meters of linear travel,Fire Agency,21000,Transformer,Overhead,Yes,Equipment/Facility Failure,Transformer,,,,,,,
Vegetation,Urban,Less Than .25 Acres,Fire Agency,750,Splice/Clamp/Connector,Overhead,Yes,Equipment/Facility Failure,Splice/Clamp/Connector,,,,,,,
Vegetation,Herbaceous,0.26-9.99 Acres,Fire Agency,12000,Conductor - Primary,Overhead,Yes,Contact Between Third Party Facility on Pole and Supply Lines,,,Human Error,,,,,
Vegetation,Desert Shrub,0.26-9.99 Acres,Fire Agency,12000,Conductor - Primary,Overhead,Yes,Contact From Object,,Balloon,Outside Force,,,,,
Vegetation,Urban,Less Than .25 Acres,Fire Agency,12000,Conductor - Primary,Overhead,Yes,Contact From Object,,Balloon,Outside Force,,,,,
Vegetation,Urban,Less Than .25 Acres,Fire Agency,12000,Unknown,Overhead,Yes,Unknown,,,,,,,,
Vegetation,Conifer Forest,Less Than .25 Acres,Fire Agency,21000,Conductor - Primary,Overhead,Yes,Contact From Object,,Vegetation,,,,,,
Other,Shrub,Less Than .25 Acres,Fire Agency,12000,Pole,Overhead,Yes,Contamination,,,,,,,,
Vegetation,Herbaceous,0.26-9.99 Acres,Fire Agency,750,Service Drop,Overhead,No,Contact From Object,,Vegetation,,,,,,
Vegetation,Agricultural,0.26-9.99 Acres,Fire Agency,12000,Pole,Overhead,Yes,Equipment/Facility Failure,Pole,,,,,,,
Other,Agricultural,Less Than .25 Acres,Fire Agency,21000,Crossarm,Overhead,Yes,Contamination,,,,,,,,
Vegetation,Hardwood Forest,Less Than .25 Acres,Fire Agency,12000,Conductor - Primary,Overhead,Yes,Contact Between Third Party Facility on Pole and Supply Lines,,,Human Error,,,,,
Vegetation,Urban,Less than three(3) meters of linear travel,Fire Agency,12000,Conductor - Primary,Overhead,Yes,Contact From Object,,Vegetation,,,,,,
Vegetation,Herbaceous,0.26-9.99 Acres,Fire Agency,12000,Transformer Bushing,Overhead,Yes,Contact From Object,,Animal,Outside Force,,,,,
Vegetation,Agricultural,0.26-9.99 Acres,Fire Agency,12000,Conductor - Primary,Overhead,Yes,Contact From Object,,Vegetation,,,,,,
Vegetation,Urban,Less Than .25 Acres,Fire Agency,12000,Conductor - Primary,Overhead,Yes,Contact From Object,,Animal,Outside Force,,,,,
Vegetation,Urban,Less Than .25 Acres,Fire Agency,12000,Transformer,Overhead,Yes,Equipment/Facility Failure,Transformer,,,,,,,
Vegetation,Urban,Less Than .25 Acres,Fire Agency,12000,Conductor - Primary,Overhead,Yes,Contact Between Third Party Facility on Pole and Supply Lines,,,Human Error,,,,,
Vegetation,Urban,0.26-9.99 Acres,Fire Agency,750,Service Drop,Overhead,Yes,Contact From Object,,Vegetation,,,,,,
Vegetation,Herbaceous,Less Than .25 Acres,Fire Agency,21000,Conductor - Primary,Overhead,Yes,Contact From Object,,Vegetation,,,,,,
Vegetation,Urban,Less Than .25 Acres,Fire Agency,12000,Fuse,Overhead,No,Equipment/Facility Failure,Fuse,,,,,,,
Vegetation,Urban,Less than three(3) meters of linear travel,Fire Agency,12000,Conductor - Primary,Overhead,Yes,Contact From Object,,Balloon,Outside Force,,,,,
Vegetation,Urban,Less than three(3) meters of linear travel,Fire Agency,750,Service Drop,Overhead,Yes,Contact From Object,,Vehicle,,,,,,
Vegetation,Herbaceous,Less Than .25 Acres,Fire Agency,12000,Jumper,Overhead,Yes,Other,,,Human Error,,,,,
Vegetation,Urban,10-99 Acres,Fire Agency,21000,Conductor - Primary,Overhead,Yes,Contact Between Third Party Facility on Pole and Supply Lines,,,Human Error,,,,,
Vegetation,Urban,Less than three(3) meters of linear travel,Fire Agency,12000,Splice/Clamp/Connector,Overhead,Yes,Contact From Object,,Balloon,Outside Force,,,,,
Vegetation,Shrub,0.26-9.99 Acres,Fire Agency,21000,Chance Clamp,Overhead,Yes,Contact From Object,,Vehicle,,,,,,
Other,Agricultural,Less than three(3) meters of linear travel,Fire Agency,750,Splice/Clamp/Connector,Overhead,No,Equipment/Facility Failure,Splice/Clamp/Connector,,,,,,,
Vegetation,Conifer Forest,10-99 Acres,Fire Agency,12000,Conductor - Primary,Overhead,Yes,Contact From Object,,Vegetation,,,,,,
Vegetation,Conifer Forest,10-99 Acres,Fire Agency,12000,Conductor - Primary,Overhead,Yes,Contact From Object,,Vegetation,Weather,,,,,
Vegetation,Herbaceous,0.26-9.99 Acres,Fire Agency,12000,Conductor - Primary,Overhead,Yes,Contact From Object,,Vegetation,,,,,,
Vegetation,Urban,0.26-9.99 Acres,Fire Agency,750,Splice/Clamp/Connector,Overhead,Yes,Contact From Object,,Vegetation,,,,,,
Vegetation,Herbaceous,Less Than .25 Acres,Fire Agency,12000,Conductor - Primary,Overhead,Yes,Contact From Object,,Vegetation,,,,,,
Vegetation,Conifer Forest,Less Than .25 Acres,Fire Agency,12000,Conductor - Primary,Overhead,Yes,Contact From Object,,Vegetation,,,,,,
Vegetation,Urban,Less Than .25 Acres,Fire Agency,750,Conductor - Racked Secondary,Overhead,Yes,Contact From Object,,Vegetation,,,,,,
Vegetation,Agricultural,0.26-9.99 Acres,Fire Agency,21000,Pole,Overhead,Yes,Contact From Object,,Vehicle,,,,,,
Other,Urban,Less Than .25 Acres,Fire Agency,21000,Splice/Clamp/Connector,Subsurface,Yes,Equipment/Facility Failure,Splice/Clamp/Connector,,,,,,,
Vegetation,Agricultural,10-99 Acres,Fire Agency,115000,Insulator,Overhead,Yes,Contamination,,,,,,,,
Vegetation,Herbaceous,Less Than .25 Acres,Fire Agency,12000,Splice/Clamp/Connector,Overhead,Yes,Equipment/Facility Failure,Splice/Clamp/Connector,,,,,,,
Vegetation,Agricultural,Less Than .25 Acres,Fire Agency,500000,Other,Overhead,No,Contact From Object,,Vehicle,Human Error,,,,,
Vegetation,Urban,Less than three(3) meters of linear travel,Fire Agency,750,Splice/Clamp/Connector,Overhead,Yes,Equipment/Facility Failure,Splice/Clamp/Connector,,,,,,,
Vegetation,Urban,Less Than .25 Acres,Fire Agency,21000,Recloser,Overhead,Yes,Contact From Object,,Animal,Outside Force,,,,,
Other,Urban,Less Than .25 Acres,Fire Agency,12000,Pole,Overhead,No,Contact From Object,,Other,Outside Force,,,,,
Other,Urban,Less Than .25 Acres,Fire Agency,12000,Capacitor Bank,Overhead,Yes,Equipment/Facility Failure,Capacitor Bank,,,,,,,
Vegetation,Herbaceous,10-99 Acres,Fire Agency,21000,Pothead,Overhead,Yes,Contact From Object,,Animal,Outside Force,,,,,
Vegetation,Agricultural,Less Than .25 Acres,Fire Agency,750,Service Drop,Overhead,Yes,Contact From Object,,Vegetation,,,,,,
Vegetation,Urban,Less Than .25 Acres,Fire Agency,12000,Conductor - Primary,Overhead,Yes,Contact From Object,,Vehicle,,,,,,
Vegetation,Herbaceous,0.26-9.99 Acres,Fire Agency,12000,Conductor - Primary,Overhead,Yes,Contact From Object,,Animal,Outside Force,,,,,
Other,Urban,0.26-9.99 Acres,Fire Agency,21000,Insulator,Overhead,Yes,Contact From Object,,Animal,Outside Force,,,,,
Vegetation,Agricultural,0.26-9.99 Acres,Fire Agency,21000,Conductor - Primary,Overhead,Yes,Contact From Object,,Vegetation,,,,,,
Vegetation,Urban,Less Than .25 Acres,Fire Agency,750,Conductor - Open Wire Secondary,Overhead,Yes,Contact Between Third Party Facility on Pole and Supply Lines,,,Human Error,,,,,
Vegetation,Agricultural,0.26-9.99 Acres,Fire Agency,750,Service Drop,Overhead,Yes,Contact From Object,,Vegetation,,,,,,
Vegetation,Hardwood Forest,Less Than .25 Acres,Fire Agency,12000,Conductor - Primary,Overhead,Yes,Contact From Object,,Vegetation,,,,,,
Other,Agricultural,0.26-9.99 Acres,Fire Agency,12000,Conductor - Primary,Overhead,Yes,Contact From Object,,Balloon,Outside Force,,,,,
Other,Agricultural,Less Than .25 Acres,Fire Agency,12000,Conductor - Primary,Overhead,Yes,Contact From Object,,Other,Outside Force,,,,,
Vegetation,Agricultural,Less Than .25 Acres,Fire Agency,17000,Conductor - Primary,Overhead,Yes,Equipment/Facility Failure,Conductor - Primary,,,,,,,
Vegetation,Agricultural,Less than three(3) meters of linear travel,Fire Agency,12000,Splice/Clamp/Connector,Overhead,Yes,Equipment/Facility Failure,Splice/Clamp/Connector,,,,,,,
Vegetation,Urban,Less than three(3) meters of linear travel,Fire Agency,750,Service Drop,Overhead,Yes,Equipment/Facility Failure,Service Drop,,,,,,,
Vegetation,Agricultural,Less Than .25 Acres,Fire Agency,17000,Conductor - Primary,Overhead,Yes,Contact From Object,,Vegetation,,,,,,
Vegetation,Herbaceous,Less than three(3) meters of linear travel,Fire Agency,12000,Pole,Overhead,Yes,Contact From Object,,Vehicle,,,,,,
Vegetation,Urban,0.26-9.99 Acres,Fire Agency,12000,Conductor - Primary,Overhead,Yes,Contact From Object,,Vehicle,,,,,,
Vegetation,Conifer Forest,Less Than .25 Acres,Fire Agency,12000,Conductor - Primary,Overhead,Yes,Other,,,Human Error,,,,,
Building,Urban,Structure Only,Fire Agency,750,Service Drop,Subsurface,Yes,Other,,,Human Error,,,,,
Vegetation,Urban,Less Than .25 Acres,Fire Agency,750,Pole,Overhead,Yes,Equipment/Facility Failure,Pole,,,,,,,
Other,Urban,Less Than .25 Acres,Fire Agency,12000,Conductor - Primary,Overhead,Yes,Contact From Object,,Vehicle,,,,,,
Vegetation,Herbaceous,Less than three(3) meters of linear travel,Fire Agency,21000,Fuse,Overhead,Yes,Equipment/Facility Failure,Fuse,,,,,,,
Other,Urban,Less Than .25 Acres,Fire Agency,12000,Conductor - Primary,Overhead,Yes,Equipment/Facility Failure,Conductor - Primary,,,,,,,
Vegetation,Herbaceous,0.26-9.99 Acres,Fire Agency,500000,Conductor - Transmission,Overhead,Yes,Equipment/Facility Failure,Conductor - Transmission,,,,,,,
Vegetation,Herbaceous,Less Than .25 Acres,Fire Agency,12000,Conductor - Primary,Overhead,Yes,Equipment/Facility Failure,Conductor - Primary,,,,,,,
Vegetation,Hardwood Forest,Less Than .25 Acres,Fire Agency,12000,Conductor - Primary,Overhead,Yes,Contact From Object,,Other,Human Error,,,,,
Vegetation,Herbaceous,Less Than .25 Acres,Fire Agency,12000,Conductor - Primary,Overhead,Yes,Contact From Object,,Vehicle,,,,,,
Vegetation,Conifer Forest,Less Than .25 Acres,Fire Agency,12000,Insulator,Overhead,Yes,Contact From Object,,Animal,Outside Force,,,,,
Other,Wetland,Less than three(3) meters of linear travel,Fire Agency,12000,Transformer,Overhead,Yes,Contact From Object,,Animal,Outside Force,,,,,
Vegetation,Hardwood Woodland,Less Than .25 Acres,Fire Agency,21000,Conductor - Primary,Overhead,Yes,Contact From Object,,Animal,Outside Force,,,,,
Other,Agricultural,Less Than .25 Acres,Fire Agency,115000,Conductor - Transmission,Overhead,Yes,Contact From Object,,Balloon,Outside Force,,,,,
Vegetation,Agricultural,Less Than .25 Acres,Fire Agency,750,Conductor - Open Wire Secondary,Overhead,Yes,Contact From Object,,Vegetation,,,,,,
Vegetation,Conifer Forest,Less Than .25 Acres,Fire Agency,12000,Splice/Clamp/Connector,Overhead,Yes,Other,,,,,,,,
Other,Herbaceous,0.26-9.99 Acres,Fire Agency,17000,Conductor - Primary,Overhead,Yes,Contact From Object,,Animal,Outside Force,,,,,
Other,Herbaceous,Less Than .25 Acres,Fire Agency,60000,Pole,Overhead,Yes,Contact From Object,,Vehicle,,,,,,
Other,Hardwood Woodland,Less Than .25 Acres,Fire Agency,12000,Conductor - Primary,Overhead,Yes,Contact From Object,,Vegetation,,,,,,
Vegetation,Urban,Less than three(3) meters of linear travel,Fire Agency,12000,Jumper,Overhead,Yes,Equipment/Facility Failure,Jumper,,,,,,,
Vegetation,Urban,Less Than .25 Acres,Fire Agency,12000,Conductor - Primary,Overhead,Yes,Equipment/Facility Failure,Conductor - Primary,,,,,,,
Vegetation,Urban,Less than three(3) meters of linear travel,Fire Agency,750,Service Drop,Overhead,Yes,Contact From Object,,Vegetation,,,,,,
Vegetation,Urban,Less Than .25 Acres,Fire Agency,12000,Conductor - Primary,Overhead,Yes,Contact From Object,,Vegetation,,,,,,
Vegetation,Agricultural,Less Than .25 Acres,Fire Agency,750,Conductor - Open Wire Secondary,Overhead,Yes,Contact From Object,,Vegetation,,,,,,
Vegetation,Herbaceous,Less Than .25 Acres,Fire Agency,12000,Conductor - Primary,Overhead,Yes,Contact From Object,,Vegetation,,,,,,
Vegetation,Urban,Less Than .25 Acres,Fire Agency,750,Conductor - Open Wire Secondary,Overhead,Yes,Contact From Object,,Vegetation,,,,,,
Vegetation,Urban,0.26-9.99 Acres,Fire Agency,750,Conductor - Open Wire Secondary,Overhead,Yes,Contact From Object,,Vegetation,,,,,,
Vegetation,Urban,Less Than .25 Acres,Fire Agency,21000,Conductor - Primary,Overhead,Yes,Contact From Object,,Vegetation,,,,,,
Vegetation,Urban,Less Than .25 Acres,Fire Agency,12000,Conductor - Primary,Overhead,Yes,Equipment/Facility Failure,Conductor - Primary,,,,,,,
Vegetation,Conifer Forest,Less than three(3) meters of linear travel,Fire Agency,12000,Conductor - Primary,Overhead,Yes,Contact From Object,,Vegetation,,,,,,
Vegetation,Conifer Forest,Less Than .25 Acres,Fire Agency,12000,Conductor - Primary,Overhead,Yes,Contact From Object,,Vegetation,,,,,,
Vegetation,Urban,Less than three(3) meters of linear travel,Fire Agency,750,Conductor - Open Wire Secondary,Overhead,Yes,Contact From Object,,Vegetation,,,,,,
Vegetation,Agricultural,Less Than .25 Acres,Fire Agency,750,Service Drop,Overhead,Yes,Equipment/Facility Failure,Service Drop,,,,,,,
Vegetation,Agricultural,Less Than .25 Acres,Fire Agency,12000,Pole,Overhead,Yes,Equipment/Facility Failure,Pole,,,,,,,
Vegetation,Urban,Less Than .25 Acres,Fire Agency,12000,Transformer,Overhead,Yes,Equipment/Facility Failure,Transformer,,,,,,,
Vegetation,Urban,Less Than .25 Acres,Fire Agency,12000,Conductor - Primary,Overhead,Yes,Contact Between Third Party Facility on Pole and Supply Lines,,,Human Error,,,,,
Vegetation,Urban,Less Than .25 Acres,Fire Agency,750,Service Drop,Overhead,Yes,Contact From Object,,Vegetation,,,,,,
Vegetation,Conifer Forest,Less than three(3) meters of linear travel,Fire Agency,12000,Conductor - Primary,Overhead,Yes,Contact From Object,,Vegetation,,,,,,
Vegetation,Herbaceous,Less Than .25 Acres,Fire Agency,12000,Insulator,Overhead,Yes,Equipment/Facility Failure,Insulator,,,,,,,
Other,Agricultural,0.26-9.99 Acres,Fire Agency,12000,Conductor - Primary,Overhead,Yes,Wire-Wire Contact,,,Weather,,,,,
Vegetation,Hardwood Woodland,0.26-9.99 Acres,Fire Agency,21000,Lightning Arrestor,Overhead,Yes,Contact From Object,,Balloon,Outside Force,,,,,
Vegetation,Agricultural,Less Than .25 Acres,Fire Agency,17000,Bushing Mounted Cutout,Overhead,No,Equipment/Facility Failure,Bushing Mounted Cutout,,,,,,,
Other,Urban,Less Than .25 Acres,Fire Agency,12000,Crossarm,Overhead,Yes,Contamination,,,,,,,,
Vegetation,Urban,Less Than .25 Acres,Fire Agency,750,Conductor - Insulated Secondary,Overhead,No,Equipment/Facility Failure,Conductor - Insulated Secondary,,,,,,,
Other,Urban,Less than three(3) meters of linear travel,Fire Agency,12000,Pole,Overhead,Yes,Contact From Object,,Animal,Outside Force,,,,,
Other,Desert Shrub,Less than three(3) meters of linear travel,Unknown,12000,Transformer,Overhead,Yes,Contact From Object,,Animal,Outside Force,,,,,
Vegetation,Conifer Forest,Less Than .25 Acres,Fire Agency,12000,Conductor - Primary,Overhead,Yes,Contact From Object,,Vegetation,,,,,,
Vegetation,Herbaceous,Less Than .25 Acres,Fire Agency,12000,Conductor - Primary,Overhead,Yes,Contact From Object,,Vehicle,,,,,,
Vegetation,Herbaceous,Less than three(3) meters of linear travel,Fire Agency,12000,Jumper,Overhead,Yes,Contact From Object,,Vehicle,,,,,,
Vegetation,Urban,Less than three(3) meters of linear travel,Fire Agency,12000,Conductor - Primary,Overhead,Yes,Contact From Object,,Vegetation,,,,,,
Vegetation,Urban,Less than three(3) meters of linear travel,Fire Agency,12000,Conductor - Primary,Overhead,Yes,Contact Between Third Party Facility on Pole and Supply Lines,,,Human Error,,,,,
Vegetation,Hardwood Woodland,Less Than .25 Acres,Fire Agency,12000,Fuse,Overhead,Yes,Contact From Object,,Animal,Outside Force,,,,,
Vegetation,Herbaceous,0.26-9.99 Acres,Fire Agency,12000,Conductor - Primary,Overhead,Yes,Wire-Wire Contact,,,Weather,,,,,
Other,Agricultural,0.26-9.99 Acres,Fire Agency,12000,Pole,Overhead,Yes,Contamination,,,,,,,,
Other,Agricultural,Less than three(3) meters of linear travel,Fire Agency,12000,Transformer,Overhead,Yes,Contact From Object,,Animal,Outside Force,,,,,
Vegetation,Herbaceous,Less Than .25 Acres,Fire Agency,12000,Conductor - Primary,Overhead,Yes,Equipment/Facility Failure,Conductor - Primary,,,,,,,
Vegetation,Agricultural,Less Than .25 Acres,Customer,12000,Lightning Arrestor,Overhead,Yes,Equipment/Facility Failure,Lightning Arrestor,,,,,,,
Vegetation,Wetland,0.26-9.99 Acres,Fire Agency,12000,Conductor - Primary,Overhead,Yes,Contact From Object,,Animal,Outside Force,,,,,
Other,Agricultural,Less than three(3) meters of linear travel,Fire Agency,12000,Transformer,Overhead,Yes,Contact From Object,,Animal,Outside Force,,,,,
Vegetation,Urban,Less Than .25 Acres,Fire Agency,750,Service Drop,Overhead,Yes,Equipment/Facility Failure,Service Drop,,,,,,,
Other,Agricultural,Less than three(3) meters of linear travel,Customer,12000,Conductor - Primary,Overhead,Yes,Contact From Object,,Balloon,Outside Force,,,,,
Other,Urban,Less than three(3) meters of linear travel,Fire Agency,12000,Capacitor Bank,Overhead,Yes,Equipment/Facility Failure,Capacitor Bank,,,,,,,
Vegetation,Agricultural,Less Than .25 Acres,Fire Agency,12000,Conductor - Primary,Overhead,Yes,Equipment/Facility Failure,Conductor - Primary,,,,,,,
Vegetation,Herbaceous,Less Than .25 Acres,Fire Agency,12000,Conductor - Primary,Overhead,Yes,Contact From Object,,Other,Outside Force,,,,,
Other,Urban,Less than three(3) meters of linear travel,Fire Agency,12000,Riser,Overhead,Yes,Equipment/Facility Failure,Riser,,,,,,,
Vegetation,Hardwood Forest,Less than three(3) meters of linear travel,Fire Agency,12000,Conductor - Primary,Overhead,Yes,Contact From Object,,Other,Human Error,,,,,
Other,Urban,Less than three(3) meters of linear travel,Fire Agency,12000,Conductor - Primary,Overhead,Yes,Contact From Object,,Balloon,Outside Force,,,,,
Vegetation,Conifer Forest,Less Than .25 Acres,Fire Agency,12000,Conductor - Primary,Overhead,Yes,Contact Between Third Party Facility on Pole and Supply Lines,,,Human Error,,,,,
Vegetation,Conifer Forest,Less Than .25 Acres,Fire Agency,12000,Conductor - Primary,Overhead,Yes,Other,,,Human Error,,,,,
Other,Shrub,Less Than .25 Acres,Fire Agency,12000,Conductor - Primary,Overhead,Yes,Contact From Object,,Balloon,Outside Force,,,,,
Other,Agricultural,Less than three(3) meters of linear travel,Fire Agency,12000,Conductor - Primary,Overhead,Yes,Contact From Object,,Vehicle,,,,,,
Other,Agricultural,Less than three(3) meters of linear travel,Fire Agency,12000,Riser,Overhead,Yes,Contact From Object,,Vehicle,,,,,,
Other,Urban,Structure Only,Fire Agency,750,Service Drop,Overhead,Yes,Equipment/Facility Failure,Service Drop,,,,,,,
Vegetation,Urban,Less Than .25 Acres,Fire Agency,750,Conductor - Insulated Secondary,Overhead,Yes,Contact From Object,,Vegetation,,,,,,
Vegetation,Urban,Less Than .25 Acres,Fire Agency,750,Conductor - Racked Secondary,Overhead,Yes,Contact From Object,,Vegetation,,,,,,
Vegetation,Hardwood Woodland,Less Than .25 Acres,Fire Agency,60000,Conductor - Transmission,Overhead,No,Contact From Object,,Vehicle,,,,,,
Vegetation,Urban,Structure Only,Fire Agency,750,Service Drop,Overhead,No,Contact From Object,,Vegetation,,,,,,
Vegetation,Urban,Less Than .25 Acres,Fire Agency,12000,Fuse,Overhead,Yes,Equipment/Facility Failure,Fuse,,,,,,,
Other,Herbaceous,Less Than .25 Acres,Fire Agency,12000,Conductor - Primary,Overhead,Yes,Equipment/Facility Failure,Conductor - Primary,,,,,,,
Vegetation,Agricultural,Less than three(3) meters of linear travel,Fire Agency,12000,Capacitor Bank,Overhead,Yes,Equipment/Facility Failure,Capacitor Bank,,,,,,,
Vegetation,Urban,,,,Conductor - Primary,Overhead,Yes,Equipment - PG&E,Conductor - Primary,,Conductor failure-all,,,<0.25,Fire Agency,12000
Vegetation,Herbaceous,,,,Jumper,Overhead,Yes,Wire-Wire Contact,,,Weather - High Winds,,,0.26-9.99,Fire Agency,12000
Vegetation,Hardwood Woodland,,,,Conductor - Primary,Overhead,Yes,Vegetation,,Veg. contact,Contact - Vegetation,,,0.26-9.99,Fire Agency,12000
Vegetation,Conifer Forest,,,,Conductor - Primary,Underground,Yes,Equipment - PG&E,Conductor - Primary,,Conductor failure-all,,,<0.25,Fire Agency,12000
,Wetland,,,,Pole,Overhead,Yes,Equipment - PG&E,Pole,,Pole failure,,,<3 meters of linear travel,Self Extinguished,12000
,Urban,,,,Pothead,Overhead,Yes,Equipment - PG&E,Pothead,,Insulator failure,,,Unknown,Self Extinguished,12000
,Urban,,,,Jumper,Overhead,No,Utility work / Operation,,,Splice/Clamp/Connector,,,Unknown,Unknown,12000
,Agriculture,,,,Pole,Overhead,Yes,Equipment - PG&E,Pole,,Pole failure,,,Unknown,Unknown,12000
,Urban,,,,Riser,Underground,Yes,Equipment - PG&E,Riser,,Riser Failure,,,<0.25,Unknown,21000
Vegetation,Urban,,,,Service Drop,Overhead,No,Vegetation,,Veg. contact,Contact - Vegetation,,,Unknown,Fire Agency,750
Vegetation,Barren/Other,,,,Pole,Overhead,Yes,Contact - 3rd Party,,Contact - Vehicle,Contact - Vehicle,,,<0.25,Fire Agency,21000
Vegetation,Conifer Forest,,,,Conductor - Primary,Overhead,Yes,Vegetation,,Veg. contact,Contact - Vegetation,,,0.26-9.99,Fire Agency,12000
Vegetation,Herbaceous,,,,Pole,Overhead,Yes,Contact - 3rd Party,,Contact - Vehicle,Contact - Vehicle,,,0.26-9.99,Fire Agency,21000
Building,Urban,,,,Service Drop,Overhead,Yes,Under Investigation,,,Splice/Clamp/Connector,,,Structure-only,Fire Agency,12000
Vegetation,Herbaceous,,,,Insulator,Overhead,Yes,Contamination,,,Tracking,,,<0.25,Fire Agency,21000
Vegetation,,,,,Service Drop,Overhead,Yes,Equipment - PG&E,Service Drop,,Veg. contact,,,<3 meters of linear travel,Fire Agency,12000
Vegetation,Agriculture,,,,Splice/Clamp/Connector,Overhead,Yes,Equipment - PG&E,Splice/Clamp/Connector,,Splice/Clamp/Connector,,,0.26-9.99,Fire Agency,12000
Vegetation,Hardwood Woodland,,,,Conductor - Primary,Overhead,Yes,Contact - 3rd Party,,Contact - Vehicle,Contact - Vehicle,,,<3 meters of linear travel,Fire Agency,12000
Vegetation,Conifer Forest,,,,Conductor - Primary,Overhead,Yes,Vegetation,,Veg. contact,Contact - Vegetation,,,<0.25,Fire Agency,12000
,Urban,,,,Insulator,Overhead,No,Equipment - PG&E,Insulator,,Insulator failure,,,Unknown,Fire Agency,12000
,Urban,,,,Pole,Overhead,Yes,Equipment - PG&E,Pole,,Pole failure,,,Unknown,Self Extinguished,12000
Vegetation,Urban,,,,Service Drop,Overhead,Yes,Vegetation,,Veg. contact,Contact - Vegetation,,,<0.25,Fire Agency,750
Vegetation,Hardwood Forest,,,,Conductor - Primary,Overhead,Yes,Vegetation,,Veg. contact,Contact - Vegetation,,,<0.25,Fire Agency,12000
Vegetation,Herbaceous,,,,Conductor - Primary,Overhead,Yes,Vegetation,,Veg. contact,Contact - Vegetation,,,<0.25,Fire Agency,12000
Other,Urban,,,,Transformer,Padmounted,Yes,Equipment - PG&E,Transformer,,Transformer failure,,,<3 meters of linear travel,Fire Agency,21000
Vegetation,Urban,,,,Transformer,Overhead,Yes,Equipment - PG&E,Transformer,,Transformer failure,,,<0.25,Fire Agency,21000
Vegetation,Urban,,,,Riser,Overhead,No,Contact - 3rd Party,,Contact - Balloon,Contact - Balloon,,,<3 meters of linear travel,Self Extinguished,12000
Vegetation,Hardwood Woodland,,,,Conductor - Primary,Overhead,Yes,Vegetation,,Veg. contact,Contact - Vegetation,,,0.26-9.99,Fire Agency,12000
Vegetation,Hardwood Woodland,,,,Conductor - Primary,Overhead,Yes,Vegetation,,Veg. contact,Contact - Vegetation,,,<0.25,Fire Agency,12000
Vegetation,Herbaceous,,,,Conductor - Secondary,Overhead,Yes,Vegetation,,Veg. contact,Contact - Vegetation,,,<0.25,Fire Agency,750
,Urban,,,,Transformer,Overhead,No,Equipment - PG&E,Transformer,,Transformer failure,,,Unknown,Unknown,12000
Vegetation,Urban,,,,Conductor - Primary,Overhead,Yes,Vegetation,,Veg. contact,Contact - Vegetation,,,<0.25,Unknown,12000
Vegetation,Conifer Forest,,,,Conductor - Primary,Overhead,Yes,Vegetation,,Veg. contact,Contact - Vegetation,,,<0.25,Self Extinguished,12000
,Agriculture,,,,Transformer,Overhead,Yes,Equipment - PG&E,Transformer,,Transformer failure,,,0.26-9.99,Fire Agency,21000
Vegetation,Desert Shrub,,,,Conductor - All,Overhead,Yes,Contact - 3rd Party,,Contact - Vehicle,Contact - Vehicle,,,<3 meters of linear travel,Unknown,12000
Vegetation,Urban,,,,Conductor - Racked Secondary,Overhead,Yes,Contact - Animal - Bird,,Contact - Animal,Contact - Animal,,,0.26-9.99,Fire Agency,750
Other,Agriculture,,,,Pole,Overhead,No,Contact - Animal - Nest,,Contact - Nest,Contact - Nest,,,Unknown,Unknown,21000
Building,Urban,,,,Conductor - Underground Service,Underground,No,Equipment - PG&E,Conductor - Underground Service,,Conductor failure-all,,,Structure-only,Fire Agency,750
Vegetation,Conifer Forest,,,,Service Drop,Overhead,Yes,Vegetation,,Veg. contact,Contact - Vegetation,,,<0.25,Fire Agency,750
Other,Herbaceous,,,,Conductor - Primary,Overhead,Yes,Contact - 3rd Party,,Other,Other,,,Unknown,Utility,12000
Vegetation,Hardwood Forest,,,,Conductor - Primary,Overhead,Yes,Vegetation,,Veg. contact,Contact - Vegetation,,,0.26-9.99,Fire Agency,12000
Vegetation,Hardwood Forest,,,,Conductor - Primary,Overhead,Yes,Vegetation,,Veg. contact,Contact - Vegetation,,,0.26-9.99,Fire Agency,12000
Vegetation,Agriculture,,,,Conductor - Primary,Overhead,Yes,Vegetation,,Veg. contact,Contact - Vegetation,,,<0.25,Fire Agency,12000
Vegetation,Hardwood Woodland,,,,Conductor - Primary,Overhead,Yes,Vegetation,,Veg. contact,Contact - Vegetation,,,<0.25,Fire Agency,12000
,Urban,,,,Fuse,Overhead,No,Equipment - PG&E,Fuse,,Fuse failure - all,,,0.26-9.99,Fire Agency,12000
Vegetation,Hardwood Woodland,,,,Fuse,Overhead,Yes,Vegetation,,Veg. contact,Contact - Vegetation,,,<0.25,Unknown,12000
Vegetation,Hardwood Woodland,,,,Conductor - Primary,Overhead,Yes,Vegetation,,Veg. contact,Contact - Vegetation,,,<0.25,Fire Agency,12000
,Urban,,,,Conductor - All,,No,Unknown,,,,,,Unknown,Unknown,12000
,Hardwood Woodland,,,,Service Connector,Overhead,No,Wire-Wire Contact,,,Weather - High Winds,,,<0.25,Unknown,750
Vegetation,Hardwood Forest,,,,Conductor - Primary,Overhead,Yes,Vegetation,,Veg. contact,Contact - Vegetation,,,<0.25,Fire Agency,12000
Other,Agriculture,,,,Conductor - Primary,Overhead,No,Contact - 3rd Party,,Contact - Vehicle,Contact - Vehicle,,,Unknown,Unknown,12000
Vegetation,Barren/Other,,,,Conductor - All,Overhead,No,Vegetation,,Veg. contact,Contact - Vegetation,,,Unknown,Unknown,12000
Vegetation,Hardwood Woodland,,,,Conductor - Primary,Overhead,Yes,Vegetation,,Veg. contact,Contact - Vegetation,,,0.26-9.99,Fire Agency,21000
,Urban,,,,Jumper,Overhead,Yes,Equipment - PG&E,Jumper,,Transformer failure,,,Unknown,Unknown,12000
,Urban,,,,Pole,Overhead,Yes,Equipment - PG&E,Pole,,Equipment failure - Other,,,<3 meters of linear travel,Unknown,11000
,Hardwood Forest,,,,Conductor - Open Wire Secondary,Overhead,Yes,Vegetation,,Veg. contact,Contact - Vegetation,,,Unknown,Unknown,11000
Building,Urban,,,,Conductor,Overhead,No,Equipment - PG&E,Conductor,,All types of equipment / facility failure,,,Structure-only,Fire Agency,12000
,Hardwood Woodland,,,,Service Drop,Overhead,Yes,Vegetation,,Veg. contact,Veg. contact,,,<3 meters of linear travel,Unknown,11000
,Hardwood Forest,,,,Conductor - Primary,Overhead,Yes,Vegetation,,Veg. contact,Veg. contact,,,<3 meters of linear travel,Unknown,11000
,Shrub,,,,Pole,Overhead,Yes,Equipment - PG&E,Pole,,Switch failure,,,Unknown,Unknown,11000
Vegetation,Urban,,,,Insulator,Overhead,No,Equipment - PG&E,Insulator,,All types of equipment / facility failure,,,Unknown,Fire Agency,12000
Vegetation,Urban,,,,Conductor,Overhead,No,Equipment - PG&E,Conductor,,All types of equipment / facility failure,,,Unknown,Fire Agency,21000
,Urban,,,,Pole,Overhead,Yes,Contact - 3rd Party,,Vandalism,Vandalism,,,<0.25,Fire Agency,11000
,Rural,,,,,,Yes,,,,,,,,Unknown,11000
,Urban,,,,Conductor,Overhead,No,Contact - Animal - Bird,,Contact - Animal,Contact - Animal,,,0.26-9.99,Unknown,11000
,Agriculture,,,,Conductor - Primary,Overhead,Yes,Vegetation,,Veg. contact,Veg. contact,,,<3 meters of linear travel,Unknown,21000
,Conifer Forest,,,,Conductor,Overhead,Yes,Vegetation,,Veg. contact,Contact - Vegetation,,,<0.25,Fire Agency,11000
Vegetation,Agriculture,,,,Conductor,Overhead,No,Equipment - PG&E,Conductor,,All types of equipment / facility failure,,,<0.25,Fire Agency,12000
,Urban,,,,Service Drop,Overhead,Yes,Equipment - PG&E,Service Drop,,Conductor failure-all,,,<0.25,Fire Agency,11000
,Agriculture,,,,Conductor - Primary,Overhead,Yes,Vegetation,,Veg. contact,Veg. contact,,,<0.25,Unknown,11000
,Agriculture,,,,Conductor - Open Wire Secondary,,Yes,Vegetation,,Veg. contact,Contact - Vegetation,,,<3 meters of linear travel,Unknown,11000
Vegetation,Urban,,,,Conductor - All,Overhead,No,Contact - Customer (Equip/Structure/Veg),,Contact from object,Contact from object,,,Unknown,Fire Agency,12000
,Herbaceous,,,,Conductor,Overhead,Yes,Equipment - PG&E,Conductor,,Conductor failure-all,,,<3 meters of linear travel,Fire Agency,11000
,Urban,,,,Conductor,Overhead,Yes,Vegetation,,Veg. contact,Contact - Vegetation,,,0.26-9.99,Unknown,11000
,Urban,,,,Conductor,Overhead,Yes,Wire-Wire Contact,,,,,,<3 meters of linear travel,Unknown,11000
,Urban,,,,Transformer,Overhead,Yes,Vegetation,,Veg. contact,Contact - Vegetation,,,<3 meters of linear travel,Fire Agency,11000
,Urban,,,,Pole,Overhead,Yes,Wire-Wire Contact,,,Balloon contact,,,<0.25,Unknown,11000
,Agriculture,,,,Pole,Overhead,Yes,Equipment - PG&E,Pole,,Fuse failure - all,,,<0.25,Fire Agency,11000
,Urban,,,,Service Connector,Overhead,Yes,Equipment - PG&E,Service Connector,,Service Neutral failure,,,<3 meters of linear travel,Fire Agency,11000
,Agriculture,,,,Capacitor Bank,Overhead,No,Equipment - PG&E,Capacitor Bank,,Capacitor bank failure,,,<3 meters of linear travel,Unknown,11000
,Urban,,,,Insulator,Overhead,Yes,Equipment - PG&E,Insulator,,Equipment failure - Other,,,<3 meters of linear travel,Unknown,11000
,Urban,,,,Conductor,Overhead,Yes,Equipment - PG&E,Conductor,,Conductor failure-all,,,<3 meters of linear travel,Unknown,21000
,Hardwood Forest,,,,Jumper,Overhead,Yes,Equipment - PG&E,Jumper,,Equipment failure - Other,,,<0.25,Unknown,17000
,Hardwood Forest,,,,Conductor,Overhead,Yes,Contact - 3rd Party,,Contact - Vehicle,Contact - Vehicle,,,<3 meters of linear travel,Fire Agency,11000
,Conifer Forest,,,,Conductor - Primary,Overhead,Yes,Vegetation,,Veg. contact,Veg. contact,,,<3 meters of linear travel,Unknown,21000
Vegetation,Hardwood Woodland,,,,Conductor,Overhead,No,Equipment - PG&E,Conductor,,All types of equipment / facility failure,,,0.26-9.99,Unknown,12000
Vegetation,Hardwood Woodland,,,,Conductor - All,Overhead,No,Contact - Animal - Other,,Contact - Animal,Contact - Animal,,,<0.25,Unknown,12000
Vegetation,Shrub,,,,Conductor - Transmission,Overhead,No,Equipment - PG&E,Conductor - Transmission,,All types of equipment / facility failure,,,Unknown,Unknown,12000
,Barren/Other,,,,Fuse,Overhead,Yes,Equipment - PG&E,Fuse,,Fuse failure - all,,,<0.25,Fire Agency,11000
,Urban,,,,Conductor - Open Wire Secondary,Overhead,No,Vegetation,,Veg. contact,Veg. contact,,,Structure-PG&E only,Unknown,12000
,Urban,,,,Capacitor Bank,Overhead,Yes,Equipment - PG&E,Capacitor Bank,,Fuse failure - all,,,0.26-9.99,Fire Agency,11000
,Urban,,,,,,Yes,Unknown,,,Unknown,,,Unknown,Unknown,21000
,Urban,,,,Transformer,Overhead,Yes,Equipment - PG&E,Transformer,,Transformer failure,,,Unknown,Fire Agency,11000
,Hardwood Woodland,,,,Crossarm,Overhead,Yes,Vegetation,,Veg. contact,Veg. contact,,,<0.25,Unknown,11000
,,,,,Grounding Wire,Overhead,No,Utility work / Operation,,,,,,<3 meters of linear travel,Fire Agency,
,Hardwood Woodland,,,,Pole,Overhead,Yes,Vegetation,,Veg. contact,Contact - Vegetation,,,0.26-9.99,Unknown,11000
Vegetation,Agriculture,,,,Transformer,Overhead,No,Vegetation,,Veg. contact,Contact from object,,,Unknown,Unknown,12000
,Urban,,,,Service Connector,Overhead,Yes,Vegetation,,Veg. contact,Contact - Vegetation,,,<3 meters of linear travel,Customer,11000
,Urban,,,,Conductor - Primary,Overhead,Yes,Vegetation,,Veg. contact,Veg. contact,,,<0.25,Unknown,11000
,Agriculture,,,,Transformer,Overhead,Yes,Equipment - PG&E,Transformer,,Transformer failure,,,<0.25,Fire Agency,11000
,Urban,,,,Pole,Overhead,Yes,Equipment - PG&E,Pole,,Splice/Clamp/Connector,,,<3 meters of linear travel,Customer,11000
,Herbaceous,,,,Pothead,Overhead,Yes,Equipment - PG&E,Pothead,,Insulator failure,,,<0.25,Fire Agency,17000
,Hardwood Woodland,,,,Service Connector,Overhead,Yes,Equipment - PG&E,Service Connector,,Splice/Clamp/Connector,,,0.26-9.99,Unknown,11000
,Urban,,,,Guy/Span Wire,Overhead,Yes,Equipment - PG&E,Guy/Span Wire,,Guy/Span Wire failure,,,<3 meters of linear travel,Fire Agency,21000
,Urban,,,,Conductor - Primary,Overhead,Yes,Equipment - PG&E,Conductor - Primary,,Equipment failure - Other,,,<0.25,Fire Agency,11000
,Agriculture,,,,Insulator,Overhead,Yes,Contact - Animal - Bird,,Contact - Animal,Contact - Animal,,,Oct-99,Fire Agency,11000
,Herbaceous,,,,Insulator,Overhead,No,Contamination,,,Contamination,,,0.26-9.99,Unknown,11000
,Hardwood Woodland,,,,Conductor - Primary,Overhead,Yes,Vegetation,,Veg. contact,Contact - Vegetation,,,100-299,Fire Agency,21000
Vegetation,Shrub,,,,Conductor - All,Overhead,No,Vegetation,,Veg. contact,Contact from object,,,Unknown,Unknown,21000
,Urban,,,,Conductor,Overhead,Yes,Contact - Animal - Bird,,Contact - Animal,Contact - Animal,,,0.26-9.99,Unknown,11000
,Agriculture,,,,Conductor - Primary,Overhead,Yes,Contact - 3rd Party,,Contact - Balloon,Contact - Balloon,,,<0.25,Fire Agency,11000
Vegetation,Agriculture,,,,Conductor - All,Overhead,No,Contact - Customer (Equip/Structure/Veg),,Contact from object,Contact from object,,,Unknown,Unknown,12000
,Urban,,,,Conductor - Primary,Overhead,Yes,Vegetation,,Veg. contact,Veg. contact,,,<3 meters of linear travel,Unknown,11000
,,,,,,,Yes,,,,,,,,Unknown,
,Urban,,,,Conductor - Open Wire Secondary,Overhead,Yes,Vegetation,,Veg. contact,Contact - Vegetation,,,Unknown,Unknown,11000
,Urban,,,,Insulator,Overhead,Yes,Equipment - PG&E,Insulator,,Insulator failure,,,<0.25,Unknown,11000
,Herbaceous,,,,Splice/Clamp/Connector,Overhead,Yes,Equipment - PG&E,Splice/Clamp/Connector,,Splice/Clamp/Connector,,,<0.25,Fire Agency,11000
,Herbaceous,,,,Pole,Overhead,No,Contact - Animal - Bird,,Contact - Animal,Contact - Animal,,,0.26-9.99,Fire Agency,11000
,,,,,Recloser,Overhead,No,Contact - 3rd Party,,Vehicle contact,,,,<0.25,Unknown,
,Urban,,,,Conductor,Overhead,Yes,Vegetation,,Veg. contact,Contact - Vegetation,,,Unknown,Fire Agency,11000
,Herbaceous,,,,Conductor,Overhead,Yes,Unknown,,,Unknown,,,0.26-9.99,Unknown,11000
,Herbaceous,,,,Conductor,Overhead,Yes,Equipment - PG&E,Conductor,,Conductor failure-all,,,0.26-9.99,Unknown,11000
Vegetation,Hardwood Forest,,,,Conductor - Primary,Overhead,No,Unknown,,,,,,">5,000",Unknown,12000
,Urban,,,,Capacitor Bank,Overhead,Yes,Equipment - PG&E,Capacitor Bank,,Capacitor bank failure,,,<3 meters of linear travel,Unknown,11000
,Herbaceous,,,,Conductor - Primary,Overhead,Yes,Vegetation,,Veg. contact,Veg. contact,,,">5,000",Unknown,11000
,Water,,,,Conductor,Overhead,No,Vegetation,,Veg. contact,Contact - Vegetation,,,Oct-99,Unknown,11000
,Barren/Other,,,,Conductor - Primary,Overhead,No,Equipment - PG&E,Conductor - Primary,,Conductor failure-all,,,Unknown,Unknown,11000
,Agriculture,,,,Pole,Overhead,Yes,Contact - 3rd Party,,Contact - Vehicle,Contact - Vehicle,,,<0.25,Fire Agency,11000
,Conifer Forest,,,,Conductor - Primary,Overhead,Yes,Vegetation,,Veg. contact,Veg. contact,,,<0.25,Unknown,11000
,Herbaceous,,,,Conductor - Primary,Overhead,No,Unknown,,,Other,,,"1,000-4,999",Unknown,11000
,Herbaceous,,,,Conductor - Transmission,Overhead,Yes,Weather - High Wind,,,Conductor failure-all,,,Oct-99,Fire Agency,21000
Vegetation,Urban,,,,Fuse,Overhead,Yes,Equipment - PG&E,Fuse,,All types of equipment / facility failure,,,Unknown,Unknown,12000
,Urban,,,,Conductor - Open Wire Secondary,Overhead,Yes,Vegetation,,Veg. contact,Contact - Vegetation,,,<0.25,Unknown,11000
Other,Conifer Forest,,,,Conductor - Primary,Overhead,No,Vegetation,,Veg. contact,Contact from object,,,Unknown,Unknown,12000
Vegetation,Agriculture,,,,Conductor - Transmission,Overhead,No,Vegetation,,Veg. contact,Contact - Vegetation,,,">5,000",Unknown,60000
Vegetation,Hardwood Woodland,,,,Conductor - Primary,Overhead,No,Equipment - PG&E,Conductor - Primary,,All types of equipment / facility failure,,,">5,000",Unknown,12000
,Hardwood Forest,,,,Conductor - Primary,Overhead,Yes,Vegetation,,Veg. contact,Veg. contact,,,100-299,Unknown,11000
Vegetation,Shrub,,,,Conductor - Primary,Overhead,No,Vegetation,,Veg. contact,Contact - Vegetation,,,">5,000",Unknown,12000
Vegetation,Shrub,,,,Conductor - Primary,Overhead,No,Vegetation,,Veg. contact,Contact - Vegetation,,,">5,000",Unknown,12000
,Agriculture,,,,Conductor - Open Wire Secondary,Overhead,Yes,Equipment - PG&E,Conductor - Open Wire Secondary,,Conductor failure-all,,,0.26-9.99,Unknown,21000
,Urban,,,,Conductor,Overhead,Yes,Vegetation,,Veg. contact,Contact - Vegetation,,,<0.25,Unknown,11000
,Urban,,,,Fuse,Overhead,Yes,Vegetation,,Veg. contact,Veg. contact,,,<0.25,Unknown,11000
,Agriculture,,,,Conductor - Primary,Overhead,No,Vegetation,,Veg. contact,Contact - Vegetation,,,">5,000",Unknown,11000
Vegetation,Hardwood Forest,,,,Conductor - Primary,Overhead,No,Vegetation,,Veg. contact,Veg. contact,,,">5,000",Unknown,12000
Vegetation,Hardwood Forest,,,,Conductor - Primary,Overhead,No,Vegetation,,Veg. contact,Veg. contact,,,">5,000",Unknown,12000
,Hardwood Woodland,,,,,Overhead,No,Unknown,,,,,,">5,000",Unknown,12000
Vegetation,Hardwood Forest,,,,Service Drop,Overhead,No,Vegetation,,Veg. contact,Veg. contact,,,">5,000",Unknown,12000
Vegetation,Hardwood Woodland,,,,Conductor - Primary,Overhead,No,Vegetation,,Veg. contact,Veg. contact,,,">5,000",Unknown,12000
Vegetation,Urban,,,,Pole,Overhead,No,Equipment - PG&E,Pole,,All types of equipment / facility failure,,,"1,000-4,999",Unknown,12000
Vegetation,Hardwood Forest,,,,Conductor - Primary,Overhead,No,Vegetation,,Veg. contact,Veg. contact,,,">5,000",Unknown,12000
Vegetation,Urban,,,,Conductor - Primary,Overhead,No,Vegetation,,Veg. contact,Veg. contact,,,">5,000",Unknown,21000
,Herbaceous,,,,Conductor,Overhead,No,Vegetation,,Veg. contact,Contact - Vegetation,,,0.26-9.99,Unknown,21000
,Agriculture,,,,Transformer,Overhead,Yes,Contact - Animal - Other,,Contact - Animal,Contact - Animal,,,<3 meters of linear travel,Unknown,11000
,Urban,,,,Conductor,Overhead,No,Vegetation,,Veg. contact,Contact - Vegetation,,,0.26-9.99,Unknown,11000
,Urban,,,,Conductor,Overhead,Yes,Contact - Animal - Other,,Contact - Animal,Contact - Animal,,,<0.25,Fire Agency,11000
,Urban,,,,Pole,Overhead,Yes,Equipment - PG&E,Pole,,Capacitor bank failure,,,<3 meters of linear travel,Fire Agency,11000
,Hardwood Woodland,,,,Conductor - Open Wire Secondary,,Yes,Vegetation,,Veg. contact,Contact - Vegetation,,,<3 meters of linear travel,Unknown,21000
,Urban,,,,Conductor - Primary,Overhead,Yes,Weather - High Wind,,,Contact - Other,,,Oct-99,Unknown,11000
,Conifer Forest,,,,Conductor - Primary,Overhead,Yes,Vegetation,,Veg. contact,Contact - Vegetation,,,<0.25,Unknown,11000
,Herbaceous,,,,Fuse,Overhead,Yes,Contact - Animal - Bird,,Contact - Animal,Contact - Animal,,,0.26-9.99,Fire Agency,11000
,Herbaceous,,,,Conductor,Overhead,Yes,Vegetation,,Veg. contact,Contact - Vegetation,,,0.26-9.99,Unknown,11000
,Agriculture,,,,Service Connector,Overhead,Yes,Equipment - PG&E,Service Connector,,Equipment failure - Other,,,<0.25,Customer,17000
,Herbaceous,,,,Service Connector,Overhead,Yes,Equipment - PG&E,Service Connector,,Splice/Clamp/Connector,,,<0.25,Unknown,11000
,Herbaceous,,,,Conductor - Primary,Overhead,Yes,Vegetation,,Veg. contact,Contact - Vegetation,,,<0.25,Unknown,11000
,Hardwood Woodland,,,,Conductor - Primary,Overhead,Yes,Vegetation,,Veg. contact,Veg. contact,,,<3 meters of linear travel,Unknown,11000
,Hardwood Forest,,,,Crossarm,Overhead,Yes,Vegetation,,Veg. contact,Veg. contact,,,<0.25,Unknown,11000
,Herbaceous,,,,Conductor,Overhead,Yes,Contact - Animal - Bird,,Contact - Animal,Contact - Animal,,,0.26-9.99,Fire Agency,11000
,Highly Rural,,,,Conductor,Underground,Yes,Equipment - PG&E,Conductor,,Conductor failure-all,,,Structure-only,Fire Agency,11000
,Herbaceous,,,,Conductor,Overhead,Yes,Vegetation,,Veg. contact,Contact - Vegetation,,,<0.25,Unknown,11000
,Urban,,,,Conductor - Primary,Overhead,Yes,Vegetation,,Veg. contact,Veg. contact,,,<3 meters of linear travel,Unknown,11000
,Herbaceous,,,,Transformer,Overhead,Yes,Equipment - PG&E,Transformer,,Transformer failure,,,<0.25,Unknown,11000
,Herbaceous,,,,Pole,Overhead,Yes,Contact - 3rd Party,,Contact - Vehicle,Contact - Vehicle,,,0.26-9.99,Unknown,11000
,Urban,,,,Capacitor Bank,Overhead,Yes,Equipment - PG&E,Capacitor Bank,,Capacitor bank failure,,,<3 meters of linear travel,Fire Agency,21000
,Urban,,,,Conductor - Primary,Overhead,Yes,Vegetation,,Veg. contact,Veg. contact,,,<3 meters of linear travel,Unknown,17000
,Agriculture,,,,Transformer,Overhead,Yes,Contact - Animal - Bird,,Contact - Animal,Contact - Animal,,,0.26-9.99,Fire Agency,11000
,Agriculture,,,,Conductor - Open Wire Secondary,Overhead,Yes,Vegetation,,Veg. contact,Veg. contact,,,<0.25,Unknown,11000
Vegetation,Herbaceous,,,,Conductor,Overhead,No,Equipment - PG&E,Conductor,,All types of equipment / facility failure,,,"1,000-4,999",Unknown,12000
,Hardwood Forest,,,,Conductor - Primary,Overhead,Yes,Vegetation,,Veg. contact,Veg. contact,,,<3 meters of linear travel,Unknown,21000
,Agriculture,,,,Pole,Overhead,Yes,Equipment - PG&E,Pole,,Conductor failure-all,,,<3 meters of linear travel,Fire Agency,11000
,Herbaceous,,,,Capacitor Bank,Overhead,Yes,Contact - Animal - Bird,,Contact - Animal,Contact - Animal,,,0.26-9.99,Fire Agency,11000
,Hardwood Forest,,,,Splice/Clamp/Connector,Overhead,Yes,Equipment - PG&E,Splice/Clamp/Connector,,Equipment failure - Other,,,<0.25,Unknown,11000
,Barren/Other,,,,Conductor - Primary,Overhead,Yes,Vegetation,,Veg. contact,Veg. contact,,,<3 meters of linear travel,Unknown,11000
,Hardwood Woodland,,,,Insulator,Overhead,Yes,Contamination,,,Contamination,,,100-299,Fire Agency,11000
,Hardwood Forest,,,,Conductor,Overhead,No,Equipment - PG&E,Conductor,,Crossarm failure,,,0.26-9.99,Unknown,11000
,Urban,,,,Voltage Regulator,Overhead,Yes,Equipment - PG&E,Voltage Regulator,,Voltage Regulator failure,,,<3 meters of linear travel,Fire Agency,11000
,Urban,,,,Conductor - Primary,Overhead,Yes,Vegetation,,Veg. contact,Veg. contact,,,<3 meters of linear travel,Unknown,4000
,Agriculture,,,,Conductor - Primary,Overhead,Yes,Contact - 3rd Party,,Contact - Balloon,Contact - Balloon,,,100-299,Unknown,11000
,Desert Shrub,,,,Pole,Overhead,No,Contact - Animal - Bird,,Contact - Animal,Contact - Animal,,,0.26-9.99,Unknown,11000
,Urban,,,,Pole,Overhead,Yes,Contact - Animal - Bird,,Contact - Animal,Contact - Animal,,,<3 meters of linear travel,Unknown,22000
,Urban,,,,Transformer,Overhead,Yes,Equipment - PG&E,Transformer,,Transformer failure,,,<0.25,Fire Agency,11000
,Agriculture,,,,Switch,Overhead,Yes,Equipment - PG&E,Switch,,Switch failure,,,Unknown,Fire Agency,11000
,Agriculture,,,,Riser,Overhead,Yes,Contact - Animal - Nest,,Contact - Nest,Contact - Nest,,,<0.25,Unknown,11000
,Herbaceous,,,,Conductor,Overhead,Yes,Vegetation,,Veg. contact,Contact - Vegetation,,,<3 meters of linear travel,Fire Agency,11000
,Agriculture,,,,Conductor - Primary,Overhead,Yes,Equipment - PG&E,Conductor - Primary,,Splice/Clamp/Connector,,,<0.25,Fire Agency,22000
,Agriculture,,,,Transformer,Overhead,Yes,Contact - Animal - Other,,Contact - Animal,Contact - Animal,,,<0.25,Fire Agency,11000
,Herbaceous,,,,Pole,Overhead,Yes,Equipment - PG&E,Pole,,Equipment failure - Other,,,<0.25,Unknown,21000
,Urban,,,,Pole,Overhead,Yes,Equipment - PG&E,Pole,,Equipment failure - Other,,,<3 meters of linear travel,Customer,11000
,Hardwood Woodland,,,,Conductor - Primary,Overhead,Yes,Vegetation,,Veg. contact,Veg. contact,,,<0.25,Unknown,21000
,Urban,,,,Conductor - Open Wire Secondary,Overhead,Yes,Vegetation,,Veg. contact,Veg. contact,,,<3 meters of linear travel,Unknown,11000
,Urban,,,,Conductor - Open Wire Secondary,Overhead,Yes,Vegetation,,Veg. contact,Veg. contact,,,<3 meters of linear travel,Unknown,11000
,Urban,,,,Conductor - Primary,Overhead,Yes,Vegetation,,Veg. contact,Veg. contact,,,<3 meters of linear travel,Unknown,11000
,Hardwood Forest,,,,Conductor - Primary,Overhead,Yes,Vegetation,,Veg. contact,Veg. contact,,,<0.25,Unknown,11000
,Conifer Forest,,,,Conductor - Primary,Overhead,Yes,Vegetation,,Veg. contact,Veg. contact,,,<3 meters of linear travel,Unknown,11000
,Conifer Forest,,,,Conductor - Primary,Overhead,Yes,Vegetation,,Veg. contact,Veg. contact,,,<3 meters of linear travel,Unknown,11000
,Urban,,,,Riser,Overhead,Yes,Contact - 3rd Party,,Contact - Vehicle,Contact - Vehicle,,,<3 meters of linear travel,Fire Agency,11000
,,,,,,,Yes,,,,,,,,Unknown,
,Agriculture,,,,Transformer,Overhead,Yes,Weather - High Wind,,,Weather - High Winds,,,<3 meters of linear travel,Unknown,11000
,Rural,,,,Pole,Overhead,Yes,Unknown,,,Unknown,,,Structure-PG&E only,Fire Agency,11000
,Conifer Forest,,,,Conductor,Overhead,No,Vegetation,,Veg. contact,Contact - Vegetation,,,0.26-9.99,Fire Agency,11000
,Rural,,,,,,No,,,,,,,<0.25,Unknown,11000
,Hardwood Forest,,,,Insulator,Overhead,Yes,Contact - Animal - Bird,,Contact - Animal,Contact - Animal,,,<0.25,Unknown,11000
,Agriculture,,,,Jumper,Overhead,No,Equipment - PG&E,Jumper,,Equipment failure - Other,,,Unknown,Fire Agency,21000
,Agriculture,,,,Service Connector,Overhead,Yes,Equipment - PG&E,Service Connector,,Equipment failure - Other,,,<0.25,Unknown,11000
,Urban,,,,Insulator,Overhead,Yes,Equipment - PG&E,Insulator,,Insulator failure,,,<0.25,Unknown,11000
,Urban,,,,Insulator,Overhead,No,Equipment - PG&E,Insulator,,Equipment failure - Other,,,<0.25,Unknown,11000
,Urban,,,,Pole,Overhead,Yes,Contact - 3rd Party,,Contact - Vehicle,Contact - Vehicle,,,<3 meters of linear travel,Fire Agency,11000
,,,,,,,Yes,,,,,,,,Unknown,
,Urban,,,,Pole,Overhead,Yes,Vegetation,,Veg. contact,Contact - Vegetation,,,<3 meters of linear travel,Unknown,11000
,Agriculture,,,,Transformer,Underground,Yes,Equipment - PG&E,Transformer,,Transformer failure,,,<3 meters of linear travel,Unknown,11000
,Urban,,,,Conductor,Overhead,Yes,Contact - 3rd Party,,Contact - Other,Contact - Other,,,<0.25,Fire Agency,11000
,Urban,,,,Transformer,Overhead,Yes,Contact - Animal - Bird,,Contact - Animal,Contact - Animal,,,<3 meters of linear travel,Fire Agency,11000
,Urban,,,,Conductor,Overhead,Yes,Contact - Animal - Bird,,Contact - Animal,Contact - Animal,,,<3 meters of linear travel,Unknown,11000
,Conifer Forest,,,,Insulator,Overhead,Yes,Equipment - PG&E,Insulator,,Equipment failure - Other,,,<3 meters of linear travel,Unknown,11000
,Herbaceous,,,,Fuse,Overhead,No,Equipment - PG&E,Fuse,,Fuse failure - all,,,0.26-9.99,Unknown,11000
,Urban,,,,Capacitor Bank,Overhead,Yes,Equipment - PG&E,Capacitor Bank,,Equipment failure - Other,,,<0.25,Fire Agency,21000
,Urban,,,,Fuse,Overhead,Yes,Equipment - PG&E,Fuse,,Fuse failure - all,,,<0.25,Fire Agency,11000
,Urban,,,,Conductor - Open Wire Secondary,Overhead,Yes,Wire-Wire Contact,,,,,,Unknown,Unknown,11000
,Urban,,,,Pole,Overhead,Yes,Vegetation,,Veg. contact,Contact - Vegetation,,,<0.25,Fire Agency,21000
,Agriculture,,,,Conductor - Underground Service,Underground,Yes,Equipment - PG&E,Conductor - Underground Service,,Conductor failure-all,,,0.26-9.99,Fire Agency,11000
,Hardwood Woodland,,,,Switch,Overhead,No,Equipment - PG&E,Switch,,Switch failure,,,<0.25,Unknown,11000
,Herbaceous,,,,Pole,Overhead,Yes,Equipment - PG&E,Pole,,Conductor failure-all,,,100-299,Fire Agency,21000
,Agriculture,,,,Pole,Overhead,Yes,Weather - Lightning,,,Weather - Lightning,,,<3 meters of linear travel,Unknown,11000
,Conifer Forest,,,,Conductor,Overhead,Yes,Equipment - PG&E,Conductor,,Conductor failure-all,,,<0.25,Fire Agency,11000
,Urban,,,,,,Yes,,,,,,,,Unknown,11000
,Urban,,,,Service Drop,Overhead,Yes,Vegetation,,Veg. contact,Contact - Vegetation,,,<0.25,Fire Agency,11000
,Conifer Forest,,,,Conductor,Overhead,Yes,Contact - Animal - Bird,,Contact - Animal,Contact - Animal,,,0.26-9.99,Unknown,11000
,Urban,,,,Conductor,Overhead,Yes,Vegetation,,Veg. contact,Contact - Vegetation,,,<3 meters of linear travel,Unknown,11000
,Urban,,,,Service Connector,Overhead,Yes,Equipment - PG&E,Service Connector,,Equipment failure - Other,,,<0.25,Fire Agency,21000
,Agriculture,,,,Conductor,Overhead,No,Equipment - PG&E,Conductor,,Pole failure,,,<0.25,Unknown,11000
,Urban,,,,Transformer,Overhead,Yes,Equipment - PG&E,Transformer,,Equipment failure - Other,,,<3 meters of linear travel,Fire Agency,17000
,Urban,,,,Splice/Clamp/Connector,Overhead,Yes,Equipment - PG&E,Splice/Clamp/Connector,,Splice/Clamp/Connector,,,Unknown,Fire Agency,11000
,Herbaceous,,,,Transformer,Overhead,Yes,Equipment - PG&E,Transformer,,Equipment failure - Other,,,<3 meters of linear travel,Unknown,11000
,Agriculture,,,,Jumper,Overhead,No,Equipment - PG&E,Jumper,,Equipment failure - Other,,,<0.25,Unknown,11000
,Agriculture,,,,Transformer,Overhead,Yes,Contact - Animal - Bird,,Contact - Animal,Contact - Animal,,,0.26-9.99,Unknown,11000
,Agriculture,,,,Lightning Arrestor,Underground,Yes,Equipment - PG&E,Lightning Arrestor,,Lightning arrestor failure,,,<0.25,Unknown,11000
,Agriculture,,,,Conductor - Primary,Overhead,Yes,Contact - 3rd Party,,Contact - Other,Contact - Other,,,0.26-9.99,Unknown,11000
,Hardwood Forest,,,,Insulator,Overhead,Yes,Contact - Animal - Bird,,Contact - Animal,Contact - Animal,,,<0.25,Fire Agency,11000
,,,,,Conductor,Overhead,No,Contact - Animal - Bird,,Contact - Animal,Contact - Animal,,,Unknown,Unknown,
,Urban,,,,Splice/Clamp/Connector,Overhead,Yes,Equipment - PG&E,Splice/Clamp/Connector,,Splice/Clamp/Connector,,,Unknown,Fire Agency,11000
,Herbaceous,,,,Capacitor Bank,Overhead,Yes,Equipment - PG&E,Capacitor Bank,,Capacitor bank failure,,,0.26-9.99,Unknown,11000
,Urban,,,,Service Connector,Overhead,Yes,Equipment - PG&E,Service Connector,,Equipment failure - Other,,,Unknown,Unknown,11000
Vegetation,Urban,,,,Conductor - All,Overhead,No,Vegetation,,Veg. contact,Contact from object,,,">5,000",Fire Agency,12000
,,,,,,,Yes,,,,,,,,Unknown,
,Agriculture,,,,Transformer,Overhead,Yes,Equipment - PG&E,Transformer,,Transformer failure,,,<0.25,Unknown,11000
,Urban,,,,Conductor,Overhead,Yes,Unknown,,,Unknown,,,Unknown,Unknown,21000
,,,,,Capacitor Bank,Overhead,No,Equipment - PG&E,Capacitor Bank,,Fuse failure - all,,,<0.25,Unknown,
,Hardwood Woodland,,,,Fuse,Overhead,Yes,Contact - Animal - Bird,,Contact - Animal,Contact - Animal,,,<0.25,Fire Agency,21000
,Urban,,,,Capacitor Bank,Overhead,Yes,Equipment - PG&E,Capacitor Bank,,Equipment failure - Other,,,<0.25,Unknown,11000
,Urban,,,,Conductor,Overhead,Yes,Equipment - PG&E,Conductor,,Conductor failure-all,,,Unknown,Fire Agency,4000
,Herbaceous,,,,Conductor,Overhead,Yes,Contact - Animal - Bird,,Contact - Animal,Contact - Animal,,,<3 meters of linear travel,Fire Agency,17000
,Herbaceous,,,,Capacitor Bank,Overhead,Yes,Equipment - PG&E,Capacitor Bank,,Capacitor bank failure,,,<0.25,Fire Agency,11000
,Hardwood Forest,,,,Transformer,Overhead,Yes,Equipment - PG&E,Transformer,,Transformer failure,,,0.26-9.99,Unknown,11000
,Urban,,,,Service Drop,Overhead,Yes,Equipment - PG&E,Service Drop,,Service Neutral failure,,,Unknown,Fire Agency,11000
,Urban,,,,Capacitor Bank,Overhead,Yes,Equipment - PG&E,Capacitor Bank,,Capacitor bank failure,,,<3 meters of linear travel,Fire Agency,11000
,Agriculture,,,,Splice/Clamp/Connector,Overhead,Yes,Equipment - PG&E,Splice/Clamp/Connector,,Splice/Clamp/Connector,,,<0.25,Unknown,11000
,Urban,,,,Conductor,Overhead,Yes,Contact - 3rd Party,,Contact - Balloon,Contact - Balloon,,,<0.25,Fire Agency,11000
,Agriculture,,,,Fuse,Overhead,Yes,Contact - Animal - Bird,,Contact - Animal,Contact - Animal,,,0.26-9.99,Fire Agency,11000
,Agriculture,,,,Conductor,Overhead,Yes,Vegetation,,Veg. contact,Contact - Vegetation,,,<3 meters of linear travel,Unknown,11000
,Agriculture,,,,Splice/Clamp/Connector,Overhead,Yes,Equipment - PG&E,Splice/Clamp/Connector,,Splice/Clamp/Connector,,,<0.25,Unknown,11000
,Urban,,,,Transformer,Overhead,Yes,Contact - 3rd Party,,Contact - Balloon,Contact - Balloon,,,<0.25,Unknown,11000
,Agriculture,,,,Conductor,Overhead,Yes,Equipment - PG&E,Conductor,,Conductor failure-all,,,<3 meters of linear travel,Unknown,17000
,Urban,,,,Conductor,Overhead,Yes,Equipment - PG&E,Conductor,,Conductor failure-all,,,<0.25,Fire Agency,11000
,Urban,,,,Transformer,Overhead,No,Contact - 3rd Party,,Contact - Balloon,Contact - Balloon,,,Unknown,Unknown,11000
,Urban,,,,Capacitor Bank,Overhead,Yes,Equipment - PG&E,Capacitor Bank,,Transformer failure,,,<3 meters of linear travel,Fire Agency,11000
,Urban,,,,Service Drop,Overhead,Yes,Equipment - PG&E,Service Drop,,Service Neutral failure,,,<3 meters of linear travel,Fire Agency,4000
,Urban,,,,Conductor,Overhead,Yes,Vegetation,,Veg. contact,Contact - Vegetation,,,<3 meters of linear travel,Unknown,11000
,Urban,,,,Splice/Clamp/Connector,Overhead,Yes,Equipment - PG&E,Splice/Clamp/Connector,,Splice/Clamp/Connector,,,Structure-only,Fire Agency,11000
,Urban,,,,Conductor,Overhead,No,Contact - 3rd Party,,Contact - Balloon,Contact - Balloon,,,Unknown,Unknown,11000
,Hardwood Woodland,,,,Service Drop,Overhead,Yes,Equipment - PG&E,Service Drop,,Service Neutral failure,,,<0.25,Fire Agency,11000
,Urban,,,,Conductor,Overhead,Yes,Contact - 3rd Party,,Contact - Balloon,Contact - Balloon,,,Unknown,Fire Agency,21000
,Urban,,,,Conductor,Overhead,No,Vegetation,,Veg. contact,Contact - Vegetation,,,<3 meters of linear travel,Fire Agency,21000
,Herbaceous,,,,Lightning Arrestor,Overhead,Yes,Equipment - PG&E,Lightning Arrestor,,Lightning arrestor failure,,,<0.25,Fire Agency,11000
,Rural,,,,Pole,Overhead,Yes,Unknown,,,Unknown,,,Unknown,Unknown,11000
,Hardwood Woodland,,,,Other,Overhead,No,Vegetation,,Veg. contact,Contact - Vegetation,,,Unknown,Unknown,11000
,Urban,,,,Conductor,Overhead,Yes,Vegetation,,Veg. contact,Contact - Vegetation,,,<0.25,Fire Agency,11000
,Urban,,,,Conductor,Overhead,Yes,Vegetation,,Veg. contact,Contact - Vegetation,,,Unknown,Unknown,21000
,Rural,,,,Fuse,Overhead,Yes,Unknown,,,Unknown,,,0.26-9.99,Unknown,11000
,Shrub,,,,Recloser,Overhead,Yes,Contact - Animal - Bird,,Contact - Animal,Contact - Animal,,,<0.25,Fire Agency,11000
,Urban,,,,Conductor - Primary,Overhead,Yes,Contact - 3rd Party,,Contact - Vehicle,Contact - Vehicle,,,Unknown,Fire Agency,11000
,Rural,,,,Capacitor Bank,Overhead,Yes,Equipment - PG&E,Capacitor Bank,,Capacitor bank failure,,,Unknown,Unknown,21000
,Urban,,,,Jumper,Overhead,Yes,Equipment - PG&E,Jumper,,Equipment failure - Other,,,Unknown,Fire Agency,11000
,Urban,,,,Capacitor Bank,Overhead,Yes,Equipment - PG&E,Capacitor Bank,,Capacitor bank failure,,,<0.25,Unknown,11000
,Urban,,,,Conductor,Overhead,Yes,Vegetation,,Veg. contact,Contact - Vegetation,,,Unknown,Unknown,21000
,Hardwood Forest,,,,Conductor,Overhead,Yes,Vegetation,,Veg. contact,Contact - Vegetation,,,<0.25,Fire Agency,11000
,Conifer Forest,,,,Conductor,Overhead,Yes,Vegetation,,Veg. contact,Contact - Vegetation,,,Unknown,Unknown,11000
,Urban,,,,Conductor,Overhead,Yes,Vegetation,,Veg. contact,Contact - Vegetation,,,Unknown,Unknown,11000
,Urban,,,,Conductor,Overhead,Yes,Vegetation,,Veg. contact,Contact - Vegetation,,,Unknown,Unknown,11000
,Herbaceous,,,,Conductor,Overhead,Yes,Vegetation,,Veg. contact,Contact - Vegetation,,,<0.25,Unknown,11000
,Shrub,,,,Pole,Overhead,Yes,Unknown,,,Unknown,,,Unknown,Fire Agency,11000
,Herbaceous,,,,Conductor,Overhead,No,Equipment - PG&E,Conductor,,Conductor failure-all,,,<0.25,Fire Agency,11000
,,,,,Conductor - Open Wire Secondary,Overhead,Yes,Vegetation,,Veg. contact,Contact - Vegetation,,,Unknown,Unknown,11000
,Barren/Other,,,,Capacitor Bank,Overhead,Yes,Contact - Animal - Nest,,Contact - Nest,Contact - Nest,,,Unknown,Unknown,11000
,Urban,,,,Pole,Overhead,Yes,Equipment - PG&E,Pole,,Pole failure,,,Unknown,Unknown,11000
,,,,,,,Yes,,,,,,,,Unknown,
,Agriculture,,,,Conductor,Overhead,Yes,Vegetation,,Veg. contact,Contact - Vegetation,,,Unknown,Unknown,11000
,,,,,,,,,,,,,,,,
,,,,,,,,,,,,,,,,
,,,,,,,,,,,,,,,,
,,,,,,,,,,,,,,,,
,,,,,,,,,,,,,,,,
,,,,,,,,,,,,,,,,
,,,,,,,,,,,,,,,,
,,,,,,,,,,,,,,,,
,,,,,,,,,,,,,,,,
,,,,,,,,,,,,,,,,
,,,,,,,,,,,,,,,,
,,,,,,,,,,,,,,,,
,,,,,,,,,,,,,,,,
,,,,,,,,,,,,,,,,
,,,,,,,,,,,,,,,,
,,,,,,,,,,,,,,,,
,,,,,,,,,,,,,,,,
,,,,,,,,,,,,,,,,
,,,,,,,,,,,,,,,,
,,,,,,,,,,,,,,,,
,,,,,,,,,,,,,,,,
,,,,,,,,,,,,,,,,
,,,,,,,,,,,,,,,,
,,,,,,,,,,,,,,,,
,,,,,,,,,,,,,,,,
,,,,,,,,,,,,,,,,
,,,,,,,,,,,,,,,,
,,,,,,,,,,,,,,,,
,,,,,,,,,,,,,,,,
,,,,,,,,,,,,,,,,
,,,,,,,,,,,,,,,,
,,,,,,,,,,,,,,,,
,,,,,,,,,,,,,,,,
,,,,,,,,,,,,,,,,
,,,,,,,,,,,,,,,,
,,,,,,,,,,,,,,,,
,,,,,,,,,,,,,,,,
,,,,,,,,,,,,,,,,
,,,,,,,,,,,,,,,,
,,,,,,,,,,,,,,,,
,,,,,,,,,,,,,,,,
,,,,,,,,,,,,,,,,
,,,,,,,,,,,,,,,,
,,,,,,,,,,,,,,,,
,,,,,,,,,,,,,,,,
,,,,,,,,,,,,,,,,
,,,,,,,,,,,,,,,,
,,,,,,,,,,,,,,,,
,,,,,,,,,,,,,,,,
,,,,,,,,,,,,,,,,
,,,,,,,,,,,,,,,,
,,,,,,,,,,,,,,,,
,,,,,,,,,,,,,,,,
,,,,,,,,,,,,,,,,
,,,,,,,,,,,,,,,,
,,,,,,,,,,,,,,,,
,,,,,,,,,,,,,,,,
,,,,,,,,,,,,,,,,
,,,,,,,,,,,,,,,,
,,,,,,,,,,,,,,,,
,,,,,,,,,,,,,,,,
,,,,,,,,,,,,,,,,
,,,,,,,,,,,,,,,,
,,,,,,,,,,,,,,,,
,,,,,,,,,,,,,,,,
,,,,,,,,,,,,,,,,
,,,,,,,,,,,,,,,,
,,,,,,,,,,,,,,,,
,,,,,,,,,,,,,,,,
,,,,,,,,,,,,,,,,
,,,,,,,,,,,,,,,,
,,,,,,,,,,,,,,,,
,,,,,,,,,,,,,,,,
,,,,,,,,,,,,,,,,
,,,,,,,,,,,,,,,,
,,,,,,,,,,,,,,,,
,,,,,,,,,,,,,,,,
,,,,,,,,,,,,,,,,
,,,,,,,,,,,,,,,,
,,,,,,,,,,,,,,,,
,,,,,,,,,,,,,,,,
,,,,,,,,,,,,,,,,
,,,,,,,,,,,,,,,,
,,,,,,,,,,,,,,,,
,,,,,,,,,,,,,,,,
,,,,,,,,,,,,,,,,
,,,,,,,,,,,,,,,,
,,,,,,,,,,,,,,,,
,,,,,,,,,,,,,,,,
,,,,,,,,,,,,,,,,
,,,,,,,,,,,,,,,,
,,,,,,,,,,,,,,,,
,,,,,,,,,,,,,,,,
,,,,,,,,,,,,,,,,
,,,,,,,,,,,,,,,,
,,,,,,,,,,,,,,,,
,,,,,,,,,,,,,,,,
,,,,,,,,,,,,,,,,
,,,,,,,,,,,,,,,,
,,,,,,,,,,,,,,,,
,,,,,,,,,,,,,,,,
,,,,,,,,,,,,,,,,
,,,,,,,,,,,,,,,,
,,,,,,,,,,,,,,,,
,,,,,,,,,,,,,,,,
,,,,,,,,,,,,,,,,
,,,,,,,,,,,,,,,,
,,,,,,,,,,,,,,,,
,,,,,,,,,,,,,,,,
,,,,,,,,,,,,,,,,
,,,,,,,,,,,,,,,,
,,,,,,,,,,,,,,,,
,,,,,,,,,,,,,,,,
,,,,,,,,,,,,,,,,
,,,,,,,,,,,,,,,,
,,,,,,,,,,,,,,,,
,,,,,,,,,,,,,,,,
Vegetation,Urban,Less Than .25 Acres,,,Conductor,Overhead,Yes,Contact From Object, ,Vegetation,Weather,Fire agency,12,,,
Vegetation,Urban,Less than three (3) meters of linear travel,,,Other,Overhead,Yes,Equipment failure,Connector, ,Unknown,Fire agency,12,,,
Other,Urban,Less than three (3) meters of linear travel,,,Conductor,Overhead,Yes,Wire-to-wire contact, , ,Unknown,Fire agency,12,,,
Other,Urban,Less than three (3) meters of linear travel,,,Conductor,Overhead,Yes,Lightning,Pole, ,Weather,Fire agency,16,,,
Vegetation,Rural,Less Than .25 Acres,,,Other,Overhead,Yes,Equipment failure,Insulator, ,Weather,Fire agency,12,,,
Structure,Urban,Less Than .25 Acres,,,Conductor,Overhead,Yes,Contact From Object, ,Vegetation,Weather,Fire agency,12,,,
Vegetation,Urban,Less than three (3) meters of linear travel,,,Other,Overhead,Yes,Equipment failure,Connector, ,Unknown,Fire agency,12,,,
Other,Urban,Less Than .25 Acres,,,Other,Overhead,No,Equipment failure,Insulator, ,Weather,Fire agency,16,,,
Vegetation,Urban,Less than three (3) meters of linear travel,,,Conductor,Overhead,Yes,Equipment failure,Insulator, ,Unknown,Unknown,12,,,
Vegetation,Urban,Less than three (3) meters of linear travel,,,Conductor,Overhead,No,Vandalism/theft,Pole, ,Outside Force,Self-extinguished,12,,,
Vegetation,Rural,Less Than .25 Acres,,,Other,Overhead,Yes,Contact From Object, ,Ballons,Outside Force,Fire agency,12,,,
Vegetation,Rural,Less Than .25 Acres,,,Lightning Arrestor,Overhead,Yes,Contact From Object, ,Animal ,Outside Force,Fire agency,33,,,
Vegetation,Urban,Less Than .25 Acres,,,Conductor,Overhead,No,Vandalism/theft,Transformer, ,Outside Force,Unknown,12,,,
Vegetation,Urban,Less than three (3) meters of linear travel,,,Switch,Overhead,No,Contact From Object, ,Animal ,Outside Force,Self-extinguished,33,,,
Vegetation,Urban,Less than three (3) meters of linear travel,,,Other,Overhead,No,Equipment failure,Connector, ,Weather,Unknown,12,,,
Vegetation,Urban,Less than three (3) meters of linear travel,,,Conductor,Overhead,Yes,Contact From Object, ,Vehicle,Unknown,Fire agency,12,,,
Vegetation,Urban,Less Than .25 Acres,,,Lightning Arrestor,Overhead,No,Equipment failure,Lightning Arrester, ,Unknown,Unknown,16,,,
Vegetation,Urban,Less than three (3) meters of linear travel,,,Conductor,Overhead,Yes,Contact From Object, ,Ballons,Unknown,Fire agency,12,,,
Vegetation,Urban,Less Than .25 Acres,,,Other,Overhead,No,Contact From Object, ,Ballons,Unknown,Fire agency,16,,,
Vegetation,Urban,Less Than .25 Acres,,,Conductor,Overhead,Yes,Contact From Object, ,Ballons,Unknown,Unknown,16,,,
Vegetation,Rural,Less Than .25 Acres,,,Transformer,Overhead,Yes,Contact From Object, ,Animal ,Unknown,Fire agency,12,,,
Vegetation,Urban,Less than three (3) meters of linear travel,,,Other,Overhead,Yes,Equipment failure,Pole, ,Unknown,Fire agency,12,,,
Vegetation,Rural,Less Than .25 Acres,,,Conductor,Overhead,Yes,Contact From Object, ,Vehicle,Unknown,Fire agency,12,,,
Other,Urban,Less Than .25 Acres,,,Transformer,Overhead,No,Contact From Object, ,Vehicle,Unknown,Fire agency,12,,,
Vegetation,Rural,Less Than .25 Acres,,,Other,Overhead,Yes,Contact From Object, ,Animal ,Unknown,Unknown,12,,,
Vegetation,Urban,Less Than .25 Acres,,,Other,Overhead,Yes,Equipment failure,Switch, ,Unknown,Fire agency,16,,,
Vegetation,Rural,Less Than .25 Acres,,,Lightning Arrestor,Overhead,Yes,Equipment failure,Lightning Arrester, ,Unknown,Fire agency,12,,,
Other,Rural,Less than three (3) meters of linear travel,,,Conductor,Overhead,Yes,Contact From Object, ,Vehicle,Unknown,Fire agency,12,,,
Vegetation,Rural,Less Than .25 Acres,,,Conductor,Overhead,Yes,Equipment failure,Splices, ,Unknown,Fire agency,12,,,
Vegetation,Rural,.26 - 9.99 Acres,,,Other,Overhead,No,Contact From Object, ,Animal ,Unknown,Unknown,220,,,
Vegetation,Urban,Less than three (3) meters of linear travel,,,Conductor,Overhead,Yes,Equipment failure,Connector, ,Unknown,Fire agency,4.16,,,
Structure,Unknown,Less than three (3) meters of linear travel,,,Conductor,Underground,No,Equipment failure,Conductor, ,Unknown,Fire agency,12,,,
Other,Urban,Less than three (3) meters of linear travel,,,Conductor,Overhead,Yes,Equipment failure,Cable, ,Unknown,Self-extinguished,12,,,
Vegetation,Unknown,Less than three (3) meters of linear travel,,,Other,Underground,Yes,Equipment failure,Underground, ,Unknown,Self-extinguished,12,,,
Vegetation,Urban,Less than three (3) meters of linear travel,,,Other,Overhead,No,Equipment failure,Cable, ,Unknown,Self-extinguished,4.16,,,
Vegetation,Urban,.26 - 9.99 Acres,,,Other,Overhead,Yes,Contact From Object, ,Animal ,Unknown,Fire agency,12,,,
Vegetation,Urban,Less Than .25 Acres,,,Conductor,Overhead,Yes,Contact From Object, ,Ballons,Unknown,Unknown,12,,,
Vegetation,Urban,Less than three (3) meters of linear travel,,,Conductor,Overhead,No,Equipment failure,Conductor, ,Unknown,Self-extinguished,12,,,
Vegetation,Rural,.26 - 9.99 Acres,,,Switch,Overhead,No,Contact From Object, ,Animal ,Unknown,Unknown,12,,,
Vegetation,Urban,Less than three (3) meters of linear travel,,,Conductor,Overhead,No,Contact From Object, ,Ballons,Unknown,Fire agency,12,,,
Vegetation,Rural,Less Than .25 Acres,,,Conductor,Overhead,No,Equipment failure,Conductor, ,Unknown,Fire agency,115,,,
Other,Unknown,Less than three (3) meters of linear travel,,,Conductor,Underground,No,Equipment failure,Cable, ,Unknown,Self-extinguished,12,,,
Vegetation,Rural,.26 - 9.99 Acres,,,Other,Overhead,No,Contact From Object, ,Animal ,Unknown,Fire agency,66,,,
Vegetation,Urban,Less than three (3) meters of linear travel,,,Other,Overhead,No,Equipment failure,Pothead, ,Unknown,Fire agency,12,,,
Other,Urban,.26 - 9.99 Acres,,,Other,Overhead,Yes,Equipment failure,Transformer, ,Unknown,Unknown,12,,,
Vegetation,Rural,Less than three (3) meters of linear travel,,,Conductor,Overhead,No,Equipment failure,Conductor, ,Unknown,Fire agency,220,,,
Vegetation,Rural,Less Than .25 Acres,,,Lightning Arrestor,Overhead,No,Wire-to-wire contact, , ,Unknown,Fire agency,16,,,
Vegetation,Urban,.26 - 9.99 Acres,,,Conductor,Overhead,No,Contact From Object, ,Vehicle,Outside Force,Fire agency,12,,,
Vegetation,Rural,Less than three (3) meters of linear travel,,,Other,Underground,No,Equipment failure,Conductor, ,Unknown,Fire agency,12,,,
Vegetation,Urban,.26 - 9.99 Acres,,,Conductor,Overhead,Yes,Contact From Object, ,Ballons,Outside Force,Fire agency,12,,,
Vegetation,Urban,Less than three (3) meters of linear travel,,,Transformer,Overhead,Yes,Vandalism/theft,Transformer, ,Outside Force,Fire agency,12,,,
Vegetation,Urban,Less than three (3) meters of linear travel,,,Other,Underground,No,Equipment failure,Connector, ,Unknown,Fire agency,12,,,
Vegetation,Urban,Less than three (3) meters of linear travel,,,Conductor,Overhead,No,Equipment failure,Connector, ,Unknown,Fire agency,12,,,
Vegetation,Urban,Less than three (3) meters of linear travel,,,Conductor,Overhead,No,Contact From Object, ,Vehicle,Outside Force,Utility,12,,,
Vegetation,Urban,Less than three (3) meters of linear travel,,,Conductor,Overhead,No,Contamination, , ,Weather,Fire agency,16,,,
Structure,Urban,Less than three (3) meters of linear travel,,,Conductor,Overhead,No,Contact From Object, ,Animal ,Outside Force,Fire agency,12,,,
Vegetation,Unknown,Less than three (3) meters of linear travel,,,Conductor,Underground,Yes,Equipment failure,Cable, ,Unknown,Customer,12,,,
Vegetation,Urban,Less Than .25 Acres,,,Conductor,Overhead,No,Equipment failure,Insulator, ,Unknown,Fire agency,16,,,
Other,Rural,Less than three (3) meters of linear travel,,,Other,Overhead,Yes,Equipment failure,Transformer, ,Unknown,Self-extinguished,16,,,
Other,Urban,Less than three (3) meters of linear travel,,,Conductor,Overhead,Yes,Equipment failure,Insulator, ,Unknown,Fire agency,16,,,
Vegetation,Rural,.26 - 9.99 Acres,,,Other,Overhead,Yes,Equipment failure,Fuse, ,Weather,Fire agency,12,,,
Vegetation,Urban,Less than three (3) meters of linear travel,,,Conductor,Overhead,Yes,Contact From Object, ,Vegetation,Outside Force,Fire agency,4.16,,,
Vegetation,Urban,Less than three (3) meters of linear travel,,,Other,Overhead,Yes,Equipment failure,Pothead, ,Weather,Fire agency,16,,,
Vegetation,Urban,Less than three (3) meters of linear travel,,,Conductor,Overhead,Yes,Contact From Object, ,Ballons,Outside Force,Self-extinguished,12,,,
Other,Rural,Less than three (3) meters of linear travel,,,Conductor,Overhead,No,Contact From Object, ,Vegetation,Outside Force,Fire agency,12,,,
Other,Urban,Less than three (3) meters of linear travel,,,Conductor,Overhead,No,Contact From Object, ,Vegetation,Outside Force,Fire agency,16,,,
Vegetation,Urban,Less than three (3) meters of linear travel,,,Fuse,Overhead,Yes,Equipment failure,Cable, ,Unknown,Fire agency,12,,,
Vegetation,Rural,Less than three (3) meters of linear travel,,,Conductor,Overhead,Yes,Contact From Object, ,Animal ,Outside Force,Fire agency,33,,,
Vegetation,Urban,Less than three (3) meters of linear travel,,,Conductor,Overhead,Yes,Contact From Object, ,3rd party facility,Outside Force,Fire agency,12,,,
Vegetation,Urban,Less than three (3) meters of linear travel,,,Other,Overhead,No,Contact From Object, ,Animal ,Outside Force,Fire agency,12,,,
Vegetation,Rural,.26 - 9.99 Acres,,,Conductor,Overhead,Yes,Contact From Object, ,Vegetation,Outside Force,Self-extinguished,12,,,
Vegetation,Urban,Less Than .25 Acres,,,Other,Overhead,Yes,Contact From Object, ,Vehicle,Outside Force,Fire agency,12,,,
Vegetation,Rural,.26 - 9.99 Acres,,,Conductor,Overhead,Yes,Equipment failure,Splices, ,Unknown,Fire agency,12,,,
Other,Urban,Less Than .25 Acres,,,Conductor,Overhead,Yes,Equipment failure,Splices, ,Unknown,Fire agency,16,,,
Vegetation,Urban,Less than three (3) meters of linear travel,,,Conductor,Overhead,Yes,Equipment failure,Conductor, ,Unknown,Fire agency,16,,,
Other,Urban,Less than three (3) meters of linear travel,,,Conductor,Overhead,Yes,Vandalism/theft,Cable, ,Unknown,Fire agency,16,,,
Vegetation,Rural,Less Than .25 Acres,,,Lightning Arrestor,Overhead,Yes,Equipment failure,Lightning Arrester, ,Unknown,Fire agency,12,,,
Vegetation,Rural,.26 - 9.99 Acres,,,Other,Overhead,No,Contact From Object, ,Animal ,Outside Force,Fire agency,220,,,
Vegetation,Rural,Less than three (3) meters of linear travel,,,Conductor,Underground,Yes,Vandalism/theft,Conductor, ,Outside Force,Unknown,12,,,
Vegetation,Rural,Less Than .25 Acres,,,Conductor,Overhead,Yes,Equipment failure,Conductor, ,Weather,Fire agency,16,,,
Vegetation,Rural,.26 - 9.99 Acres,,,Conductor,Overhead,Yes,Contact From Object, ,Vegetation,Weather,Fire agency,12,,,
Vegetation,Urban,Less than three (3) meters of linear travel,,,Transformer,Underground,Yes,Equipment failure,Cable, ,Unknown,Unknown,12,,,
Vegetation,Urban,Less than three (3) meters of linear travel,,,Conductor,Overhead,No,Contact From Object, ,Vegetation,Outside Force,Fire agency,4.16,,,
Vegetation,Urban,Less than three (3) meters of linear travel,,,Conductor,Overhead,Yes,Contact From Object, ,Vegetation,Outside Force,Fire agency,12,,,
Vegetation,Urban,Less than three (3) meters of linear travel,,,Conductor,Overhead,Yes,Contact From Object, ,Vegetation,Outside Force,Fire agency,12,,,
Vegetation,Urban,Less Than .25 Acres,,,Conductor,Overhead,No,Contact From Object, ,Vegetation,Outside Force,Fire agency,12,,,
Vegetation,Urban,Less Than .25 Acres,,,Transformer,Overhead,Yes,Equipment failure,Transformer, ,Unknown,Fire agency,16,,,
Structure,Urban,Less than three (3) meters of linear travel,,,Conductor,Overhead,No,Equipment failure,Conductor, ,Unknown,Fire agency,4.16,,,
Vegetation,Urban,Less than three (3) meters of linear travel,,,Other,Underground,Yes,Equipment failure,Connector, ,Unknown,Self-extinguished,12,,,
Structure,Urban,Less Than .25 Acres,,,Conductor,Overhead,No,Vandalism/theft, , ,Outside Force,Fire agency,12,,,
,,,,,,,,,,,,,,,,
,,,,,,,,,,,,,,,,
,,,,,,,,,,,,,,,,
,,,,,,,,,,,,,,,,
,,,,,,,,,,,,,,,,
,,,,,,,,,,,,,,,,
,,,,,,,,,,,,,,,,
,,,,,,,,,,,,,,,,
,,,,,,,,,,,,,,,,
,,,,,,,,,,,,,,,,
,,,,,,,,,,,,,,,,
,,,,,,,,,,,,,,,,
,,,,,,,,,,,,,,,,
,,,,,,,,,,,,,,,,
,,,,,,,,,,,,,,,,
,,,,,,,,,,,,,,,,
,,,,,,,,,,,,,,,,
,,,,,,,,,,,,,,,,
,,,,,,,,,,,,,,,,
,,,,,,,,,,,,,,,,
,,,,,,,,,,,,,,,,
,,,,,,,,,,,,,,,,
,,,,,,,,,,,,,,,,
,,,,,,,,,,,,,,,,
,,,,,,,,,,,,,,,,
,,,,,,,,,,,,,,,,
,,,,,,,,,,,,,,,,
,,,,,,,,,,,,,,,,
,,,,,,,,,,,,,,,,
,,,,,,,,,,,,,,,,
,,,,,,,,,,,,,,,,
,,,,,,,,,,,,,,,,
,,,,,,,,,,,,,,,,
,,,,,,,,,,,,,,,,
,,,,,,,,,,,,,,,,
,,,,,,,,,,,,,,,,
,,,,,,,,,,,,,,,,
,,,,,,,,,,,,,,,,
,,,,,,,,,,,,,,,,
,,,,,,,,,,,,,,,,
,,,,,,,,,,,,,,,,
,,,,,,,,,,,,,,,,
,,,,,,,,,,,,,,,,
,,,,,,,,,,,,,,,,
,,,,,,,,,,,,,,,,
,,,,,,,,,,,,,,,,
,,,,,,,,,,,,,,,,
,,,,,,,,,,,,,,,,
,,,,,,,,,,,,,,,,
,,,,,,,,,,,,,,,,
,,,,,,,,,,,,,,,,
,,,,,,,,,,,,,,,,
,,,,,,,,,,,,,,,,
,,,,,,,,,,,,,,,,
,,,,,,,,,,,,,,,,
,,,,,,,,,,,,,,,,
,,,,,,,,,,,,,,,,
,,,,,,,,,,,,,,,,
,,,,,,,,,,,,,,,,
,,,,,,,,,,,,,,,,
,,,,,,,,,,,,,,,,
,,,,,,,,,,,,,,,,
,,,,,,,,,,,,,,,,
,,,,,,,,,,,,,,,,
,,,,,,,,,,,,,,,,
,,,,,,,,,,,,,,,,
,,,,,,,,,,,,,,,,
,,,,,,,,,,,,,,,,
,,,,,,,,,,,,,,,,
,,,,,,,,,,,,,,,,
,,,,,,,,,,,,,,,,
,,,,,,,,,,,,,,,,
,,,,,,,,,,,,,,,,
,,,,,,,,,,,,,,,,
,,,,,,,,,,,,,,,,
,,,,,,,,,,,,,,,,
,,,,,,,,,,,,,,,,
,,,,,,,,,,,,,,,,
,,,,,,,,,,,,,,,,
,,,,,,,,,,,,,,,,
,,,,,,,,,,,,,,,,
,,,,,,,,,,,,,,,,
,,,,,,,,,,,,,,,,
,,,,,,,,,,,,,,,,
,,,,,,,,,,,,,,,,
,,,,,,,,,,,,,,,,
,,,,,,,,,,,,,,,,
,,,,,,,,,,,,,,,,
,,,,,,,,,,,,,,,,
,,,,,,,,,,,,,,,,
,,,,,,,,,,,,,,,,
,,,,,,,,,,,,,,,,
,,,,,,,,,,,,,,,,
,,,,,,,,,,,,,,,,
,,,,,,,,,,,,,,,,
,,,,,,,,,,,,,,,,
,,,,,,,,,,,,,,,,
,,,,,,,,,,,,,,,,
,,,,,,,,,,,,,,,,
,,,,,,,,,,,,,,,,
,,,,,,,,,,,,,,,,
,,,,,,,,,,,,,,,,
,,,,,,,,,,,,,,,,
,,,,,,,,,,,,,,,,
,,,,,,,,,,,,,,,,
,,,,,,,,,,,,,,,,
,,,,,,,,,,,,,,,,
,,,,,,,,,,,,,,,,
,,,,,,,,,,,,,,,,
,,,,,,,,,,,,,,,,
,,,,,,,,,,,,,,,,
,,,,,,,,,,,,,,,,
,,,,,,,,,,,,,,,,
,,,,,,,,,,,,,,,,
,,,,,,,,,,,,,,,,
,,,,,,,,,,,,,,,,
,,,,,,,,,,,,,,,,
,,,,,,,,,,,,,,,,
,,,,,,,,,,,,,,,,
,,,,,,,,,,,,,,,,
,,,,,,,,,,,,,,,,
,,,,,,,,,,,,,,,,
,,,,,,,,,,,,,,,,
,,,,,,,,,,,,,,,,
,,,,,,,,,,,,,,,,
,,,,,,,,,,,,,,,,
,,,,,,,,,,,,,,,,
,,,,,,,,,,,,,,,,
,,,,,,,,,,,,,,,,
,,,,,,,,,,,,,,,,
,,,,,,,,,,,,,,,,
,,,,,,,,,,,,,,,,
,,,,,,,,,,,,,,,,
,,,,,,,,,,,,,,,,
,,,,,,,,,,,,,,,,
,,,,,,,,,,,,,,,,
,,,,,,,,,,,,,,,,
,,,,,,,,,,,,,,,,
,,,,,,,,,,,,,,,,
,,,,,,,,,,,,,,,,
,,,,,,,,,,,,,,,,
,,,,,,,,,,,,,,,,
,,,,,,,,,,,,,,,,
,,,,,,,,,,,,,,,,
,,,,,,,,,,,,,,,,
,,,,,,,,,,,,,,,,
,,,,,,,,,,,,,,,,
,,,,,,,,,,,,,,,,
,,,,,,,,,,,,,,,,
,,,,,,,,,,,,,,,,
,,,,,,,,,,,,,,,,
,,,,,,,,,,,,,,,,
,,,,,,,,,,,,,,,,
,,,,,,,,,,,,,,,,
,,,,,,,,,,,,,,,,
,,,,,,,,,,,,,,,,
,,,,,,,,,,,,,,,,
,,,,,,,,,,,,,,,,
Other,Urban,Less Than .25 Acres,,,Other,Overhead,No,Unknown,,,Unknown,Fire Agency,66kV,,,
Other,Rural,Less Than .25 Acres,,,Conductor,Overhead,No,Contact From Object,,Other,Unknown,Fire Agency,12kV,,,
Other,Urban,Less Than .25 Acres,,,Other,Overhead,No,Contact From Object,,Balloons,,Fire Agency,12kV,,,
Vegetation,Rural,1000 - 4999 Acres,,,Other,Overhead,No,Unknown,,,Unknown,Fire Agency,66kV,,,
Vegetation,Rural,.26 - 9.99 Acres,,,Conductor,Overhead,Yes,Unknown,,,Unknown,Fire Agency,16kV,,,
Vegetation,Rural,10 - 99 Acres,,,Conductor,Overhead,Yes,Contact From Object,,Vegetation,Unknown,Fire Agency,12kV,,,
Vegetation,Rural,Less Than .25 Acres,,,Conductor,Overhead,Yes,Contact From Object,,Animal,Unknown,Fire Agency,16kV,,,
Vegetation,Urban,Less Than .25 Acres,,,Conductor,Overhead,No,Other,,,Other,Fire Agency,16kV,,,
Vegetation,Rural,Less Than .25 Acres,,,Lightning Arrestor,Overhead,No,Equipment/Facility Failure,Lightning Arrestor,,Unknown,Fire Agency,12kV,,,
Vegetation,Rural,Less Than .25 Acres,,,Conductor,Overhead,No,Contact From Object,,Vegetation,Unknown,Fire Agency,12kV,,,
Vegetation,Rural,Less Than .25 Acres,,,Conductor,Overhead,No,Equipment/Facility Failure,Conductor,,Unknown,Fire Agency,12kV,,,
Vegetation,Urban,.26 - 9.99 Acres,,,Other,Overhead,Yes,Contact From Object,,Vegetation,Human Error,Fire Agency,12kV,,,
Other,Rural,Less Than .25 Acres,,,Other,Overhead,No,Unknown,,,Unknown,Fire Agency,12kV,,,
Vegetation,Rural,Less Than .25 Acres,,,Conductor,Overhead,No,Contact From Object,,Balloons,Unknown,Fire Agency,12kV,,,
Vegetation,Rural,Less Than .25 Acres,,,Conductor,Overhead,Yes,Contact From Object,,Vehicle,Outside Force,Fire Agency,16kV,,,
Vegetation,Rural,Less Than .25 Acres,,,Other,Overhead,Yes,Equipment/Facility Failure,Conductor,,Unknown,Fire Agency,12kV,,,
Vegetation,Urban,Less Than .25 Acres,,,Transformer,Overhead,Yes,Equipment/Facility Failure,Transformer,,Unknown,Fire Agency,12kV,,,
Building,Urban,.26 - 9.99 Acres,,,Other,Overhead,Yes,Other,,,Unknown,Fire Agency,12kV,,,
Vegetation,Urban,.26 - 9.99 Acres,,,Other,Overhead,No,Equipment/Facility Failure,Splice/Clamp/Connector,,Unknown,Fire Agency,4kV,,,
Other,Urban,Less Than .25 Acres,,,Other,Subsurface,Yes,Equipment/Facility Failure,Splice/Clamp/Connector,,Unknown,Fire Agency,12kV,,,
Vegetation,Urban,Less Than .25 Acres,,,Conductor,Overhead,Yes,Unknown,,,Unknown,Fire Agency,12kV,,,
Other,Urban,Less Than .25 Acres,,,Conductor,Overhead,No,Contact From Object,,Vegetation,Unknown,Fire Agency,12kV,,,
Vegetation,Rural,Less Than .25 Acres,,,Other,Overhead,Yes,Contact From Object,,Balloons,,Fire Agency,16kV,,,
Vegetation,Rural,Less Than .25 Acres,,,Transformer,Overhead,No,Contamination,,,Other,Fire Agency,16kV,,,
Other,Urban,Less Than .25 Acres,,,Other,Overhead,No,Contact From Object,,Other,Unknown,Unknown,12kV,,,
Other,Urban,Less Than .25 Acres,,,Other,Overhead,Yes,Unknown,,,Unknown,Fire Agency,4kV,,,
Vegetation,Urban,Less Than .25 Acres,,,Conductor,Overhead,Yes,Contact From Object,,Vegetation,Unknown,Fire Agency,16kV,,,
Vegetation,Urban,Less Than .25 Acres,,,Conductor,Overhead,Yes,Equipment/Facility Failure,Splice/Clamp/Connector,,Unknown,Fire Agency,16kV,,,
Vegetation,Urban,Less Than .25 Acres,,,Conductor,Overhead,Yes,Equipment/Facility Failure,Conductor,,Unknown,Fire Agency,4kV,,,
Building,Urban,Less Than .25 Acres,,,Other,Overhead,No,Contact Between Third Party Facility on Pole and Supply Lines,,,Unknown,Fire Agency,12kV,,,
Vegetation,Urban,Less Than .25 Acres,,,Conductor,Overhead,Yes,Contact From Object,,Vegetation,Unknown,Fire Agency,16kV,,,
Other,Rural,Less Than .25 Acres,,,Transformer,Overhead,No,Wire-Wire Contact,,,Weather,Fire Agency,16kV,,,
Vegetation,Urban,Less Than .25 Acres,,,Other,Overhead,No,Other,,,Weather,Fire Agency,12kV,,,
Other,Urban,Less Than .25 Acres,,,Capacitor Bank,Overhead,Yes,Vandalism/Theft,,,Unknown,Fire Agency,12kV,,,
Vegetation,Urban,Less Than .25 Acres,,,Conductor,Overhead,Yes,Equipment/Facility Failure,Conductor,,Weather,Fire Agency,12kV,,,
Vegetation,Urban,Less Than .25 Acres,,,Conductor,Overhead,Yes,Other,,,Unknown,Fire Agency,12kV,,,
Vegetation,Rural,Less Than .25 Acres,,,Other,Overhead,No,Vandalism/Theft,,,Other,Fire Agency,12kV,,,
Vegetation,Rural,Less Than .25 Acres,,,Conductor,Overhead,No,Contact From Object,,Vegetation,Weather,Fire Agency,12kV,,,
Vegetation,Urban,Less Than .25 Acres,,,Switch,Overhead,Yes,Contact From Object,,Animal,Outside Force,Fire Agency,12kV,,,
Other,Urban,.26 - 9.99 Acres,,,Conductor,Overhead,Yes,Wire-Wire Contact,,,Weather,Fire Agency,12kV,,,
Vegetation,Rural,Less Than .25 Acres,,,Transformer,Overhead,No,Contamination,,,Unknown,Customer,16kV,,,
Other,Urban,Less Than .25 Acres,,,Conductor,Overhead,Yes,Equipment/Facility Failure,Conductor,,Unknown,Fire Agency,16kV,,,
Vegetation,Urban,Less Than .25 Acres,,,Conductor,Overhead,Yes,Unknown,,,Unknown,Fire Agency,12kV,,,
Other,Urban,Less Than .25 Acres,,,Conductor,Overhead,Yes,Contact From Object,,Animal,,Fire Agency,12kV,,,
Vegetation,Urban,Less Than .25 Acres,,,Conductor,Overhead,Yes,Contact From Object,,Other,Unknown,Fire Agency,66kV,,,
Vegetation,Urban,Less Than .25 Acres,,,Conductor,Overhead,Yes,Contact From Object,,Animal,,Fire Agency,16kv,,,
Vegetation,Urban,Less Than .25 Acres,,,Conductor,Overhead,Yes,Contact From Object,,Animal,,Fire Agency,66kV,,,
Vegetation,Urban,10 - 99 Acres,,,Switch,Overhead,Yes,Unknown,,,Unknown,Fire Agency,16kV,,,
Vegetation,Urban,Less Than .25 Acres,,,Conductor,Overhead,Yes,Contact From Object,,Balloons,,Fire Agency,16kV,,,
Vegetation,Urban,Less Than .25 Acres,,,Conductor,Overhead,No,Contact From Object,,Vegetation,Weather,Fire Agency,12kV,,,
Other,Urban,Less Than .25 Acres,,,Other,Overhead,Yes,Unknown,,,Unknown,Unknown,12kv,,,
Other,Urban,Less Than .25 Acres,,,Conductor,Overhead,Yes,Equipment/Facility Failure,Splice/Clamp/Connector,,Unknown,Unknown,33kV,,,
Other,Urban,Less Than .25 Acres,,,Transformer,Overhead,Yes,Equipment/Facility Failure,Transformer,,Unknown,Fire Agency,12kV,,,
Other,Urban,Less Than .25 Acres,,,Conductor,Overhead,Yes,Contact From Object,,Vehicle,,Fire Agency,12kV,,,
Vegetation,Rural,.26 - 9.99 Acres,,,Other,Overhead,No,Equipment/Facility Failure,Insulator,,Unknown,Fire Agency,12kV,,,
Vegetation,Urban,Less Than .25 Acres,,,Conductor,Overhead,Yes,Contact From Object,,Other,Unknown,Fire Agency,12kV,,,
Vegetation,Urban,Less Than .25 Acres,,,Conductor,Overhead,Yes,Contact From Object,,Vegetation,Human Error,Fire Agency,16kV,,,
Other,Urban,Less Than .25 Acres,,,Transformer,Overhead,Yes,Equipment/Facility Failure,Transformer,,Unknown,Unknown,16kV,,,
Other,Urban,.26 - 9.99 Acres,,,Conductor,Overhead,Yes,Contact From Object,,Vehicle,,Fire Agency,12kV,,,
Other,Urban,Less Than .25 Acres,,,Lightning Arrestor,Overhead,Yes,Equipment/Facility Failure,Lightning Arrestor,,Unknown,Fire Agency,12kV,,,
Vegetation,Urban,Less Than .25 Acres,,,Other,Overhead,Yes,Equipment/Facility Failure,Splice/Clamp/Connector,,Unknown,Fire Agency,12kV,,,
Other,Urban,Less Than .25 Acres,,,Conductor,Overhead,Yes,Other,,,Weather,Fire Agency,12kV,,,
Vegetation,Rural,Less Than .25 Acres,,,Conductor,Overhead,Yes,Contact From Object,,Balloons,,Self Extinguished,12kV,,,
Vegetation,Rural,10 - 99 Acres,,,Conductor,Overhead,Yes,Contact From Object,,Balloons,,Fire Agency,220kV,,,
Vegetation,Urban,Less Than .25 Acres,,,Conductor,Overhead,Yes,Contact From Object,,Vegetation,Unknown,Fire Agency,12kV,,,
Other,Urban,Less Than .25 Acres,,,Conductor,Overhead,Yes,Contact From Object,,Animal,,Fire Agency,16kV,,,
Building,Urban,Less Than .25 Acres,,,Conductor,Overhead,Yes,Unknown,,,Unknown,Fire Agency,4kv,,,
Vegetation,Rural,.26 - 9.99 Acres,,,Other,Overhead,Yes,Vandalism/Theft,,,Outside Force,Fire Agency,12kV,,,
Vegetation,Rural,Less Than .25 Acres,,,Conductor,Subsurface,Yes,Other,,,Human Error,Self Extinguished,120 V,,,
Vegetation,Urban,Less Than .25 Acres,,,Conductor,Overhead,Yes,Equipment/Facility Failure,Other,,Unknown,Fire Agency,12kV,,,
Vegetation,Rural,Less Than .25 Acres,,,Fuse,Overhead,No,Contact From Object,,Vehicle,,Unknown,12kV,,,
Other,Urban,Less Than .25 Acres,,,Conductor,Overhead,Yes,Contact From Object,,Balloons,,Fire Agency,33kV,,,
Other,Rural,Less Than .25 Acres,,,Conductor,Overhead,Yes,Equipment/Facility Failure,Pole,,Unknown,Utility,12kV,,,
Vegetation,Urban,Less Than .25 Acres,,,Other,Overhead,Yes,Unknown,,,Unknown,Fire Agency,12kV,,,
Vegetation,Rural,Less Than .25 Acres,,,Conductor,Overhead,Yes,Contact From Object,,Vehicle,,Fire Agency,12kV,,,
Other,Urban,Less Than .25 Acres,,,Other,Subsurface,Yes,Unknown,,,Unknown,Fire Agency,16kV,,,
Other,Rural,Less Than .25 Acres,,,Conductor,Overhead,Yes,Contact From Object,,Balloons,,Fire Agency,12kv,,,
Vegetation,Rural,100 - 299 Acres,,,Conductor,Overhead,Yes,Unknown,,,Unknown,Fire Agency,12kv,,,
Vegetation,Urban,Less Than .25 Acres,,,Transformer,Overhead,No,Equipment/Facility Failure,Other,,Unknown,Self Extinguished,12kV,,,
Other,Urban,Less Than .25 Acres,,,Conductor,Overhead,Yes,Contact From Object,,Vegetation,Unknown,Fire Agency,12kv,,,
Vegetation,Urban,10 - 99 Acres,,,Conductor,Overhead,Yes,Contact From Object,,Vegetation,Unknown,Fire Agency,12kv,,,
Vegetation,Urban,Less Than .25 Acres,,,Conductor,Overhead,Yes,Contact From Object,,Balloons,,Fire Agency,12kv,,,
Vegetation,Urban,Less Than .25 Acres,,,Lightning Arrestor,Overhead,No,Equipment/Facility Failure,Lightning Arrestor,,Weather,Fire Agency,12kV,,,
Other,Urban,Less Than .25 Acres,,,Conductor,Overhead,Yes,Contact From Object,,Vehicle,,Unknown,115kV,,,
Vegetation,Urban,Less Than .25 Acres,,,Conductor,Overhead,Yes,Contact From Object,,Vegetation,Unknown,Fire Agency,16kV,,,
Other,Urban,Less Than .25 Acres,,,Conductor,Overhead,Yes,Unknown,,,Unknown,Fire Agency,12kV,,,
Vegetation,Urban,Less Than .25 Acres,,,Conductor,Overhead,Yes,Unknown,,,Weather,Self Extinguished,12kV,,,
Other,Urban,Less Than .25 Acres,,,Conductor,Overhead,Yes,Unknown,,,Weather,Self Extinguished,12kV,,,
Vegetation,Rural,.26 - 9.99 Acres,,,Conductor,Subsurface,No,Equipment/Facility Failure,Other,,Unknown,Fire Agency,16kV,,,
Other,Urban,Less Than .25 Acres,,,Other,Overhead,Yes,Contact From Object,,Vehicle,,Fire Agency,12kV,,,
Other,Urban,Less Than .25 Acres,,,Conductor,Subsurface,Yes,Vandalism/Theft,,,Outside Force,Fire Agency,12kV,,,
Vegetation,Urban,Less Than .25 Acres,,,Other,Overhead,No,Unknown,,,Unknown,Fire Agency,12kV,,,
Vegetation,Rural,Less Than .25 Acres,,,Conductor,Overhead,Yes,Contact From Object,,Animal,,Fire Agency,66kV,,,
Building,Urban,Less Than .25 Acres,,,Conductor,Overhead,Yes,Contact From Object,,Balloons,,Fire Agency,16kV,,,
Other,Urban,Less Than .25 Acres,,,Other,Overhead,Yes,Unknown,,,,Fire Agency,12kV,,,
Other,Rural,Less Than .25 Acres,,,Conductor,Overhead,Yes,Contact From Object,,Vegetation,Unknown,Fire Agency,12kV,,,
Vegetation,Rural,Less Than .25 Acres,,,Conductor,Overhead,Yes,Contact From Object,,Vehicle,,Unknown,12kV,,,
Other,Rural,Less Than .25 Acres,,,Conductor,Overhead,Yes,Contact From Object,,Animal,,Fire Agency,33kV,,,
Vegetation,Rural,Less Than .25 Acres,,,Other,Overhead,Yes,Contact From Object,,Animal,,Fire Agency,16kV,,,
Other,Urban,Less Than .25 Acres,,,Conductor,Overhead,Yes,Contact From Object,,Vehicle,,Fire Agency,33kV,,,
Vegetation,Rural,10 - 99 Acres,,,Other,Overhead,No,Unknown,,,Unknown,Fire Agency,500kV,,,
Vegetation,Rural,Less Than .25 Acres,,,Other,Overhead,Yes,Contact From Object,,Animal,,Fire Agency,12kV,,,
Vegetation,Rural,Less Than .25 Acres,,,Other,Overhead,Yes,Contact From Object,,Animal,Unknown,Fire Agency,12kV,,,
Building,Urban,Less Than .25 Acres,,,Capacitor Bank,Overhead,Yes,Contact From Object,,Animal,Unknown,Fire Agency,16kV,,,
Vegetation,Rural,Less Than .25 Acres,,,Conductor,Overhead,Yes,Contact From Object,,Animal,,Fire Agency,66kV,,,
Other,Rural,Less Than .25 Acres,,,Other,Overhead,No,Unknown,,,Unknown,Fire Agency,4kV,,,
Building,Urban,Less Than .25 Acres,,,Conductor,Overhead,Yes,Contact From Object,,Balloons,,Fire Agency,12kV,,,
Vegetation,Rural,.26 - 9.99 Acres,,,Conductor,Overhead,Yes,Unknown,,,Unknown,Fire Agency,16kV,,,
Vegetation,Rural,Less Than .25 Acres,,,Conductor,Overhead,Yes,Contact From Object,,Vegetation,Unknown,Customer,12kV,,,
Other,Urban,Less Than .25 Acres,,,Conductor,Overhead,Yes,Contact From Object,,Balloons,,Fire Agency,12kV,,,
Building,Urban,Less Than .25 Acres,,,Conductor,Overhead,Yes,Contact From Object,,Balloons,,Fire Agency,12kV,,,
Vegetation,Urban,Less Than .25 Acres,,,Conductor,Overhead,Yes,Contact From Object,,Balloons,Unknown,Fire Agency,12kV,,,
Other,Urban,Less Than .25 Acres,,,Conductor,Overhead,Yes,Contact From Object,,Vegetation,Human Error,Fire Agency,16kV,,,
Other,Rural,Less Than .25 Acres,,,Transformer,Overhead,Yes,Unknown,,,Unknown,Fire Agency,16kV,,,
Vegetation,Rural,Less Than .25 Acres,,,Conductor,Overhead,Yes,Contact From Object,,Vehicle,,Fire Agency,12kV,,,
Vegetation,Rural,Less Than .25 Acres,,,Conductor,Overhead,No,Contact From Object,,Vehicle,,Fire Agency,12kV,,,
Vegetation,Rural,Less Than .25 Acres,,,Conductor,Overhead,Yes,Contact From Object,,Vehicle,,Fire Agency,12kV,,,
Building,Urban,Less Than .25 Acres,,,Conductor,Overhead,Yes,Unknown,,,Unknown,Fire Agency,12kV,,,
Vegetation,Urban,Less Than .25 Acres,,,Conductor,Overhead,Yes,Equipment/Facility Failure,Conductor,,Unknown,Fire Agency,12kV,,,
Other,Rural,Less Than .25 Acres,,,Conductor,Overhead,Yes,Equipment/Facility Failure,Splice/Clamp/Connector,,Unknown,Fire Agency,12kV,,,
Vegetation,Urban,Less Than .25 Acres,,,Conductor,Overhead,Yes,Unknown,,,Unknown,Fire Agency,12kV,,,
Vegetation,Urban,Less Than .25 Acres,,,Conductor,Overhead,Yes,Contact From Object,,Vegetation,Unknown,Fire Agency,12kV,,,
Other,Rural,Less Than .25 Acres,,,Conductor,Overhead,Yes,Equipment/Facility Failure,Splice/Clamp/Connector,,Unknown,Fire Agency,12kV,,,
Other,Rural,Less Than .25 Acres,,,Other,Overhead,Yes,Equipment/Facility Failure,Other,,Unknown,Fire Agency,16kV,,,
Other,Urban,Less Than .25 Acres,,,Conductor,Overhead,Yes,Vandalism/Theft,,,Outside Force,Fire Agency,16kV,,,
Vegetation,Urban,Less Than .25 Acres,,,Conductor,Overhead,Yes,Contact From Object,,Vegetation,Weather,Fire Agency,12kV,,,
Building,Urban,Less Than .25 Acres,,,Conductor,Overhead,Yes,Contact From Object,,Balloons,Unknown,Fire Agency,16kV,,,
Building,Urban,Less Than .25 Acres,,,Conductor,Overhead,Yes,Contact From Object,,Balloons,Unknown,Fire Agency,12kV,,,
Vegetation,Rural,Less Than .25 Acres,,,Other,Overhead,No,Other,,,Unknown,Fire Agency,12kV,,,
Building,Urban,Less Than .25 Acres,,,Conductor,Overhead,Yes,Equipment/Facility Failure,Fuse,,Unknown,Unknown,12kV,,,
Vegetation,Rural,.26 - 9.99 Acres,,,Conductor,Overhead,Yes,Contact From Object,,Vehicle,,Fire Agency,16kV,,,
Other,Urban,.26 - 9.99 Acres,,,Conductor,Overhead,Yes,Unknown,,,Unknown,Fire Agency,12 kV,,,
Other,Rural,.26 - 9.99 Acres,,,Fuse,Overhead,No,Contact From Object,,Vegetation,Unknown,Fire Agency,12kV,,,
Other,Urban,Less Than .25 Acres,,,Switch,Overhead,No,Vandalism/Theft,,,Outside Force,Unknown,66kV,,,
Vegetation,Urban,Less Than .25 Acres,,,Other,Overhead,Yes,Equipment/Facility Failure,Other,,Unknown,Fire Agency,4kV,,,
Vegetation,Rural,.26 - 9.99 Acres,,,Other,Overhead,Yes,Other,,,Weather,Fire Agency,12kV,,,
Vegetation,Urban,Less Than .25 Acres,,,Conductor,Overhead,Yes,Contact From Object,,Animal,Unknown,Fire Agency,16kV,,,
Other,Rural,Less Than .25 Acres,,,Conductor,Overhead,Yes,Equipment/Facility Failure,Crossarm,,Weather,Fire Agency,12kV,,,
Vegetation,Urban,Less Than .25 Acres,,,Conductor,Overhead,Yes,Contact From Object,,Other,Unknown,Fire Agency,12kV,,,
Vegetation,Rural,Less Than .25 Acres,,,Conductor,Overhead,Yes,Contact From Object,,Other,Unknown,Fire Agency,12kV,,,
Other,Urban,Less Than .25 Acres,,,Other,Overhead,Yes,Equipment/Facility Failure,Other,,Unknown,Fire Agency,33kV,,,
Other,Urban,Less Than .25 Acres,,,Conductor,Overhead,Yes,Equipment/Facility Failure,Transformer,,Unknown,Fire Agency,16 kV,,,
Vegetation,Rural,10 - 99 Acres,,,Other,Overhead,Yes,Unknown,,,,Fire Agency,16kV,,,
Vegetation,Rural,Greater than 5000 Acres,,,Conductor,Overhead,Yes,Unknown,,,Unknown,Fire Agency,12kV,,,
Vegetation,Urban,Less Than .25 Acres,,,Conductor,Overhead,Yes,Contact From Object,,Vegetation,Weather,Fire Agency,12kV,,,
Other,Urban,Less Than .25 Acres,,,Conductor,Overhead,Yes,Unknown,,,Unknown,Fire Agency,16kV,,,
Vegetation,Rural,.26 - 9.99 Acres,,,Conductor,Overhead,Yes,Contact From Object,,Balloons,Unknown,Fire Agency,16 kV,,,
Vegetation,Rural,Less Than .25 Acres,,,Conductor,Overhead,Yes,Contact From Object,,Animal,Unknown,Utility,33 kV,,,
Vegetation,Urban,Less Than .25 Acres,,,Conductor,Subsurface,Yes,Equipment/Facility Failure,Other,,Unknown,Unknown,12 kV,,,
Building,Urban,Structure Only,,,Conductor,Overhead,Yes,Equipment/Facility Failure,Conductor,,Unknown,Fire Agency,120/240 V,,,
Vegetation,Rural,Less Than .25 Acres,,,Conductor,Overhead,No,Contact From Object,,Vegetation,Unknown,Fire Agency,66 kV,,,
Vegetation,Rural,Less Than .25 Acres,,,Conductor,Overhead,No,Contact From Object,,Other,Unknown,Fire Agency,12 kV,,,
Vegetation,Rural,Less Than .25 Acres,,,Conductor,Overhead,Yes,Contact From Object,,Animal,Unknown,Unknown,12 kV,,,
Vegetation,Rural,Less Than .25 Acres,,,Conductor,Overhead,No,Contact From Object,,Animal,Unknown,Self Extinguished,16 kV,,,
Vegetation,Urban,Less Than .25 Acres,,,Conductor,Overhead,Yes,Equipment/Facility Failure,Conductor,,Unknown,Fire Agency,12 kV,,,
Other,Urban,Structure Only,,,Conductor,Overhead,Yes,Equipment/Facility Failure,Conductor,,Unknown,Fire Agency,12 kV,,,
Other,Urban,Less Than .25 Acres,,,Conductor,Overhead,Yes,Contact From Object,,Balloons,Unknown,Fire Agency,12 kV,,,
Other,Urban,Less Than .25 Acres,,,Conductor,Overhead,No,Equipment/Facility Failure,Other,,Unknown,Self Extinguished,16 kV,,,
Other,Urban,Less Than .25 Acres,,,Conductor,Overhead,Yes,Equipment/Facility Failure,Conductor,,Unknown,Fire Agency,120/240 V,,,
Vegetation,Rural,.26 - 9.99 Acres,,,Conductor,Overhead,Yes,Contact From Object,,Vegetation,Unknown,Fire Agency,12 kV,,,
Vegetation,Rural,Less Than .25 Acres,,,Conductor,Overhead,No,Equipment/Facility Failure,Conductor,,Unknown,Fire Agency,120/240 V,,,
Other,Rural,Less Than .25 Acres,,,Conductor,Overhead,Yes,Contact From Object,,Balloons,Unknown,Fire Agency,16 kV,,,
Vegetation,Urban,.26 - 9.99 Acres,,,Conductor,Overhead,Yes,Contact From Object,,Balloons,Unknown,Fire Agency,4 kV,,,
Vegetation,Rural,.26 - 9.99 Acres,,,Conductor,Overhead,Yes,Equipment/Facility Failure,Fuse,,Unknown,Fire Agency,16 kV,,,
Vegetation,Urban,.26 - 9.99 Acres,,,Conductor,Overhead,Yes,Equipment/Facility Failure,Splice/Clamp/Connector,,Unknown,Customer,16 kV,,,
Vegetation,Urban,Less Than .25 Acres,,,Conductor,Overhead,Yes,Contact From Object,,Other,Unknown,Unknown,12 kV,,,
Vegetation,Urban,Less Than .25 Acres,,,Conductor,Overhead,No,Contact From Object,,Vehicle,Unknown,Fire Agency,16 kV,,,
Vegetation,Rural,.26 - 9.99 Acres,,,Conductor,Overhead,Yes,Equipment/Facility Failure,Conductor,,Unknown,Fire Agency,12 kV,,,
Building,Urban,Less Than .25 Acres,,,Conductor,Overhead,Yes,Contact From Object,,Animal,Unknown,Fire Agency,16 kV,,,
Vegetation,Urban,Less Than .25 Acres,,,Conductor,Overhead,No,Equipment/Facility Failure,,,Unknown,Fire Agency,16 kV,,,
Other,Urban,Less Than .25 Acres,,,Conductor,Overhead,Yes,Contact From Object,,Balloons,Unknown,Fire Agency,12 kV,,,
Vegetation,Rural,.26 - 9.99 Acres,,,Conductor,Overhead,Yes,Contact From Object,,Animal,Unknown,Fire Agency,12 kV,,,
Vegetation,Rural,Less Than .25 Acres,,,Conductor,Overhead,No,Unknown,,,Unknown,Fire Agency,16 kV,,,
Vegetation,Rural,Less Than .25 Acres,,,Conductor,Overhead,Yes,Contact From Object,,Vehicle,Unknown,Fire Agency,16 kV,,,
Vegetation,Urban,Less Than .25 Acres,,,Conductor,Overhead,Yes,Equipment/Facility Failure,Other,,Unknown,Fire Agency,12 kV,,,
Vegetation,Rural,.26 - 9.99 Acres,,,Conductor,Overhead,No,Contact From Object,,Animal,Unknown,Fire Agency,66 kV,,,
Vegetation,Rural,Less Than .25 Acres,,,Conductor,Overhead,No,Contact From Object,,Vegetation,Unknown,Fire Agency,120/240 V,,,
Vegetation,Rural,Less Than .25 Acres,,,Conductor,Overhead,Yes,Contact From Object,,Animal,Unknown,Fire Agency,12 kV,,,
Vegetation,Rural,10 - 99 Acres,,,Conductor,Overhead,Yes,Contact From Object,,Animal,Unknown,Fire Agency,16 kV,,,
Vegetation,Rural,Greater than 5000 Acres,,,Conductor,Overhead,Yes,Contact From Object,,Vegetation,Unknown,Fire Agency,16 kV,,,
Other,Rural,Structure Only,,,Conductor,Overhead,No,Equipment/Facility Failure,Conductor,,Unknown,Fire Agency,120/240 V,,,
Vegetation,Urban,Less Than .25 Acres,,,Transformer,Subsurface,Yes,Equipment/Facility Failure,Transformer,,Unknown,Fire Agency,16 kV,,,
Vegetation,Urban,Less Than .25 Acres,,,Conductor,Overhead,No,Wire-Wire Contact,,,Unknown,Customer,12 kV,,,
Other,Urban,Less Than .25 Acres,,,Conductor,Overhead,No,Equipment/Facility Failure,Conductor,,Unknown,Fire Agency,4 kV,,,
Building,Urban,Less Than .25 Acres,,,Conductor,Overhead,No,Contact From Object,,Vegetation,Unknown,Fire Agency,4 kV,,,
Vegetation,Rural,300 - 999 Acres,,,Conductor,Overhead,No,Unknown,,,Unknown,Fire Agency,66 kV,,,
Building,Urban,Less Than .25 Acres,,,Conductor,Overhead,Yes,Contact From Object,,Vegetation,Unknown,Fire Agency,12 kV,,,
Vegetation,Rural,300 - 999 Acres,,,Conductor,Overhead,No,Other,,,Unknown,Fire Agency,66 kV,,,
Vegetation,Rural,Less Than .25 Acres,,,Conductor,Overhead,Yes,Equipment/Facility Failure,Crossarm,,Unknown,Fire Agency,12 kV,,,
Vegetation,Rural,.26 - 9.99 Acres,,,Conductor,Overhead,Yes,Contact From Object,Conductor,Vegetation,Unknown,Fire Agency,12 kV,,,
Other,Urban,Less Than .25 Acres,,,Capacitor Bank,Padmounted,Yes,Equipment/Facility Failure,Capacitor Bank,,Unknown,Fire Agency,16 kV,,,
Vegetation,Rural,Less Than .25 Acres,,,Conductor,Overhead,Yes,Equipment/Facility Failure,Conductor,,Unknown,Utility,12 kV,,,
Other,Urban,Structure Only,,,Conductor,Overhead,Yes,Equipment/Facility Failure,Conductor,,Unknown,Fire Agency,16 kV,,,
Vegetation,Urban,Structure Only,,,Conductor,Overhead,Yes,Equipment/Facility Failure,Pole,,Unknown,Fire Agency,12 kV,,,
Vegetation,Rural,.26 - 9.99 Acres,,,Conductor,Overhead,Yes,Unknown,,,Unknown,Fire Agency,12 kV,,,
Vegetation,Rural,Less Than .25 Acres,,,Conductor,Overhead,Yes,Contact From Object,,Balloons,Unknown,Unknown,12 kV,,,
Vegetation,Rural,Less Than .25 Acres,,,Conductor,Overhead,Yes,Contact From Object,,Other,Unknown,Fire Agency,12 kV,,,
Vegetation,Rural,Less Than .25 Acres,,,Conductor,Overhead,Yes,Unknown,,,Unknown,Fire Agency,16 kV,,,
Other,Urban,Less Than .25 Acres,,,Conductor,Overhead,Yes,Equipment/Facility Failure,Conductor,,Unknown,Fire Agency,12 kV,,,
Vegetation,Urban,300 - 999 Acres,,,Conductor,Overhead,Yes,Contact From Object,,Vehicle,Unknown,Fire Agency,66 kV,,,
Vegetation,Rural,.26 - 9.99 Acres,,,Transformer,Overhead,Yes,Equipment/Facility Failure,Transformer,,Unknown,Unknown,12 kV,,,
Vegetation,Urban,Less Than .25 Acres,,,Conductor,Overhead,No,Equipment/Facility Failure,Crossarm,,Unknown,Fire Agency,120/240 V,,,
Other,Urban,Less Than .25 Acres,,,Conductor,Subsurface,Yes,Equipment/Facility Failure,Conductor,,Unknown,Unknown,16 kV,,,
Vegetation,Urban,Less Than .25 Acres,,,Conductor,Overhead,No,Equipment/Facility Failure,Insulator,,Unknown,Fire Agency,33 kV,,,
Vegetation,Rural,10 - 99 Acres,,,Conductor,Overhead,Yes,Contact From Object,,Other,Unknown,Fire Agency,12 kV,,,
Vegetation,Rural,.26 - 9.99 Acres,,,Conductor,Overhead,No,Contact From Object,,Other,Unknown,Fire Agency,66 kV,,,
Vegetation,Rural,Less Than .25 Acres,,,Conductor,Overhead,Yes,Equipment/Facility Failure,Splice/Clamp/Connector,,Unknown,Fire Agency,16 kV,,,
Vegetation,Rural,Less Than .25 Acres,,,Conductor,Overhead,Yes,Equipment/Facility Failure,Conductor,,Unknown,Fire Agency,12 kV,,,
Other,Urban,Less Than .25 Acres,,,Conductor,Overhead,Yes,Contact From Object,,Balloons,Unknown,Fire Agency,16 kV,,,
Vegetation,Rural,Less Than .25 Acres,,,Conductor,Overhead,Yes,Equipment/Facility Failure,Splice/Clamp/Connector,,Unknown,Fire Agency,16 kV,,,
Vegetation,Rural,Less Than .25 Acres,,,Conductor,Overhead,Yes,Unknown,,,Unknown,Unknown,12 kV,,,
Vegetation,Rural,10 - 99 Acres,,,Conductor,Overhead,Yes,Equipment/Facility Failure,Other,,Unknown,Fire Agency,16 kV,,,
Vegetation,Rural,.26 - 9.99 Acres,,,Conductor,Overhead,Yes,Equipment/Facility Failure,Conductor,,Unknown,Fire Agency,120/240 V,,,
Vegetation,Rural,Less Than .25 Acres,,,Conductor,Overhead,Yes,Equipment/Facility Failure,Insulator,,Unknown,Fire Agency,12 kV,,,
Other,Rural,Less Than .25 Acres,,,Conductor,Overhead,Yes,Equipment/Facility Failure,Conductor,,Unknown,Customer,4kV,,,
Other,Urban,Less Than .25 Acres,,,Conductor,Overhead,Yes,Contact From Object,,Balloons,Unknown,Fire Agency,66 kV,,,
Vegetation,Rural,Less Than .25 Acres,,,Conductor,Overhead,Yes,Contact From Object,,Vegetation,Weather,Fire Agency,12 kV,,,
Vegetation,Rural,.26 - 9.99 Acres,,,Conductor,Overhead,Yes,Contact From Object,,Animal,Unknown,Fire Agency,66 kV,,,
Vegetation,Urban,.26 - 9.99 Acres,,,Conductor,Overhead,Yes,Contact From Object,,Balloons,Unknown,Fire Agency,12 kV,,,
Vegetation,Rural,Less Than .25 Acres,,,Conductor,Overhead,Yes,Contact From Object,,Vehicle,Unknown,Fire Agency,12 kV,,,
Other,Urban,Less Than .25 Acres,,,Conductor,Overhead,Yes,Contact From Object,,Vehicle,Unknown,Fire Agency,16 kV,,,
Vegetation,Urban,Less Than .25 Acres,,,Conductor,Overhead,Yes,Equipment/Facility Failure,Splice/Clamp/Connector,,Unknown,Self Extinguished,16 kV,,,
Vegetation,Urban,10 - 99 Acres,,,Conductor,Overhead,Yes,Contact From Object,,Vegetation,Unknown,Fire Agency,12 kV,,,
Other,Urban,Less Than .25 Acres,,,Conductor,Overhead,Yes,Contact From Object,,Vegetation,Unknown,Fire Agency,4kV,,,
Vegetation,Urban,Less Than .25 Acres,,,Conductor,Overhead,Yes,Contact Between Third Party Facility on Pole and Supply Lines,,,Unknown,Unknown,12 kV,,,
Vegetation,Urban,Less Than .25 Acres,,,Conductor,Overhead,Yes,Contact From Object,,Other,Unknown,Fire Agency,12 kV,,,
Vegetation,Urban,Less Than .25 Acres,,,Conductor,Overhead,Yes,Contact From Object,,Vehicle,Unknown,Fire Agency,12 kV,,,
Vegetation,Urban,Less Than .25 Acres,,,Conductor,Overhead,Yes,Contact From Object,,Vegetation,Unknown,Fire Agency,12 kV,,,
Other,Rural,Less Than .25 Acres,,,Conductor,Overhead,Yes,Contact From Object,,Vehicle,Unknown,Fire Agency,12 kV,,,
Vegetation,Rural,Less Than .25 Acres,,,Conductor,Overhead,No,Contact From Object,,Animal,Unknown,Fire Agency,16 kV,,,
Vegetation,Rural,Less Than .25 Acres,,,Conductor,Overhead,Yes,Equipment/Facility Failure,Conductor,,Unknown,Fire Agency,16 kV,,,
Vegetation,Urban,Less Than .25 Acres,,,Conductor,Overhead,No,Contact From Object,,Vegetation,Unknown,Fire Agency,16 kV,,,
Vegetation,Urban,Less Than .25 Acres,,,Conductor,Overhead,Yes,Contact From Object,,Vegetation,Unknown,Fire Agency,12 kV,,,
Vegetation,Rural,Less Than .25 Acres,,,Other,Overhead,Yes,Equipment/Facility Failure,Other,,Unknown,Fire Agency,16 kV,,,
Vegetation,Urban,Less Than .25 Acres,,,Other,Overhead,Yes,Equipment/Facility Failure,Other,,Unknown,Fire Agency,12 kV,,,
Vegetation,Urban,Less Than .25 Acres,,,Conductor,Overhead,Yes,Equipment/Facility Failure,Conductor,,Unknown,Fire Agency,12 kV,,,
Vegetation,Rural,Less Than .25 Acres,,,Conductor,Overhead,Yes,Equipment/Facility Failure,Conductor,,Unknown,Fire Agency,12 kV,,,
Vegetation,Rural,Less Than .25 Acres,,,Conductor,Overhead,No,Unknown,,,Unknown,Fire Agency,120/240 V,,,
Vegetation,Urban,Less Than .25 Acres,,,Conductor,Overhead,Yes,Contact From Object,,Balloons,,Fire Agency,16 kV,,,
Vegetation,Rural,Less Than .25 Acres,,,Conductor,Overhead,Yes,Equipment/Facility Failure,Other,,Unknown,Fire Agency,16 kV,,,
Other,Urban,Less Than .25 Acres,,,Conductor,Overhead,Yes,Equipment/Facility Failure,Pole,,Unknown,Fire Agency,4 kV,,,
Vegetation,Urban,Less Than .25 Acres,,,Conductor,Overhead,Yes,Contact From Object,,Balloons,,Fire Agency,12 kV,,,
Vegetation,Urban,Less Than .25 Acres,,,Conductor,Overhead,Yes,Contact From Object,,Vegetation,Unknown,Fire Agency,120/240 V,,,
Vegetation,Urban,Less Than .25 Acres,,,Conductor,Overhead,Yes,Contact From Object,,Balloons,Unknown,Fire Agency,12kV,,,
Vegetation,Rural,.26 - 9.99 Acres,,,Conductor,Overhead,Yes,Equipment/Facility Failure,Crossarm,,Unknown,Unknown,12kV,,,
Vegetation,Rural,Less Than .25 Acres,,,Conductor,Overhead,Yes,Equipment/Facility Failure,Splice/Clamp/Connector,,Unknown,Unknown,12kV,,,
Vegetation,Urban,Less Than .25 Acres,,,Conductor,Overhead,Yes,Contact From Object,,Vegetation,Unknown,Fire Agency,4 kV,,,
Vegetation,Urban,Less Than .25 Acres,,,Conductor,Overhead,No,Contact From Object,,Balloons,Unknown,Utility,66kV,,,
Vegetation,Rural,Less Than .25 Acres,,,Conductor,Overhead,No,Unknown,,,Unknown,Self Extinguished,16kV,,,
Vegetation,Rural,.26 - 9.99 Acres,,,Conductor,Overhead,No,Contact From Object,,Balloons,Unknown,Fire Agency,12kV,,,
Vegetation,Rural,.26 - 9.99 Acres,,,Conductor,Overhead,Yes,Contact From Object,,Balloons,Unknown,Fire Agency,12kV,,,
Vegetation,Rural,Less Than .25 Acres,,,Conductor,Overhead,Yes,Equipment/Facility Failure,Splice/Clamp/Connector,,Unknown,Fire Agency,12kV,,,
Vegetation,Urban,Structure Only,,,Conductor,Overhead,Yes,Contact From Object,,Vegetation,Unknown,Fire Agency,16kV,,,
Vegetation,Rural,Less Than .25 Acres,,,Conductor,Overhead,No,Contact From Object,,Vegetation,Unknown,Fire Agency,120/240 V,,,
Vegetation,Rural,Less Than .25 Acres,,,Conductor,Overhead,No,Unknown,,,Unknown,Unknown,120/240 V,,,
Vegetation,Rural,Less Than .25 Acres,,,Conductor,Overhead,Yes,Contact From Object,,Balloons,Unknown,Fire Agency,12kV,,,
Vegetation,Urban,Less Than .25 Acres,,,Conductor,Overhead,No,Contact From Object,,Vegetation,Unknown,Fire Agency,120/240 V,,,
Vegetation,Rural,Less Than .25 Acres,,,Conductor,Overhead,Yes,Equipment/Facility Failure,Conductor,,Unknown,Fire Agency,12kV,,,
Vegetation,Rural,.26 - 9.99 Acres,,,Conductor,Overhead,Yes,Wire-Wire Contact,,,Unknown,Fire Agency,12kV,,,
Vegetation,Urban,Less Than .25 Acres,,,Conductor,Overhead,Yes,Contact From Object,,Vegetation,Unknown,Fire Agency,12kV,,,
Vegetation,Rural,Less Than .25 Acres,,,Conductor,Overhead,Yes,Other,,,Weather,Fire Agency,12kV,,,
Building,Urban,Less Than .25 Acres,,,Conductor,Overhead,Yes,Unknown,,,Unknown,Fire Agency,12kV,,,
Vegetation,Rural,Less Than .25 Acres,,,Conductor,Overhead,Yes,Equipment/Facility Failure,Conductor,,Unknown,Fire Agency,120/240 V,,,
Vegetation,Rural,Less Than .25 Acres,,,Conductor,Overhead,Yes,Equipment/Facility Failure,Conductor,,Unknown,Self Extinguished,120/240 V,,,
Vegetation,Rural,Less Than .25 Acres,,,Conductor,Overhead,No,Equipment/Facility Failure,Insulator,,Unknown,Self Extinguished,16kV,,,
Vegetation,Rural,Less Than .25 Acres,,,Conductor,Overhead,No,Equipment/Facility Failure,Insulator,,Unknown,Self Extinguished,16kV,,,
Vegetation,Rural,.26 - 9.99 Acres,,,Capacitor Bank,Overhead,No,Equipment/Facility Failure,Capacitor Bank,,Unknown,Fire Agency,12kV,,,
Vegetation,Urban,Less Than .25 Acres,,,Conductor,Overhead,Yes,Unknown,,,Unknown,Fire Agency,12kV,,,
Vegetation,Rural,Less Than .25 Acres,,,Conductor,Overhead,Yes,Contact From Object,,Animal,Unknown,Fire Agency,12kV,,,
Vegetation,Rural,.26 - 9.99 Acres,,,Conductor,Overhead,Yes,Contact From Object,,Vegetation,Unknown,Fire Agency,12kV,,,
Vegetation,Rural,10 - 99 Acres,,,Conductor,Overhead,Yes,Equipment/Facility Failure,Splice/Clamp/Connector,,Unknown,Fire Agency,12kV,,,
Vegetation,Urban,Less Than .25 Acres,,,Conductor,Overhead,Yes,Contact From Object,,Vehicle,Unknown,Unknown,12kV,,,
Vegetation,Rural,Less Than .25 Acres,,,Conductor,Overhead,Yes,Contact From Object,,Vehicle,Unknown,Fire Agency,12kV,,,
Vegetation,Rural,Less Than .25 Acres,,,Fuse,Overhead,Yes,Equipment/Facility Failure,Fuse,,Unknown,Fire Agency,12kV,,,
Vegetation,Urban,Less Than .25 Acres,,,Transformer,Overhead,Yes,Equipment/Facility Failure,Transformer,,Unknown,Fire Agency,12kV,,,
Vegetation,Rural,Less Than .25 Acres,,,Conductor,Overhead,Yes,Unknown,,,Unknown,Fire Agency,12kV,,,
Vegetation,Urban,Less Than .25 Acres,,,Conductor,Overhead,Yes,Contact From Object,,Other,Unknown,Unknown,12kV,,,
Vegetation,Urban,Less Than .25 Acres,,,Conductor,Overhead,Yes,Unknown,,,Unknown,Fire Agency,120/240 V,,,
Vegetation,Rural,.26 - 9.99 Acres,,,Conductor,Overhead,No,Contact From Object,,Balloons,Unknown,Fire Agency,12kV,,,
Vegetation,Rural,Less Than .25 Acres,,,Conductor,Overhead,No,Contact From Object,,Animal,Unknown,Fire Agency,66kV,,,
Vegetation,Rural,Less Than .25 Acres,,,Conductor,Overhead,Yes,Contact From Object,,Animal,Unknown,Fire Agency,12kV,,,
Vegetation,Urban,Less Than .25 Acres,,,Conductor,Overhead,Yes,Contact From Object,,Vegetation,Human Error,Unknown,16kV,,,
Vegetation,Rural,.26 - 9.99 Acres,,,Lightning Arrestor,Overhead,No,Equipment/Facility Failure,Lightning Arrestor,,Unknown,Fire Agency,12kV,,,
Vegetation,Rural,Less Than .25 Acres,,,Conductor,Overhead,No,Unknown,,,Unknown,Fire Agency,2.4kV,,,
Vegetation,Urban,Less Than .25 Acres,,,Conductor,Overhead,Yes,Wire-Wire Contact,,,Unknown,Fire Agency,33kV,,,
Vegetation,Rural,1000 - 4999 Acres,,,Conductor,Overhead,No,Contact From Object,,Animal,Unknown,Fire Agency,66kV,,,
Vegetation,Urban,Less Than .25 Acres,,,Conductor,Overhead,Yes,Contact From Object,,Balloons,Unknown,Fire Agency,12kV,,,
Vegetation,Urban,Less Than .25 Acres,,,Conductor,Overhead,Yes,Contact From Object,,Other,Unknown,Fire Agency,12kV,,,
Vegetation,Rural,Less Than .25 Acres,,,Conductor,Overhead,Yes,Contact From Object,,Animal,Unknown,Fire Agency,16kV,,,
Vegetation,Rural,Less Than .25 Acres,,,Conductor,Overhead,No,Unknown,,,Unknown,Fire Agency,120/240 V,,,
Vegetation,Rural,Less Than .25 Acres,,,Transformer,Overhead,Yes,Equipment/Facility Failure,Transformer,,Unknown,Utility,33kV,,,
Vegetation,Urban,Structure Only,,,Conductor,Overhead,Yes,Equipment/Facility Failure,Conductor,,Unknown,Fire Agency,120/240V,,,
Vegetation,Rural,Less Than .25 Acres,,,Conductor,Overhead,Yes,Equipment/Facility Failure,Conductor,,Unknown,Fire Agency,12kV,,,
Vegetation,Rural,Less Than .25 Acres,,,Conductor,Overhead,No,Equipment/Facility Failure,Conductor,,Unknown,Fire Agency,4 kV,,,
Vegetation,Urban,Less Than .25 Acres,,,Conductor,Overhead,No,Equipment/Facility Failure,Conductor,,Unknown,Fire Agency,120/240 V,,,
Vegetation,Urban,Less Than .25 Acres,,,Conductor,Overhead,Yes,Contact From Object,,Vegetation,Unknown,Fire Agency,16kV,,,
Vegetation,Rural,Less Than .25 Acres,,,Conductor,Overhead,Yes,Contact From Object,,Vehicle,Unknown,Fire Agency,12kV,,,
Vegetation,Rural,Less Than .25 Acres,,,Conductor,Overhead,No,Contact From Object,,Balloons,Unknown,Fire Agency,12kV,,,
Vegetation,Rural,Less Than .25 Acres,,,Conductor,Overhead,Yes,Contact From Object,,Balloons,Unknown,Fire Agency,12kV,,,
Vegetation,Rural,Less Than .25 Acres,,,Conductor,Overhead,Yes,Equipment/Facility Failure,Conductor,,Unknown,Fire Agency,12kV,,,
Vegetation,Rural,100 - 299 Acres,,,Conductor,Overhead,Yes,Equipment/Facility Failure,Conductor,,Unknown,Fire Agency,120/240V,,,
Vegetation,Rural,Less Than .25 Acres,,,Conductor,Overhead,Yes,Contact From Object,,Vegetation,Unknown,Unknown,16kV,,,
Other,Rural,Less Than .25 Acres,,,Conductor,Overhead,Yes,Equipment/Facility Failure,Conductor,,Unknown,Fire Agency,12kV,,,
Vegetation,Rural,Less Than .25 Acres,,,Conductor,Overhead,Yes,Wire-Wire Contact,,,Unknown,Fire Agency,33kV,,,
Vegetation,Rural,Less Than .25 Acres,,,Conductor,Overhead,Yes,Equipment/Facility Failure,Crossarm,,Unknown,Fire Agency,115 kV,,,
Vegetation,Rural,Less Than .25 Acres,,,Conductor,Overhead,No,Contact From Object,,Other,Unknown,Fire Agency,12kV,,,
Vegetation,Urban,Less Than .25 Acres,,,Conductor,Overhead,Yes,Contact From Object,,Balloons,Unknown,Self Extinguished,12kV,,,
Vegetation,Urban,Less Than .25 Acres,,,Conductor,Overhead,Yes,Contact From Object,,Balloons,Unknown,Fire Agency,12kV,,,
Vegetation,Rural,Less Than .25 Acres,,,Conductor,Overhead,No,Contact From Object,,Balloons,Unknown,Fire Agency,12kV,,,
Vegetation,Rural,Less Than .25 Acres,,,Conductor,Overhead,Yes,Contact From Object,,Other,Unknown,Fire Agency,12kV,,,
Vegetation,Urban,Less Than .25 Acres,,,Conductor,Overhead,Yes,Contact From Object,,Balloons,Unknown,Fire Agency,4 kV,,,
Vegetation,Rural,Less Than .25 Acres,,,Conductor,Overhead,Yes,Equipment/Facility Failure,Conductor,,Unknown,Fire Agency,12kV,,,
Vegetation,Rural,.26 - 9.99 Acres,,,Conductor,Overhead,Yes,Equipment/Facility Failure,Conductor,,Unknown,Fire Agency,120/240 V,,,
Vegetation,Rural,Less Than .25 Acres,,,Conductor,Overhead,Yes,Unknown,,,Unknown,Fire Agency,12kV,,,
Vegetation,Rural,Less Than .25 Acres,,,Conductor,Overhead,Yes,Contact From Object,,Other,Unknown,Fire Agency,12kV,,,
Vegetation,Rural,Less Than .25 Acres,,,Conductor,Overhead,Yes,Contact From Object,,Balloons,Unknown,Fire Agency,12kV,,,
Vegetation,Urban,Less Than .25 Acres,,,Conductor,Overhead,Yes,Contact From Object,,Balloons,Unknown,Fire Agency,12kV,,,
Vegetation,Urban,Less Than .25 Acres,,,Conductor,Overhead,Yes,Equipment/Facility Failure,Other,,Unknown,Self Extinguished,16kV,,,
Vegetation,Rural,Less Than .25 Acres,,,Conductor,Overhead,Yes,Contact From Object,,Animal,Unknown,Fire Agency,12kV,,,
Vegetation,Urban,Less Than .25 Acres,,,Conductor,Overhead,Yes,Contact From Object,,Balloons,Unknown,Fire Agency,12kV,,,
Vegetation,Rural,100 - 299 Acres,,,Conductor,Overhead,No,Contact From Object,,Animal,Unknown,Fire Agency,166kV,,,
Vegetation,Rural,Less Than .25 Acres,,,Conductor,Overhead,Yes,Contact From Object,,Balloons,Unknown,Fire Agency,115 kV,,,
Vegetation,Rural,.26 - 9.99 Acres,,,Conductor,Overhead,Yes,Contact From Object,,Balloons,Unknown,Fire Agency,16kV,,,
Vegetation,Urban,Less Than .25 Acres,,,Conductor,Overhead,Yes,Contact From Object,,Balloons,Unknown,Fire Agency,16kV,,,
Vegetation,Urban,Less Than .25 Acres,,,Conductor,Overhead,Yes,Contact From Object,,Animal,Unknown,Fire Agency,16kV,,,
Vegetation,Rural,Less Than .25 Acres,,,Conductor,Overhead,Yes,Contact From Object,,Vegetation,Unknown,Fire Agency,16kV,,,
Vegetation,Rural,.26 - 9.99 Acres,,,Conductor,Overhead,No,Contamination,,,Unknown,Fire Agency,55kV,,,
Vegetation,Rural,Less Than .25 Acres,,,Conductor,Overhead,Yes,Equipment/Facility Failure,Conductor,,Unknown,Fire Agency,12kV,,,
Vegetation,Rural,Less Than .25 Acres,,,Conductor,Overhead,Yes,Equipment/Facility Failure,Conductor,,Unknown,Fire Agency,16kV,,,
Vegetation,Rural,Less Than .25 Acres,,,Conductor,Overhead,Yes,Contact From Object,,Vegetation,Unknown,Unknown,16kV,,,
Vegetation,Rural,.26 - 9.99 Acres,,,Conductor,Overhead,Yes,Unknown,,,Unknown,Fire Agency,4 kV,,,
Vegetation,Rural,.26 - 9.99 Acres,,,Conductor,Overhead,Yes,Contact From Object,,Vehicle,Unknown,Fire Agency,12kV,,,
Vegetation,Rural,.26 - 9.99 Acres,,,Conductor,Overhead,Yes,Unknown,,,Unknown,Fire Agency,12KV,,,
Vegetation,Rural,Structure Only,,,Conductor,Overhead,Yes,Unknown,,,Unknown,Self Extinguished,12KV,,,
Vegetation,Rural,.26 - 9.99 Acres,,,Conductor,Overhead,Yes,Contact From Object,,Vegetation,Unknown,Fire Agency,16kV,,,
Vegetation,Urban,Less Than .25 Acres,,,Conductor,Overhead,Yes,Contact From Object,,Vehicle,Unknown,Fire Agency,12KV,,,
Vegetation,Rural,Structure Only,,,Conductor,Overhead,Yes,Equipment/Facility Failure,Pole,,Weather,Fire Agency,12KV,,,
Vegetation,Rural,Less Than .25 Acres,,,Conductor,Overhead,Yes,Contact From Object,,Balloons,Unknown,Fire Agency,12kV,,,
Vegetation,Rural,Less Than .25 Acres,,,Conductor,Overhead,Yes,Contact From Object,,Animal,Unknown,Fire Agency,12KV,,,
Vegetation,Rural,Less Than .25 Acres,,,Conductor,Overhead,Yes,Contact From Object,,Vehicle,Unknown,Fire Agency,12kV,,,
Vegetation,Rural,Less Than .25 Acres,,,Lightning Arrestor,Overhead,Yes,Equipment/Facility Failure,Lightning Arrestor,,Unknown,Self Extinguished,12kV,,,
Vegetation,Urban,Less Than .25 Acres,,,Conductor,Overhead,Yes,Contact From Object,,Vegetation,Unknown,Fire Agency,12KV,,,
Other,Urban,Less Than .25 Acres,,,Conductor,Overhead,Yes,Unknown,,,Unknown,Fire Agency,66kV,,,
Vegetation,Rural,Less Than .25 Acres,,,Conductor,Overhead,No,Equipment/Facility Failure,Other,,Unknown,Fire Agency,115 kV,,,
Vegetation,Urban,Less Than .25 Acres,,,Conductor,Overhead,Yes,Equipment/Facility Failure,Conductor,,Unknown,Self Extinguished,120/240 V,,,
Vegetation,Rural,Less Than .25 Acres,,,Conductor,Overhead,Yes,Contact From Object,,Vegetation,Unknown,Fire Agency,16kV,,,
Vegetation,Rural,Less Than .25 Acres,,,Conductor,Overhead,Yes,Contact From Object,,Vegetation,Unknown,Unknown,12KV,,,
Vegetation,Urban,Less Than .25 Acres,,,Conductor,Overhead,Yes,Equipment/Facility Failure,Other,,Unknown,Fire Agency,16 kV,,,
Vegetation,Urban,Less Than .25 Acres,,,Conductor,Overhead,Yes,Contact From Object,,Balloons,Unknown,Fire Agency,16 kV,,,
Vegetation,Urban,Less Than .25 Acres,,,Conductor,Overhead,Yes,Equipment/Facility Failure,Other,,Unknown,Fire Agency,16 kV,,,
Vegetation,Urban,Less Than .25 Acres,,,Conductor,Overhead,Yes,Contact From Object,,Animal,Unknown,Fire Agency,12 kV,,,
Vegetation,Urban,Less Than .25 Acres,,,Conductor,Overhead,Yes,Contact From Object,,Balloons,Unknown,Fire Agency,16 kV,,,
Vegetation,Urban,Less Than .25 Acres,,,Conductor,Overhead,Yes,Contact From Object,,Vehicle,Unknown,Fire Agency,16 kV,,,
Vegetation,Urban,Less Than .25 Acres,,,Transformer,Overhead,Yes,Unknown,,,Unknown,Fire Agency,16 kV,,,
Vegetation,Urban,Less Than .25 Acres,,,Conductor,Overhead,Yes,Contact From Object,,Vegetation,Unknown,Unknown,120/240 V,,,
Vegetation,Urban,Less Than .25 Acres,,,Conductor,Overhead,Yes,Contact From Object,,Balloons,Unknown,Fire Agency,16 kV,,,
Vegetation,Urban,Less Than .25 Acres,,,Conductor,Overhead,Yes,Contact From Object,,Animal,Unknown,Fire Agency,16 kV,,,
Vegetation,Urban,Less Than .25 Acres,,,Conductor,Overhead,Yes,Contact From Object,,Balloons,Unknown,Fire Agency,16 kV,,,
Vegetation,Urban,Less Than .25 Acres,,,Conductor,Overhead,Yes,Contact From Object,,Balloons,Unknown,Fire Agency,12 kV,,,
Vegetation,Urban,Less Than .25 Acres,,,Conductor,Overhead,Yes,Wire-Wire Contact,,,Human Error,Fire Agency,16 kV,,,
Vegetation,Rural,Less Than .25 Acres,,,Conductor,Overhead,Yes,Contact From Object,,Balloons,Unknown,Self Extinguished,12 kV,,,
Vegetation,Urban,Less Than .25 Acres,,,Conductor,Overhead,Yes,Wire-Wire Contact,,,Unknown,Fire Agency,4 kV,,,
Vegetation,Urban,Less Than .25 Acres,,,Conductor,Overhead,Yes,Contact From Object,,Balloons,Unknown,Unknown,4 kV,,,
Vegetation,Urban,Less Than .25 Acres,,,Transformer,Overhead,Yes,Equipment/Facility Failure,Other,,Unknown,Fire Agency,16 kV,,,
Vegetation,Rural,Less Than .25 Acres,,,Conductor,Overhead,Yes,Contact From Object,,Balloons,Unknown,Fire Agency,4 kV,,,
Vegetation,Urban,Less Than .25 Acres,,,Conductor,Overhead,Yes,Equipment/Facility Failure,Switch,,Unknown,Unknown,12 kV,,,
Vegetation,Urban,Less Than .25 Acres,,,Conductor,Overhead,Yes,Equipment/Facility Failure,Transformer,,Unknown,Fire Agency,4 kV,,,
Vegetation,Urban,.26 - 9.99 Acres,,,Conductor,Overhead,Yes,Equipment/Facility Failure,Conductor,,Unknown,Fire Agency,12 kV,,,
Vegetation,Urban,.26 - 9.99 Acres,,,Conductor,Overhead,Yes,Contact From Object,,Vehicle,Unknown,Fire Agency,12 kV,,,
Vegetation,Urban,Less Than .25 Acres,,,Conductor,Overhead,Yes,Contact From Object,,Animal,Unknown,Unknown,16 kV,,,
Vegetation,Urban,.26 - 9.99 Acres,,,Conductor,Overhead,Yes,Contact From Object,,Balloons,Unknown,Unknown,16 kV,,,
Vegetation,Urban,10 - 99 Acres,,,Conductor,Overhead,Yes,Contact From Object,,Balloons,Unknown,Fire Agency,33 kV,,,
Vegetation,Urban,.26 - 9.99 Acres,,,Conductor,Overhead,Yes,Contact From Object,,Balloons,Unknown,Fire Agency,12 kV,,,
Vegetation,Urban,Less Than .25 Acres,,,Conductor,Overhead,Yes,Contact From Object,,Balloons,Unknown,Unknown,16 kV,,,
Vegetation,Urban,Less Than .25 Acres,,,Conductor,Overhead,Yes,Equipment/Facility Failure,Other,,Unknown,Unknown,12 kV,,,
Vegetation,Urban,Less Than .25 Acres,,,Conductor,Overhead,Yes,Contact From Object,,Vegetation,Unknown,Fire Agency,16 kV,,,
Vegetation,Urban,Less Than .25 Acres,,,Conductor,Overhead,Yes,Vandalism/Theft,,,Unknown,Fire Agency,12 kV,,,
Vegetation,Urban,Less Than .25 Acres,,,Conductor,Overhead,Yes,Contact From Object,,Balloons,Unknown,Fire Agency,12 kV,,,
Vegetation,Urban,Less Than .25 Acres,,,Conductor,Subsurface,Yes,Equipment/Facility Failure,Splice/Clamp/Connector,,Unknown,Unknown,12 kV,,,
Vegetation,Urban,Less Than .25 Acres,,,Conductor,Overhead,Yes,Contact From Object,,Balloons,Unknown,Fire Agency,12 kV,,,
Vegetation,Urban,Less Than .25 Acres,,,Conductor,Overhead,Yes,Contact From Object,,Animal,Unknown,Fire Agency,12 kV,,,
Vegetation,Rural,.26 - 9.99 Acres,,,Conductor,Overhead,Yes,Contact From Object,,Animal,Unknown,Fire Agency,12 kV,,,
Vegetation,Urban,Less Than .25 Acres,,,Conductor,Overhead,Yes,Contact From Object,,Vehicle,Unknown,Unknown,12 kV,,,
Vegetation,Urban,Less Than .25 Acres,,,Conductor,Overhead,Yes,Contact From Object,,Vehicle,Unknown,Fire Agency,16 kV,,,
Vegetation,Urban,.26 - 9.99 Acres,,,Transformer,Overhead,Yes,Equipment/Facility Failure,Transformer,,Unknown,Fire Agency,16 kV,,,
Vegetation,Urban,Less Than .25 Acres,,,Conductor,Overhead,Yes,Contact From Object,,Vehicle,Unknown,Unknown,12 kV,,,
Vegetation,Urban,Less Than .25 Acres,,,Conductor,Overhead,Yes,Contact From Object,,Animal,Unknown,Fire Agency,12 kV,,,
Vegetation,Urban,Less Than .25 Acres,,,Conductor,Overhead,Yes,Contact From Object,,Vehicle,Unknown,Fire Agency,12 kV,,,
Vegetation,Urban,Less Than .25 Acres,,,Conductor,Overhead,Yes,Unknown,,,Unknown,Fire Agency,115 kV,,,
Vegetation,Urban,Less Than .25 Acres,,,Conductor,Overhead,Yes,Equipment/Facility Failure,Splice/Clamp/Connector,,Unknown,Fire Agency,66 kV,,,
Vegetation,Rural,Less Than .25 Acres,,,Conductor,Overhead,Yes,Contact From Object,,Vehicle,Unknown,Fire Agency,12 kV,,,
Vegetation,Urban,Less Than .25 Acres,,,Conductor,Overhead,Yes,Contact From Object,,Balloons,Unknown,Fire Agency,16 kV,,,
Vegetation,Urban,Less Than .25 Acres,,,Conductor,Overhead,Yes,Contact From Object,,Animal,Unknown,Fire Agency,33 kV,,,
Vegetation,Urban,Less Than .25 Acres,,,Conductor,Overhead,Yes,Contact From Object,,Balloons,Unknown,Unknown,12 kV,,,
Vegetation,Urban,Less Than .25 Acres,,,Conductor,Overhead,Yes,Contact From Object,,Vehicle,Unknown,Unknown,12 kV,,,
Vegetation,Urban,Less Than .25 Acres,,,Conductor,Overhead,Yes,Equipment/Facility Failure,Conductor,,Unknown,Fire Agency,33 kV,,,
Vegetation,Urban,Less Than .25 Acres,,,Conductor,Overhead,Yes,Contact From Object,,Balloons,Unknown,Fire Agency,12 kV,,,
Vegetation,Rural,Less Than .25 Acres,,,Conductor,Overhead,Yes,Contact From Object,,Vehicle,Unknown,Fire Agency,12 kV,,,
Vegetation,Rural,Less Than .25 Acres,,,Conductor,Overhead,Yes,Equipment/Facility Failure,Insulator,,Unknown,Self Extinguished,12 kV,,,
Vegetation,Urban,Less Than .25 Acres,,,Conductor,Overhead,No,Unknown,,,Unknown,Unknown,12 kV,,,
Vegetation,Rural,Less Than .25 Acres,,,Conductor,Overhead,Yes,Contact From Object,,Vehicle,Unknown,Fire Agency,12 kV,,,
Vegetation,Urban,Structure Only,,,Conductor,Overhead,Yes,Unknown,,,Unknown,Fire Agency,16 kV,,,
Vegetation,Urban,Less Than .25 Acres,,,Conductor,Overhead,No,Equipment/Facility Failure,Conductor,,Unknown,Fire Agency,120/240 V,,,
Vegetation,Urban,Less Than .25 Acres,,,Conductor,Overhead,Yes,Contact From Object,,Vegetation,Unknown,Fire Agency,16 kV,,,
Vegetation,Urban,Less Than .25 Acres,,,Conductor,Padmounted,Yes,Equipment/Facility Failure,Transformer,,Unknown,Fire Agency,16 kV,,,
Vegetation,Urban,Less Than .25 Acres,,,Conductor,Overhead,Yes,Contact From Object,,Balloons,Unknown,Fire Agency,16 kV,,,
Vegetation,Urban,Less Than .25 Acres,,,Conductor,Overhead,Yes,Unknown,,,Unknown,Fire Agency,12 kV,,,
Vegetation,Urban,Less Than .25 Acres,,,Conductor,Overhead,Yes,Equipment/Facility Failure,Transformer,,Unknown,Fire Agency,12 kV,,,
Vegetation,Urban,Less Than .25 Acres,,,Conductor,Overhead,Yes,Equipment/Facility Failure,Transformer,,Unknown,Fire Agency,4 kV,,,
Vegetation,Urban,Less Than .25 Acres,,,Conductor,Overhead,Yes,Contact From Object,,Animal,Unknown,Fire Agency,12 kV,,,
Vegetation,Urban,Less Than .25 Acres,,,Conductor,Overhead,Yes,Contact From Object,,Vegetation,Unknown,Fire Agency,12 kV,,,
Vegetation,Rural,.26 - 9.99 Acres,,,Conductor,Overhead,Yes,Equipment/Facility Failure,Other,,Unknown,Fire Agency,220 kV,,,
Vegetation,Urban,Less Than .25 Acres,,,Conductor,Overhead,Yes,Contact From Object,,Vegetation,Unknown,Fire Agency,12 kV,,,
Vegetation,Urban,Less Than .25 Acres,,,Conductor,Overhead,Yes,Contact From Object,,Vegetation,Unknown,Fire Agency,4 kV,,,
Vegetation,Urban,Less Than .25 Acres,,,Conductor,Overhead,Yes,Contact From Object,,Animal,Unknown,Fire Agency,12 kV,,,
Vegetation,Urban,Less Than .25 Acres,,,Conductor,Overhead,Yes,Contact From Object,,Balloons,Unknown,Fire Agency,4 kV,,,
Vegetation,Urban,Less Than .25 Acres,,,Conductor,Overhead,Yes,Equipment/Facility Failure,Transformer,,Unknown,Fire Agency,12 kV,,,
Vegetation,Urban,Less Than .25 Acres,,,Conductor,Overhead,Yes,Contact From Object,,Balloons,Unknown,Fire Agency,16 kV,,,
Vegetation,Rural,Less Than .25 Acres,,,Conductor,Overhead,Yes,Contact From Object,,Balloons,Unknown,Fire Agency,16 kV,,,
Vegetation,Rural,Less Than .25 Acres,,,Conductor,Overhead,Yes,Contact From Object,,Vegetation,Unknown,Fire Agency,12 kV,,,
Vegetation,Rural,Less Than .25 Acres,,,Conductor,Overhead,Yes,Contact From Object,,Animal,Unknown,Fire Agency,12 kV,,,
Vegetation,Urban,Less Than .25 Acres,,,Conductor,Overhead,Yes,Contact From Object,,Animal,Unknown,Fire Agency,12 kV,,,
Vegetation,Urban,Less Than .25 Acres,,,Conductor,Overhead,Yes,Equipment/Facility Failure,Other,,Unknown,Fire Agency,16 kV,,,
Vegetation,Urban,Less Than .25 Acres,,,Conductor,Overhead,Yes,Contact From Object,,Vegetation,Unknown,Fire Agency,16 kV,,,
Vegetation,Urban,Less Than .25 Acres,,,Conductor,Overhead,Yes,Equipment/Facility Failure,Other,,Unknown,Self Extinguished,12 kV,,,
Vegetation,Rural,Less Than .25 Acres,,,Conductor,Overhead,No,Contact From Object,,Balloons,Unknown,Fire Agency,33 kV,,,
Vegetation,Urban,Less Than .25 Acres,,,Conductor,Overhead,Yes,Contact From Object,,Vehicle,Unknown,Unknown,16 kV,,,
Vegetation,Urban,Less Than .25 Acres,,,Conductor,Overhead,Yes,Contact From Object,,Balloons,Unknown,Fire Agency,16 kV,,,
Vegetation,Rural,Less Than .25 Acres,,,Conductor,Overhead,Yes,Wire-Wire Contact,,,Unknown,Fire Agency,12 kV,,,
Vegetation,Urban,Less Than .25 Acres,,,Conductor,Overhead,Yes,Equipment/Facility Failure,Crossarm,,Unknown,Fire Agency,16 kV,,,
Vegetation,Urban,Less Than .25 Acres,,,Conductor,Overhead,No,Unknown,,,Unknown,Self Extinguished,16 kV,,,
Vegetation,Urban,Less Than .25 Acres,,,Conductor,Overhead,Yes,Contact From Object,,Vehicle,Unknown,Fire Agency,16 kV,,,
Vegetation,Urban,Less Than .25 Acres,,,Conductor,Overhead,Yes,Equipment/Facility Failure,Transformer,,Unknown,Fire Agency,16 kV,,,
Vegetation,Urban,Less Than .25 Acres,,,Conductor,Overhead,Yes,Equipment/Facility Failure,Other,,Unknown,Fire Agency,16 kV,,,
Vegetation,Urban,Less Than .25 Acres,,,Conductor,Overhead,Yes,Contact From Object,,Balloons,Unknown,Fire Agency,12 kV,,,
Vegetation,Urban,Less Than .25 Acres,,,Conductor,Overhead,Yes,Contact From Object,,Balloons,Unknown,Fire Agency,12 kV,,,
Vegetation,Urban,Less Than .25 Acres,,,Conductor,Overhead,Yes,Contact From Object,,Balloons,Unknown,Fire Agency,16 kV,,,
Vegetation,Urban,Less Than .25 Acres,,,Conductor,Overhead,Yes,Contact From Object,,Balloons,Unknown,Fire Agency,12 kV,,,
Vegetation,Urban,Less Than .25 Acres,,,Conductor,Overhead,Yes,Contact From Object,,Vegetation,Unknown,Fire Agency,16 kV,,,
Vegetation,Urban,Less Than .25 Acres,,,Conductor,Overhead,Yes,Contact From Object,,Vegetation,Unknown,Fire Agency,16 kV,,,
Vegetation,Urban,Less Than .25 Acres,,,Conductor,Overhead,Yes,Contact From Object,,Vehicle,Unknown,Fire Agency,16 kV,,,
Vegetation,Urban,Less Than .25 Acres,,,Conductor,Overhead,Yes,Equipment/Facility Failure,Transformer,,Unknown,Unknown,4 kV,,,
Vegetation,Urban,Less Than .25 Acres,,,Conductor,Overhead,Yes,Contact From Object,,Vegetation,Unknown,Fire Agency,16 kV,,,
Vegetation,Urban,Less Than .25 Acres,,,Conductor,Overhead,Yes,Contact From Object,,Balloons,Unknown,Fire Agency,16 kV,,,
Vegetation,Urban,Less Than .25 Acres,,,Conductor,Overhead,Yes,Contact From Object,,Vegetation,Unknown,Fire Agency,4 kV,,,
Vegetation,Urban,.26 - 9.99 Acres,,,Conductor,Overhead,No,Contact From Object,,Vegetation,Unknown,Fire Agency,120/240 V,,,
Vegetation,Rural,Less Than .25 Acres,,,Conductor,Overhead,Yes,Equipment/Facility Failure,Transformer,,Unknown,Fire Agency,12 kV,,,
Vegetation,Urban,Less Than .25 Acres,,,Conductor,Overhead,Yes,Equipment/Facility Failure,Conductor,,Unknown,Fire Agency,16 kV,,,
Vegetation,Rural,Less Than .25 Acres,,,Conductor,Overhead,Yes,Equipment/Facility Failure,Conductor,,Unknown,Unknown,12 kV,,,
Vegetation,Urban,Less Than .25 Acres,,,Conductor,Overhead,Yes,Contact From Object,,Balloons,Unknown,Fire Agency,16 kV,,,
Vegetation,Urban,Less Than .25 Acres,,,Conductor,Overhead,Yes,Contact From Object,,Vegetation,Unknown,Fire Agency,16 kV,,,
Vegetation,Urban,Less Than .25 Acres,,,Conductor,Overhead,Yes,Contact From Object,,Vegetation,Unknown,Fire Agency,12 kV,,,
Vegetation,Urban,Less Than .25 Acres,,,Conductor,Overhead,Yes,Contact From Object,,Balloons,Unknown,Fire Agency,12 kV,,,
Vegetation,Urban,Less Than .25 Acres,,,Conductor,Overhead,Yes,Unknown,,,Unknown,Fire Agency,16 kV,,,
Vegetation,Urban,Less Than .25 Acres,,,Conductor,Overhead,Yes,Equipment/Facility Failure,Transformer,,Unknown,Fire Agency,16 kV,,,
Vegetation,Urban,Less Than .25 Acres,,,Conductor,Overhead,Yes,Contact From Object,,Animal,Unknown,Unknown,16 kV,,,
Vegetation,Urban,Less Than .25 Acres,,,Other,Overhead,Yes,Contact From Object,,Other,Other,Utility,16kV,,,
Vegetation,Urban,Less Than .25 Acres,,,Transformer,Overhead,Yes,Contact From Object,,Animal,Outside Force,Unknown,12kV,,,
Vegetation,Urban,Less Than .25 Acres,,,Conductor,Overhead,Yes,Equipment/Facility Failure,Conductor,,Unknown,Unknown,12kV,,,
Vegetation,Rural,.26 - 9.99 Acres,,,Conductor,Overhead,Yes,Equipment/Facility Failure,Crossarm,,Unknown,Unknown,12kV,,,
Building,Urban,Less Than .25 Acres,,,Conductor,Overhead,Yes,Contact From Object,,Balloons,Unknown,Unknown,12kV,,,
Other,Urban,Less Than .25 Acres,,,Conductor,Overhead,No,Contact From Object,,Balloons,Unknown,Unknown,12kV,,,
Vegetation,Urban,Less Than .25 Acres,,,Conductor,Overhead,Yes,Equipment/Facility Failure,Splice/Clamp/Connector,,Unknown,Fire Agency,66kV,,,
Vegetation,Urban,Less Than .25 Acres,,,Conductor,Overhead,Yes,Contact From Object,,Animal,Outside Force,Fire Agency,16kV,,,
Vegetation,Urban,Less Than .25 Acres,,,Capacitor Bank,Overhead,No,Equipment/Facility Failure,Capacitor Bank,,Weather,Utility,16kV,,,
Other,Urban,Less Than .25 Acres,,,Conductor,Overhead,Yes,Wire-Wire Contact,,,Weather,Unknown,12kV,,,
Vegetation,Rural,Less Than .25 Acres,,,Conductor,Overhead,Yes,Contact From Object,,Balloons,Other,Unknown,12kV,,,
Vegetation,Urban,Less Than .25 Acres,,,Other,Padmounted,Yes,Contact From Object,,Animal,Outside Force,Fire Agency,16kV,,,
Vegetation,Urban,Less Than .25 Acres,,,Conductor,Overhead,No,Contact From Object,,Vegetation,Outside Force,Fire Agency,12kV,,,
Vegetation,Rural,Less Than .25 Acres,,,Conductor,Overhead,Yes,Equipment/Facility Failure,Conductor,,Outside Force,Unknown,12kV,,,
Vegetation,Urban,Less Than .25 Acres,,,Switch,Overhead,Yes,Contact From Object,,Vegetation,Outside Force,Unknown,16kV,,,
Other,Rural,Less Than .25 Acres,,,Transformer,Overhead,Yes,Contact From Object,,Animal,Outside Force,Fire Agency,12kV,,,
Vegetation,Rural,Less Than .25 Acres,,,,Overhead,No,Unknown,,,Unknown,Unknown,12kV,,,
Building,Urban,Less Than .25 Acres,,,Conductor,Overhead,No,Contact From Object,,Vehicle,Human Error,Unknown,12kV,,,
Vegetation,Rural,Less Than .25 Acres,,,Switch,Overhead,Yes,Contact From Object,,Animal,Outside Force,Unknown,16kV,,,
Vegetation,Rural,Less Than .25 Acres,,,Conductor,Overhead,Yes,Wire-Wire Contact,,,Other,Unknown,25kV,,,
Vegetation,Urban,.26 - 9.99 Acres,,,Conductor,Overhead,Yes,Contact From Object,,Balloons,Outside Force,Unknown,16kV,,,
Building,Urban,Less Than .25 Acres,,,Other,Overhead,Yes,Contact From Object,,Animal,Outside Force,Self Extinguished,16kV,,,
Vegetation,Rural,Less Than .25 Acres,,,Switch,Overhead,Yes,Contact From Object,,Animal,Outside Force,Unknown,12kV,,,
Other,Rural,Less Than .25 Acres,,,Transformer,Overhead,Yes,Contamination,Transformer,Animal,Unknown,Fire Agency,33kV,,,
Vegetation,Urban,Less Than .25 Acres,,,Conductor,Overhead,Yes,Wire-Wire Contact,,,Unknown,Utility,12kV,,,
Other,Rural,Less Than .25 Acres,,,Conductor,Overhead,Yes,Wire-Wire Contact,,,Weather,Unknown,12kV,,,
Vegetation,Rural,Less Than .25 Acres,,,Conductor,Overhead,No,Equipment/Facility Failure,Conductor,Animal,Human Error,Self Extinguished,12kV,,,
Vegetation,Rural,Less Than .25 Acres,,,Fuse,Overhead,No,Contact From Object,Transformer,Other,Outside Force,Unknown,12kV,,,
Building,Urban,Less Than .25 Acres,,,Conductor,Overhead,Yes,Contact From Object,,Animal,Outside Force,Fire Agency,12kV,,,
Vegetation,Rural,Less Than .25 Acres,,,Transformer,Overhead,Yes,Contact From Object,,Vehicle,Outside Force,Unknown,12kV,,,
Vegetation,Rural,Less Than .25 Acres,,,Conductor,Overhead,Yes,Equipment/Facility Failure,Conductor,,Human Error,Fire Agency,16kV,,,
Vegetation,Rural,Less Than .25 Acres,,,Conductor,Overhead,No,Contact From Object,,Vehicle,Outside Force,Unknown,12kV,,,
Other,Rural,Less Than .25 Acres,,,Conductor,Overhead,Yes,Contact From Object,,Vehicle,Outside Force,Fire Agency,12kV,,,
Vegetation,Rural,Less Than .25 Acres,,,Conductor,Overhead,Yes,Contact From Object,,Other,Outside Force,Fire Agency,12kV,,,
Vegetation,Urban,Less Than .25 Acres,,,Conductor,Overhead,Yes,Other,,,Human Error,Fire Agency,12kV,,,
Vegetation,Rural,Less Than .25 Acres,,,Conductor,Padmounted,No,Contact From Object,,Vegetation,Human Error,Utility,12kV,,,
Other,Urban,Less Than .25 Acres,,,Conductor,Overhead,Yes,Wire-Wire Contact,,,Outside Force,Unknown,12kV,,,
Other,Rural,Less Than .25 Acres,,,Fuse,Overhead,No,Contact From Object,,Vehicle,Outside Force,Fire Agency,12kV,,,
Vegetation,Urban,Less Than .25 Acres,,,Switch,Overhead,Yes,Equipment/Facility Failure,Switch,,Outside Force,Fire Agency,12kV,,,
Vegetation,Urban,Less Than .25 Acres,,,Conductor,Overhead,Yes,Equipment/Facility Failure,Insulator,,Other,Fire Agency,12kV,,,
Vegetation,Rural,Less Than .25 Acres,,,Conductor,Overhead,No,Contact From Object,,Vegetation,Human Error,Fire Agency,12kV,,,
Vegetation,Rural,Less Than .25 Acres,,,Conductor,Overhead,Yes,Contact From Object,,Balloons,Outside Force,Fire Agency,12kV,,,
Vegetation,Rural,Less Than .25 Acres,,,Conductor,Overhead,Yes,Wire-Wire Contact,,,Weather,Unknown,16kV,,,
Vegetation,Rural,Less Than .25 Acres,,,Conductor,Overhead,Yes,Contact From Object,,Animal,Outside Force,Self Extinguished,12kV,,,
Vegetation,Rural,Less Than .25 Acres,,,Conductor,Overhead,Yes,Contact From Object,,Balloons,Outside Force,Unknown,12kV,,,
Vegetation,Rural,Less Than .25 Acres,,,Conductor,Overhead,No,Equipment/Facility Failure,Conductor,,Human Error,Unknown,120kV,,,
Vegetation,Rural,.26 - 9.99 Acres,,,Conductor,Overhead,Yes,Contact From Object,,Vehicle,Outside Force,Fire Agency,12kV,,,
Vegetation,Rural,Less Than .25 Acres,,,Conductor,Overhead,Yes,Equipment/Facility Failure,Splice/Clamp/Connector,,,Fire Agency,12kV,,,
Other,Urban,Less Than .25 Acres,,,Conductor,Overhead,Yes,Contact From Object,,Animal,Other,Fire Agency,12kV,,,
Vegetation,Urban,Less Than .25 Acres,,,Conductor,Overhead,Yes,Equipment/Facility Failure,Fuse,,,Fire Agency,16kV,,,
Vegetation,Urban,Less Than .25 Acres,,,Conductor,Overhead,No,Equipment/Facility Failure,Conductor,,,Fire Agency,12kV,,,
Other,Urban,Less Than .25 Acres,,,Fuse,Overhead,No,Equipment/Facility Failure,Fuse,,Other,Fire Agency,12kV,,,
Vegetation,Rural,Less Than .25 Acres,,,Conductor,Overhead,Yes,Contact From Object,,Balloons,Outside Force,Unknown,12kV,,,
Vegetation,Rural,Less Than .25 Acres,,,Conductor,Overhead,Yes,Equipment/Facility Failure,Splice/Clamp/Connector,,,Fire Agency,33kV,,,
Vegetation,Urban,Less Than .25 Acres,,,Other,Overhead,Yes,Contact From Object,,Animal,Other,Self Extinguished,33kV,,,
Other,Urban,Less Than .25 Acres,,,Lightning Arrestor,Overhead,Yes,Contact From Object,,Animal,Other,Utility,12kV,,,
Other,Urban,Less Than .25 Acres,,,Other,Subsurface,Yes,Vandalism/Theft,,,,Fire Agency,16kV,,,
Vegetation,Urban,Less Than .25 Acres,,,Conductor,Overhead,Yes,Contact From Object,,Vegetation,Outside Force,Fire Agency,12kV,,,
Vegetation,Urban,Less Than .25 Acres,,,Conductor,Overhead,No,Equipment/Facility Failure,Conductor,,Other,Fire Agency,12kV,,,
Vegetation,Urban,Less Than .25 Acres,,,Transformer,Overhead,No,Contact From Object,,Animal,Other,Unknown,12kV,,,
Vegetation,Rural,.26 - 9.99 Acres,,,Other,Overhead,Yes,Contact From Object,,Animal,Other,Fire Agency,66kV,,,
Vegetation,Urban,Less Than .25 Acres,,,Other,Overhead,Yes,Equipment/Facility Failure,Other,,Outside Force,Unknown,12kV,,,
Vegetation,Rural,Less Than .25 Acres,,,Conductor,Overhead,No,Equipment/Facility Failure,Splice/Clamp/Connector,,Unknown,Fire Agency,16kV,,,
Vegetation,Urban,Less Than .25 Acres,,,Lightning Arrestor,Overhead,No,Contact From Object,,Animal,Other,Customer,12kV,,,
Other,Urban,Less Than .25 Acres,,,Other,Subsurface,Yes,Equipment/Facility Failure,Conductor,,Other,Fire Agency,12kV,,,
Vegetation,Urban,Less Than .25 Acres,,,Other,Overhead,Yes,Contact From Object,,Animal,Other,Fire Agency,115kV,,,
Vegetation,Rural,Less Than .25 Acres,,,Conductor,Overhead,Yes,Contact From Object,,Animal,Other,Unknown,33kV,,,
Vegetation,Rural,Less Than .25 Acres,,,Lightning Arrestor,Overhead,Yes,Contact From Object,,Animal,Other,Fire Agency,16kV,,,
Vegetation,Urban,Less Than .25 Acres,,,Conductor,Overhead,Yes,Vandalism/Theft,,,Other,Fire Agency,33kV,,,
Other,Rural,Less Than .25 Acres,,,Conductor,Overhead,Yes,Equipment/Facility Failure,Conductor,,Other,Fire Agency,12kV,,,
Other,Urban,Less Than .25 Acres,,,Conductor,Overhead,Yes,Contact From Object,,Vegetation,Outside Force,Unknown,12kV,,,
Vegetation,Rural,Less Than .25 Acres,,,Other,Overhead,Yes,Contact From Object,,Vehicle,Outside Force,Fire Agency,12kV,,,
Vegetation,Rural,Less Than .25 Acres,,,Switch,Overhead,Yes,Equipment/Facility Failure,Switch,,Other,Fire Agency,12kV,,,
Vegetation,Rural,Less Than .25 Acres,,,Conductor,Overhead,Yes,Contact From Object,,Balloons,Other,Fire Agency,12kV,,,
Other,Rural,Less Than .25 Acres,,,Conductor,Overhead,Yes,Contact From Object,,Other,Outside Force,Unknown,4kV,,,
Other,Rural,Less Than .25 Acres,,,Conductor,Overhead,Yes,Equipment/Facility Failure,Splice/Clamp/Connector,,Other,Fire Agency,12kV,,,
Other,Rural,Less Than .25 Acres,,,Conductor,Overhead,Yes,Contact From Object,,Balloons,Other,Fire Agency,12kV,,,
Other,Rural,Less Than .25 Acres,,,Conductor,Overhead,Yes,Contamination,,,Other,Fire Agency,12kV,,,
Other,Urban,Less Than .25 Acres,,,Conductor,Overhead,Yes,Contact From Object,,Vegetation,Outside Force,Fire Agency,12kV,,,
Other,Rural,Less Than .25 Acres,,,Transformer,Overhead,No,Contact From Object,,Balloons,Other,Fire Agency,12kV,,,
Vegetation,Rural,Less Than .25 Acres,,,Conductor,Overhead,Yes,Equipment/Facility Failure,Conductor,,Human Error,Fire Agency,16kV,,,
Other,Rural,Less Than .25 Acres,,,Conductor,Overhead,No,Contact From Object,,Other,Unknown,Fire Agency,16kV,,,
Other,Rural,Less Than .25 Acres,,,Transformer,Overhead,Yes,Contact From Object,,Vehicle,Human Error,Fire Agency,12kV,,,
Vegetation,Urban,Less Than .25 Acres,,,Lightning Arrestor,Overhead,No,Equipment/Facility Failure,Lightning Arrestor,,Unknown,Fire Agency,12kV,,,
Vegetation,Rural,Less Than .25 Acres,,,Conductor,Overhead,No,Equipment/Facility Failure,Transformer,,Human Error,Unknown,12kV,,,
Other,Urban,Less Than .25 Acres,,,Conductor,Overhead,Yes,Contact From Object,,Vehicle,Human Error,Fire Agency,12kV,,,
Other,Rural,.26 - 9.99 Acres,,,Conductor,Overhead,Yes,Contact From Object,,Balloons,Other,Fire Agency,33kV,,,
Other,Rural,Less Than .25 Acres,,,Transformer,Overhead,Yes,Equipment/Facility Failure,Transformer,,Other,Fire Agency,12kV,,,
Vegetation,Rural,Less Than .25 Acres,,,Conductor,Overhead,Yes,Contact From Object,,Balloons,Outside Force,Fire Agency,12kV,,,
Other,Rural,.26 - 9.99 Acres,,,Conductor,Overhead,Yes,Contact From Object,,Vehicle,Human Error,Fire Agency,12kV,,,
Vegetation,Urban,Less Than .25 Acres,,,Conductor,Overhead,No,Equipment/Facility Failure,Pole,,Other,Fire Agency,12kV,,,
Vegetation,Urban,Less Than .25 Acres,,,Conductor,Overhead,Yes,Contact From Object,,Vegetation,Other,Fire Agency,12kV,,,
Vegetation,Urban,Less Than .25 Acres,,,Conductor,Overhead,Yes,Equipment/Facility Failure,Splice/Clamp/Connector,,Other,Fire Agency,16kV,,,
Vegetation,Rural,Less Than .25 Acres,,,Transformer,Overhead,Yes,Equipment/Facility Failure,Transformer,,Other,Fire Agency,4kV,,,
Vegetation,Urban,Less Than .25 Acres,,,Conductor,Overhead,Yes,Contact From Object,,Vegetation,Weather,Fire Agency,16kV,,,
Other,Urban,Less Than .25 Acres,,,Capacitor Bank,Overhead,No,Other,,,Human Error,Unknown,16kV,,,
Other,Urban,.26 - 9.99 Acres,,,Other,Overhead,No,Other,,,Human Error,Unknown,16kV,,,
Other,Urban,Less Than .25 Acres,,,Conductor,Overhead,Yes,Equipment/Facility Failure,Splice/Clamp/Connector,,Other,Fire Agency,16kV,,,
Vegetation,Urban,Less Than .25 Acres,,,Conductor,Overhead,Yes,Contact From Object,,Vegetation,Weather,Fire Agency,16kV,,,
Vegetation,Urban,Less Than .25 Acres,,,Conductor,Overhead,Yes,Contact From Object,,Vegetation,Other,Fire Agency,12kV,,,
Other,Urban,Less Than .25 Acres,,,Lightning Arrestor,Overhead,No,Equipment/Facility Failure,Lightning Arrestor,,Unknown,Fire Agency,66kV,,,
Other,Urban,Less Than .25 Acres,,,Conductor,Overhead,Yes,Equipment/Facility Failure,Conductor,,Weather,Unknown,33kV,,,
Other,Urban,Less Than .25 Acres,,,Conductor,Overhead,Yes,Contact From Object,,Animal,Other,Fire Agency,12kV,,,
Vegetation,Rural,Less Than .25 Acres,,,Transformer,Overhead,Yes,Contact From Object,,Animal,Other,Unknown,12kV,,,
Vegetation,Urban,Less Than .25 Acres,,,Conductor,Overhead,Yes,Contact From Object,,Vegetation,Outside Force,Fire Agency,66kV,,,
Vegetation,Urban,Less Than .25 Acres,,,Conductor,Overhead,Yes,Contamination,,,Other,Fire Agency,66kV,,,
Vegetation,Urban,Less Than .25 Acres,,,Conductor,Overhead,Yes,Equipment/Facility Failure,Insulator,,,Fire Agency,16kV,,,
Building,Rural,Less Than .25 Acres,,,Conductor,Overhead,Yes,Vandalism/Theft,,,Other,Fire Agency,12kV,,,
Other,Rural,Less Than .25 Acres,,,Conductor,Overhead,No,Wire-Wire Contact,,,Unknown,Unknown,12kV,,,
Other,Urban,Less Than .25 Acres,,,Conductor,Overhead,Yes,Contact From Object,,Balloons,Unknown,Fire Agency,33kV,,,
Vegetation,Rural,Less Than .25 Acres,,,Conductor,Overhead,Yes,Contact From Object,,Other,Unknown,Fire Agency,25kV,,,
Building,Rural,Less Than .25 Acres,,,Other,Overhead,No,Equipment/Facility Failure,Other,,Unknown,Fire Agency,12kV,,,
Vegetation,Rural,Less Than .25 Acres,,,Conductor,Overhead,Yes,Equipment/Facility Failure,Splice/Clamp/Connector,,Unknown,Unknown,12kV,,,
Other,Rural,Less Than .25 Acres,,,Conductor,Overhead,Yes,Wire-Wire Contact,,,Unknown,Fire Agency,12kV,,,
Other,Urban,Less Than .25 Acres,,,Conductor,Overhead,No,Vandalism/Theft,,,Unknown,Fire Agency,12kV,,,
Other,Rural,Less Than .25 Acres,,,Conductor,Overhead,Yes,Contact From Object,,Balloons,Unknown,Fire Agency,12kV,,,
Other,Rural,Less Than .25 Acres,,,Conductor,Overhead,No,Vandalism/Theft,,,Unknown,Unknown,12kV,,,
Other,Rural,Less Than .25 Acres,,,Conductor,Overhead,No,Other,,,Unknown,Fire Agency,12kV,,,
Vegetation,Urban,Less Than .25 Acres,,,Conductor,Overhead,Yes,Contact From Object,,Vegetation,Unknown,Fire Agency,4kV,,,
Vegetation,Urban,Less Than .25 Acres,,,Conductor,Overhead,Yes,Contact From Object,,Vegetation,Unknown,Fire Agency,16kV,,,
Other,Urban,Less Than .25 Acres,,,Conductor,Overhead,No,Equipment/Facility Failure,Insulator,,Unknown,Fire Agency,33kV,,,
Other,Urban,Less Than .25 Acres,,,Conductor,Overhead,No,Contact From Object,,Balloons,Unknown,Unknown,16kV,,,
Building,Rural,Less Than .25 Acres,,,Meter,Overhead,No,Vandalism/Theft,,,Human Error,Unknown,12kV,,,
Other,Urban,Less Than .25 Acres,,,Conductor,Overhead,No,Contact From Object,,Balloons,Other,Unknown,66kV,,,
Vegetation,Rural,Less Than .25 Acres,,,Conductor,Overhead,Yes,Equipment/Facility Failure,Splice/Clamp/Connector,,,Fire Agency,12kv,,,
Vegetation,Urban,Less Than .25 Acres,,,Transformer,Padmounted,Yes,Contact From Object,,Vehicle,Human Error,Fire Agency,12kv,,,
Vegetation,Rural,.26 - 9.99 Acres,,,Other,Overhead,No,Equipment/Facility Failure,Splice/Clamp/Connector,,Other,Fire Agency,12kv,,,
Vegetation,Urban,Less Than .25 Acres,,,Conductor,Overhead,Yes,Contact From Object,,Balloons,Other,Fire Agency,12kV,,,
Vegetation,Rural,Less Than .25 Acres,,,Lightning Arrestor,Overhead,Yes,Equipment/Facility Failure,Lightning Arrestor,,,Fire Agency,12kV,,,
Vegetation,Rural,Less Than .25 Acres,,,Transformer,Overhead,Yes,Contact From Object,,Animal,,Fire Agency,12kv,,,
Vegetation,Urban,Less Than .25 Acres,,,Switch,Overhead,No,Other,,,Other,Fire Agency,69kV,,,
Vegetation,Urban,Less Than .25 Acres,,,Other,Overhead,Yes,Contact From Object,,Animal,,Fire Agency,12kV,,,
Vegetation,Rural,Less Than .25 Acres,,,Other,Overhead,Yes,Contact From Object, ,Animal, ,Fire Agency,12kV,,,
Vegetation,Urban,Less Than .25 Acres,,,Other,Overhead,Yes,Contact From Object,,Animal,,Unknown,12kv,,,
Vegetation,Urban,Less Than .25 Acres,,,Conductor,Overhead,Yes,Contact From Object,,Vegetation,Human Error,Customer,240v,,,
Vegetation,Rural,.26 - 9.99 Acres,,,Other,Overhead,Yes,Contact From Object,,Balloons,Outside Force,Fire Agency,12kv,,,
Vegetation,Rural,Less Than .25 Acres,,,Other,Overhead,Yes,Contact From Object,,Animal,Outside Force,Customer,12kv,,,
Vegetation,Urban,Less Than .25 Acres,,,Transformer,Subsurface,Yes,Contact From Object,,Vehicle,Outside Force,Fire Agency,12kv,,,
Vegetation,Urban,.26 - 9.99 Acres,,,Conductor,Overhead,No,Contact From Object,,Vegetation,Human Error,Fire Agency,12kv,,,
Vegetation,Urban,Less Than .25 Acres,,,Switch,Overhead,No,Equipment/Facility Failure,Switch,,Other,Fire Agency,12kv,,,
Vegetation,Rural,.26 - 9.99 Acres,,,Other,Overhead,Yes,Contact From Object,,Balloons,Outside Force,Customer,12kv,,,
Vegetation,Urban,Less Than .25 Acres,,,Other,Overhead,No,Contact From Object,,Balloons,Outside Force,Fire Agency,69kv,,,
Vegetation,Rural,Less Than .25 Acres,,,Other,Overhead,Yes,Contact From Object,,Vegetation,Unknown,Fire Agency,240v,,,
Vegetation,Urban,.26 - 9.99 Acres,,,Other,Overhead,Yes,Contact From Object,,Balloons,Outside Force,Fire Agency,230kv,,,
,,,,,,,,,,,,,,,,
,,,,,,,,,,,,,,,,
,,,,,,,,,,,,,,,,
Vegetation,Rural,Less Than .25 Acres,,,Other,Overhead,Yes,Equipment/Facility Failure,Guy/Span Wire,,Unknown,Fire Agency,12Kv,,,
Vegetation,Urban,Less Than .25 Acres,,,Conductor,Overhead,Yes,Contact From Object,,Vegetation,Other,Fire Agency,12kv,,,
Vegetation,Rural,Less Than .25 Acres,,,Other,Overhead,Yes,Equipment/Facility Failure,Splice/Clamp/Connector,,Other,Self Extinguished,12kv/Sec,,,
Vegetation,Rural,Less Than .25 Acres,,,Conductor,Overhead,Yes,Other,Conductor,,Human Error,Fire Agency,12kV,,,
Vegetation,Urban,Less Than .25 Acres,,,Transformer,Overhead,Yes,Contact From Object,,Animal,Outside Force,Fire Agency,12kv,,,
Vegetation,Urban,Less Than .25 Acres,,,Other,Overhead,No,Unknown,,,Unknown,Utility,120v,,,
Vegetation,Rural,.26 - 9.99 Acres,,,Conductor,Overhead,Yes,Contact From Object,,Vehicle,Human Error,Fire Agency,12kv,,,
Vegetation,Rural,10 - 99 Acres,,,Other,Overhead,Yes,Contact From Object,,Other,Unknown,Fire Agency,230kV,,,
Vegetation,Urban,.26 - 9.99 Acres,,,Lightning Arrestor,Overhead,No,Equipment/Facility Failure,Lightning Arrestor,,Unknown,Fire Agency,12kV,,,
Vegetation,Rural,Less Than .25 Acres,,,Other,Overhead,Yes,Contact From Object,,Animal,,Fire Agency,12kV,,,
Vegetation,Rural,Less Than .25 Acres,,,Other,Overhead,Yes,Contact From Object,,Animal,,Fire Agency,12kV,,,
Vegetation,Rural,.26 - 9.99 Acres,,,Conductor,Overhead,No,Other,Other,,Unknown,Fire Agency,120V,,,
Vegetation,Urban,Less Than .25 Acres,,,Conductor,Overhead,No,Contact From Object,,Balloons,Unknown,Fire Agency,138KV,,,
Vegetation,Rural,Less Than .25 Acres,,,Other,Overhead,Yes,Equipment/Facility Failure,Insulator,,Other,Fire Agency,12kv,,,
Vegetation,Rural,Less Than .25 Acres,,,Conductor,Overhead,No,Equipment/Facility Failure,Splice/Clamp/Connector,,Unknown,Fire Agency,12kV,,,
Vegetation,Rural,Less Than .25 Acres,,,Conductor,Overhead,Yes,Contact From Object,,Other,,Fire Agency,12kV,,,
,,,,,,,,,,,,,,,,
,,,,,,,,,,,,,,,,
Vegetation,Rural,.26 - 9.99 Acres,,,Conductor,Overhead,Yes,Contact From Object,,Animal,Outside Force,Fire Agency,12kv,,,
Vegetation,Rural,.26 - 9.99 Acres,,,Other,Overhead,Yes,Equipment/Facility Failure,Other,,,Fire Agency,230kv,,,
Vegetation,Urban,Less Than .25 Acres,,,Other,Overhead,Yes,Equipment/Facility Failure,Other,,Unknown,Fire Agency,12kv,,,
Vegetation,Rural,.26 - 9.99 Acres,,,Other,Overhead,Yes,Contact From Object,,Animal,,Fire Agency,230kv,,,
Vegetation,Urban,Less Than .25 Acres,,,Switch,Overhead,Yes,Equipment/Facility Failure,Switch,,Other,Fire Agency,12kv,,,
Vegetation,Rural,.26 - 9.99 Acres,,,Other,Overhead,Yes,Contact From Object,,Balloons,Outside Force,Fire Agency,12kv,,,
Vegetation,Urban,Less Than .25 Acres,,,Conductor,Overhead,Yes,Contact From Object,,Vehicle,Outside Force,Fire Agency,12kv,,,
Vegetation,Urban,Less Than .25 Acres,,,Conductor,Overhead,Yes,Contact From Object,,Vehicle,Outside Force,Fire Agency,12kv,,,
Vegetation,Rural,10 - 99 Acres,,,Lightning Arrestor,Overhead,Yes,Contact From Object,,Animal,,Fire Agency,12kv,,,
Vegetation,Urban,Less Than .25 Acres,,,Conductor,Overhead,Yes,Contact From Object,,Vehicle,Human Error,Fire Agency,12kv,,,
Vegetation,Rural,Less Than .25 Acres,,,Conductor,Overhead,No,Contact From Object,,Animal,Other,Fire Agency,230kv,,,
Vegetation,Urban,Less Than .25 Acres,,,Other,Overhead,No,Vandalism/Theft,,,Other,Fire Agency,120/240v,,,
Vegetation,Urban,Less Than .25 Acres,,,Conductor,Overhead,Yes,Contact From Object,,Vegetation,Other,Self Extinguished,120/240v,,,
Vegetation,Urban,Less Than .25 Acres,,,Conductor,Overhead,Yes,Contact From Object,Conductor,Vegetation,Other,Fire Agency,120/240v,,,
Vegetation,Rural,Less Than .25 Acres,,,Lightning Arrestor,Overhead,Yes,Contact From Object,,Animal,Outside Force,Fire Agency,12kv,,,
Vegetation,Rural,Less Than .25 Acres,,,Transformer,Overhead,Yes,Contact From Object,,Animal,,Fire Agency,12kv,,,
Vegetation,Rural,Less Than .25 Acres,,,Conductor,Overhead,Yes,Contact From Object,,Vehicle,Human Error,Utility,12kv,,,
Vegetation,Rural,Less Than .25 Acres,,,Transformer,Overhead,Yes,Contact From Object,,Animal,Outside Force,Fire Agency,12kv,,,
Vegetation,Urban,Less Than .25 Acres,,,Transformer,Overhead,Yes,Equipment/Facility Failure,Transformer,,,Fire Agency,12kv,,,
Vegetation,Urban,Less Than .25 Acres,,,Conductor,Overhead,Yes,Equipment/Facility Failure,Conductor,,,Fire Agency,12kv,,,
Vegetation,Urban,Less Than .25 Acres,,,Conductor,Overhead,Yes,Equipment/Facility Failure,Conductor,,Other,Fire Agency,12kv,,,
Vegetation,Rural,Less Than .25 Acres,,,Conductor,Overhead,Yes,Equipment/Facility Failure,Conductor,,Human Error,Utility,12kv,,,
Vegetation,Urban,Less Than .25 Acres,,,Other,Overhead,Yes,Equipment/Facility Failure,Other,,Unknown,Unknown,12kv,,,
Vegetation,Rural,Less Than .25 Acres,,,Conductor,Overhead,Yes,Contact From Object,,Other,Weather,Fire Agency,12kv,,,
Vegetation,Urban,Less Than .25 Acres,,,Conductor,Overhead,No,Contact From Object,,Vegetation,Outside Force,Fire Agency,120/240v,,,
Vegetation,Urban,Less Than .25 Acres,,,Transformer,Overhead,No,Equipment/Facility Failure,Transformer,,Unknown,Fire Agency,12kv,,,
Vegetation,Rural,.26 - 9.99 Acres,,,Lightning Arrestor,Overhead,Yes,Contact From Object,Lightning Arrestor,Animal,Outside Force,Fire Agency,12kv,,,
Vegetation,Rural,Less Than .25 Acres,,,Fuse,Overhead,No,Equipment/Facility Failure,Fuse,,,Utility,12kv,,,
Vegetation,Rural,Less Than .25 Acres,,,Conductor,Overhead,Yes,Equipment/Facility Failure,,,Unknown,Fire Agency,12kv,,,
Vegetation,Urban,Less Than .25 Acres,,,Other,Overhead,Yes,Unknown,,,Unknown,Unknown,69kv,,,
Vegetation,Urban,Less Than .25 Acres,,,Other,Padmounted,Yes,Equipment/Facility Failure,Other,,,Fire Agency,12kv,,,
,,,,,,,,,,,,,,,,
,,,,,,,,,,,,,,,,
Vegetation,Urban,Less Than .25 Acres,,,Other,Overhead,Yes,Equipment/Facility Failure,Splice/Clamp/Connector,,Other,Utility,12kv,,,
Vegetation,Urban,Less Than .25 Acres,,,Capacitor Bank,Overhead,Yes,Equipment/Facility Failure,Capacitor Bank,,Other,Self Extinguished,12kv,,,
Vegetation,Urban,Less Than .25 Acres,,,Transformer,Overhead,Yes,Equipment/Facility Failure,Transformer,,Other,Utility,12kv,,,
Vegetation,Rural,Less Than .25 Acres,,,Other,Overhead,Yes,Equipment/Facility Failure,Other,,Other,Fire Agency,12kv,,,
Vegetation,Urban,Less Than .25 Acres,,,Transformer,Overhead,Yes,Contact From Object,,Vehicle,Human Error,Fire Agency,12kv,,,
Vegetation,Rural,Less Than .25 Acres,,,Conductor,Overhead,Yes,Contact From Object,,Vehicle,Human Error,Fire Agency,12kv,,,
Vegetation,Rural,Less Than .25 Acres,,,Conductor,Overhead,No,Unknown,Conductor,,Unknown,Fire Agency,230kv,,,
Vegetation,Urban,Less Than .25 Acres,,,Capacitor Bank,Padmounted,No,Unknown,,,Unknown,Fire Agency,12kv,,,
Vegetation,Rural,Less Than .25 Acres,,,Conductor,Overhead,Yes,Contact From Object,,Vehicle,Human Error,Fire Agency,12kv,,,
Vegetation,Rural,Less Than .25 Acres,,,Other,Overhead,Yes,Contact From Object,,Vehicle,Human Error,Fire Agency,12kv,,,
Vegetation,Urban,Less Than .25 Acres,,,Other,Overhead,Yes,Contact From Object,,Vegetation,Outside Force,Fire Agency,12kv,,,
Vegetation,Urban,Less Than .25 Acres,,,Other,Overhead,No,Equipment/Facility Failure,Splice/Clamp/Connector,,Other,Fire Agency,12kv,,,
,,,,,,,,,,,,,,,,
,,,,,,,,,,,,,,,,
,,,,,,,,,,,,,,,,
,,,,,,,,,,,,,,,,
,,,,,,,,,,,,,,,,
,,,,,,,,,,,,,,,,
,,,,,,,,,,,,,,,,
,,,,,,,,,,,,,,,,
,,,,,,,,,,,,,,,,
,,,,,,,,,,,,,,,,
,,,,,,,,,,,,,,,,
,,,,,,,,,,,,,,,,
,,,,,,,,,,,,,,,,
,,,,,,,,,,,,,,,,
,,,,,,,,,,,,,,,,
,,,,,,,,,,,,,,,,
,,,,,,,,,,,,,,,,
,,,,,,,,,,,,,,,,
,,,,,,,,,,,,,,,,
,,,,,,,,,,,,,,,,
Vegetation,Rural,Less Than .25 Acres,,,Lightning Arrestor,Overhead,Yes,Equipment/Facility Failure,Other,,Weather,Fire Agency,230kV,,,
Vegetation,Urban,Less Than .25 Acres,,,Conductor,Overhead,Yes,Equipment/Facility Failure,Splice/Clamp/Connector,,Outside Force,Fire Agency,12kV,,,
Vegetation,Rural,Less Than .25 Acres,,,Lightning Arrestor,Overhead,Yes,Equipment/Facility Failure,Lightning Arrestor,,Unknown,Fire Agency,12kV,,,
Vegetation,Rural,Less Than .25 Acres,,,Conductor,Overhead,Yes,Contact From Object,Conductor,Balloons,Other,Fire Agency,12kV,,,
Vegetation,Urban,Less Than .25 Acres,,,Conductor,Overhead,Yes,Contact From Object,,Balloons,Outside Force,Fire Agency,12kV,,,
Vegetation,Rural,Less Than .25 Acres,,,Conductor,Overhead,Yes,Contact From Object,,Vehicle,Human Error,Fire Agency,12kv,,,
Vegetation,Rural,Less Than .25 Acres,,,Transformer,Overhead,Yes,Contact From Object,,Animal,,Fire Agency,12kv,,,
Vegetation,Rural,Less Than .25 Acres,,,Conductor,Overhead,Yes,Unknown,,,Unknown,Fire Agency,230kV,,,
Vegetation,Rural,.26 - 9.99 Acres,,,Lightning Arrestor,Overhead,Yes,Equipment/Facility Failure,Lightning Arrestor,,Unknown,Fire Agency,12kV,,,
Vegetation,Rural,Less Than .25 Acres,,,Transformer,Overhead,Yes,Contact From Object,,Animal,,Customer,12kV,,,
Vegetation,Urban,Less Than .25 Acres,,,Fuse,Overhead,Yes,Equipment/Facility Failure,Fuse,,Unknown,Customer,12kV,,,
Vegetation,Rural,Less Than .25 Acres,,,Conductor,Overhead,Yes,Equipment/Facility Failure,Splice/Clamp/Connector,,Unknown,Fire Agency,12kV,,,
Vegetation,Rural,.26 - 9.99 Acres,,,Other,Overhead,Yes,Equipment/Facility Failure,Other,,Unknown,Fire Agency,12kV,,,
Vegetation,Urban,Less Than .25 Acres,,,Switch,Overhead,Yes,Equipment/Facility Failure,Switch,,Unknown,Fire Agency,12kV,,,
Vegetation,Rural,Less Than .25 Acres,,,Conductor,Overhead,Yes,Equipment/Facility Failure,Conductor,,Unknown,Fire Agency,Secondary,,,
Vegetation,Rural,.26 - 9.99 Acres,,,Conductor,Overhead,Yes,Contact From Object,Conductor,Vehicle,Other,Fire Agency,12kV,,,
Vegetation,Rural,Less Than .25 Acres,,,Conductor,Overhead,Yes,Equipment/Facility Failure,Splice/Clamp/Connector,,,Utility,12kV,,,
Vegetation,Rural,Less Than .25 Acres,,,Conductor,Overhead,Yes,Contact From Object,,Vehicle,Other,Fire Agency,12kV,,,
Vegetation,Urban,Less Than .25 Acres,,,Conductor,Overhead,Yes,Contact From Object,,Vegetation,Outside Force,Fire Agency,120v,,,
Vegetation,Urban,Less Than .25 Acres,,,Transformer,Overhead,Yes,Equipment/Facility Failure,Transformer,,,Fire Agency,12kV,,,
Vegetation,Rural,Less Than .25 Acres,,,Lightning Arrestor,Overhead,Yes,Equipment/Facility Failure,Lightning Arrestor,,,Self Extinguished,12kv,,,
Vegetation,Rural,.26 - 9.99 Acres,,,Capacitor Bank,Overhead,Yes,Equipment/Facility Failure,Capacitor Bank,,,Fire Agency,12kV,,,
Vegetation,Urban,Less Than .25 Acres,,,Conductor,Overhead,Yes,Equipment/Facility Failure,Other,,,Fire Agency,12kV,,,
Vegetation,Rural,.26 - 9.99 Acres,,,Conductor,Overhead,Yes,Equipment/Facility Failure,Conductor,,Unknown,Fire Agency,Secondary,,,
Vegetation,Urban,Less Than .25 Acres,,,Lightning Arrestor,Overhead,No,Equipment/Facility Failure,Lightning Arrestor,,Unknown,Fire Agency,12kv,,,
Vegetation,Rural,.26 - 9.99 Acres,,,Lightning Arrestor,Overhead,Yes,Contact From Object,,Animal,Outside Force,Fire Agency,12kV,,,
Vegetation,Rural,.26 - 9.99 Acres,,,Other,Overhead,Yes,Equipment/Facility Failure,Guy/Span Wire,,Unknown,Fire Agency,12kv,,,
Vegetation,Rural,Less Than .25 Acres,,,Lightning Arrestor,Overhead,Yes,Equipment/Facility Failure,Lightning Arrestor,,Unknown,Fire Agency,12kV,,,
Vegetation,Rural,.26 - 9.99 Acres,,,Conductor,Overhead,Yes,Equipment/Facility Failure,Pole,,Weather,Fire Agency,12kV,,,
Vegetation,Rural,Less Than .25 Acres,,,Transformer,Overhead,Yes,Contact From Object,,Animal,Outside Force,Self Extinguished,12kv,,,
Vegetation,Rural,Less Than .25 Acres,,,Conductor,Overhead,No,Contact From Object,Conductor,Balloons,Other,Self Extinguished,230kV,,,
Vegetation,Urban,Less Than .25 Acres,,,Transformer,Overhead,Yes,Equipment/Facility Failure,Transformer,,Unknown,Utility,12kv,,,
Vegetation,Rural,Less Than .25 Acres,,,Conductor,Overhead,No,Equipment/Facility Failure,Conductor,,Unknown,Fire Agency,120v,,,
Vegetation,Rural,Less Than .25 Acres,,,Conductor,Overhead,Yes,Unknown,,Other,Outside Force,Fire Agency,12kv,,,
Vegetation,Urban,Less Than .25 Acres,,,Conductor,Overhead,Yes,Contact From Object,,Balloons,Outside Force,Fire Agency,12kv,,,
Vegetation,Urban,Less Than .25 Acres,,,Conductor,Overhead,No,Wire-Wire Contact,,,Human Error,Utility,12kv,,,
Vegetation,Urban,Less Than .25 Acres,,,Conductor,Overhead,Yes,Contact From Object,,Vegetation,,Fire Agency,120v,,,
Vegetation,Rural,Less Than .25 Acres,,,Conductor,Overhead,Yes,Contact From Object,,Balloons,Other,Fire Agency,12kv,,,
Vegetation,Rural,Less Than .25 Acres,,,Switch,Overhead,Yes,Equipment/Facility Failure,Switch,,Unknown,Utility,12kv,,,
Vegetation,Rural,Less Than .25 Acres,,,Conductor,Overhead,Yes,Equipment/Facility Failure,Conductor,,Unknown,Utility,12kV,,,
Other,Urban,Less Than .25 Acres,,,Capacitor Bank,Overhead,Yes,Equipment/Facility Failure,Capacitor Bank,,,Fire Agency,12kV,,,
Vegetation,Rural,Less Than .25 Acres,,,Conductor,Overhead,Yes,Vandalism/Theft,Conductor,,Outside Force,Fire Agency,12kV,,,
Vegetation,Urban,Less Than .25 Acres,,,Other,Overhead,No,Equipment/Facility Failure,Conductor,,Unknown,Self Extinguished,12kv,,,
Vegetation,Rural,Less Than .25 Acres,,,Other,Overhead,No,Other,,,Weather,Self Extinguished,12kv,,,
Vegetation,Rural,.26 - 9.99 Acres,,,Other,Overhead,Yes,Contact From Object,,Animal,Outside Force,Fire Agency,12kv,,,
Vegetation,Rural,.26 - 9.99 Acres,,,Conductor,Overhead,Yes,Contact Between Third Party Facility on Pole and Supply Lines,,,Human Error,Fire Agency,12kv,,,
Vegetation,Urban,Less Than .25 Acres,,,Conductor,Overhead,Yes,Contact From Object,,Vegetation,Outside Force,Fire Agency,240v,,,
Vegetation,Rural,Less Than .25 Acres,,,Conductor,Overhead,No,Equipment/Facility Failure,Splice/Clamp/Connector,,Weather,Fire Agency,240v,,,
Vegetation,Rural,Less Than .25 Acres,,,Conductor,Overhead,Yes,Contact From Object,,Balloons,Outside Force,Fire Agency,12kv,,,
Vegetation,Rural,Less Than .25 Acres,,,Conductor,Overhead,Yes,Equipment/Facility Failure,Splice/Clamp/Connector,,Other,Fire Agency,12kv,,,
Vegetation,Rural,.26 - 9.99 Acres,,,Other,Overhead,Yes,Contact From Object,,Balloons,Unknown,Fire Agency,230kV,,,
Vegetation,Urban,Less Than .25 Acres,,,Switch,Overhead,Yes,Contact From Object,,Animal,Outside Force,Customer,12kv,,,
Vegetation,Urban,Less Than .25 Acres,,,Switch,Overhead,Yes,Contact From Object,,Animal,Outside Force,Fire Agency,12kv,,,
Vegetation,Rural,Less Than .25 Acres,,,Other,Overhead,Yes,Equipment/Facility Failure,Splice/Clamp/Connector,,Unknown,Fire Agency,12kV,,,
,,,,,,,,,,,,,,,,
,,,,,,,,,,,,,,,,
,,,,,,,,,,,,,,,,
,,,,,,,,,,,,,,,,
Vegetation,Urban,Less Than .25 Acres,,,Other,Overhead,Yes,Equipment/Facility Failure,Splice/Clamp/Connector,Vehicle,Other,Customer,12kV,,,
Vegetation,Rural,.26 - 9.99 Acres,,,Conductor,Overhead,Yes,Equipment/Facility Failure,Splice/Clamp/Connector,Other,,Fire Agency,12kV,,,
Vegetation,Urban,Less Than .25 Acres,,,Conductor,Overhead,No,Equipment/Facility Failure,Guy/Span Wire,Other,,Fire Agency,12kV,,,
Vegetation,Urban,Less Than .25 Acres,,,Conductor,Overhead,No,Contact From Object,,Vehicle,Human Error,Fire Agency,230kV,,,
Vegetation,Rural,Less Than .25 Acres,,,Other,Overhead,No,Equipment/Facility Failure,Other,Vehicle,,Utility,69kV,,,
Vegetation,Rural,Less Than .25 Acres,,,Conductor,Overhead,Yes,Equipment/Facility Failure,Splice/Clamp/Connector,Other,,Fire Agency,12kV,,,
Vegetation,Rural,Less Than .25 Acres,,,Conductor,Overhead,Yes,Contact From Object,,Vehicle,Human Error,Fire Agency,12kV,,,
Vegetation,Rural,Less Than .25 Acres,,,Conductor,Overhead,Yes,Contact From Object,Conductor,Vehicle,Outside Force,Fire Agency,12kV,,,
Vegetation,Urban,Less Than .25 Acres,,,Conductor,Overhead,Yes,Contact From Object,,Vehicle,Outside Force,Fire Agency,12kV,,,
Vegetation,Urban,Less Than .25 Acres,,,Conductor,Overhead,Yes,Contact From Object,,Vegetation,Weather,Fire Agency,12kV,,,
Vegetation,Rural,.26 - 9.99 Acres,,,Conductor,Overhead,Yes,Contact Between Third Party Facility on Pole and Supply Lines,,Other,Weather,Fire Agency,12kV,,,
Vegetation,Rural,.26 - 9.99 Acres,,,Conductor,Overhead,No,Wire-Wire Contact,,Other,Weather,Fire Agency,12kV,,,
Vegetation,Rural,Less Than .25 Acres,,,Conductor,Overhead,No,Contact From Object,Conductor,Vegetation,Other,Fire Agency,240V,,,
Vegetation,Urban,.26 - 9.99 Acres,,,Conductor,Overhead,Yes,Contact From Object,,Vehicle,Human Error,Fire Agency,12kV,,,
Vegetation,Rural,Less Than .25 Acres,,,Conductor,Overhead,No,Contact From Object,Other,Vehicle,,Fire Agency,12kV,,,
Vegetation,Rural,.26 - 9.99 Acres,,,Conductor,Overhead,Yes,Contact From Object,Crossarm,Other,Human Error,Fire Agency,12kV,,,
Vegetation,Rural,Less Than .25 Acres,,,Conductor,Overhead,Yes,Contact From Object,,Other,Human Error,Fire Agency,69kV,,,
Vegetation,Rural,Less Than .25 Acres,,,Switch,Overhead,Yes,Equipment/Facility Failure,Switch,Other,,Fire Agency,12kV,,,
Vegetation,Urban,Less Than .25 Acres,,,Conductor,Overhead,no,Contact From Object,Capacitor Bank,Vegetation,,Fire Agency,12kV,,,
Vegetation,Rural,Less Than .25 Acres,,,Conductor,Overhead,Yes,Contact From Object,Conductor,Animal,,Fire Agency,12kV,,,
Vegetation,Rural,Less Than .25 Acres,,,Conductor,Overhead,No,Contact From Object,Recloser,Vehicle,Outside Force,Fire Agency,12kV,,,
Vegetation,Rural,Less Than .25 Acres,,,Conductor,Overhead,No,Contact From Object,,Other,Human Error,Fire Agency,12kV,,,
Vegetation,Rural,Less Than .25 Acres,,,Fuse,Overhead,Yes,Contact From Object,Transformer,Balloons,Outside Force,Fire Agency,12kV,,,
Vegetation,Rural,Less Than .25 Acres,,,Transformer,Overhead,yes,Equipment/Facility Failure,Transformer,Other,,Fire Agency,12kV,,,
Vegetation,Rural,.26 - 9.99 Acres,,,Conductor,Overhead,Yes,Unknown,,Vegetation,Unknown,Fire Agency,12kV,,,
Vegetation,Urban,Less Than .25 Acres,,,Conductor,Overhead,Yes,Contact From Object,Conductor,Vegetation,Other,Fire Agency,240V,,,
Vegetation,Rural,Less Than .25 Acres,,,Conductor,Overhead,Yes,Contact From Object,,Animal,Outside Force,Fire Agency,4kV,,,
Vegetation,Rural,.26 - 9.99 Acres,,,Conductor,Overhead,Yes,Contact From Object,,Other,Outside Force,Fire Agency,240kV,,,
Vegetation,Rural,Less Than .25 Acres,,,Conductor,Overhead,Yes,Contact From Object,,Other,Outside Force,Fire Agency,12kV,,,
Vegetation,Rural,.26 - 9.99 Acres,,,Conductor,Overhead,Yes,Contact From Object,,Other,Outside Force,Fire Agency,12kV,,,
,,,,,,,,,,Other,,,,,,
,,,,,,,,,,Other,,,,,,
,,,,,,,,,,Other,,,,,,
,,,,,,,,,,Other,,,,,,
,,,,,,,,,,Other,,,,,,
,,,,,,,,,,Other,,,,,,
,,,,,,,,,,Other,,,,,,
Vegetation,Rural,Less Than .25 Acres,,,Conductor,Overhead,Yes,Contact From Object,,Animal,Unknown,Utility,230Kv,,,
Vegetation,Rural,Less Than .25 Acres,,,Conductor,Overhead,,Contact From Object,,Vegetation,Weather,Fire Agency,12kV,,,
Vegetation,Rural,Less Than .25 Acres,,,Conductor,Overhead,Yes,Contact From Object,,Vehicle,Human Error,Fire Agency,12kV,,,
Vegetation,Rural,.26 - 9.99 Acres,,,Other,Overhead,No,Unknown,,Other,,Fire Agency,12kV,,,
Vegetation,Rural,.26 - 9.99 Acres,,,Conductor,Overhead,Yes,Contact From Object,,Other,,Fire Agency,12kV,,,
Vegetation,Rural,100 - 299 Acres,,,Lightning Arrestor,Overhead,No,,,Vehicle,,Fire Agency,12kV,,,
Vegetation,Rural,.26 - 9.99 Acres,,,Conductor,Overhead,Yes,Contact From Object,,Vehicle,Human Error,Fire Agency,12kV,,,
Vegetation,Rural,Less Than .25 Acres,,,Conductor,Overhead,No,Contact From Object,Capacitor Bank,Vegetation,,Fire Agency,220v,,,
Vegetation,Rural,Less Than .25 Acres,,,Conductor,Overhead,Yes,Contact From Object,Conductor,Vehicle,Human Error,Customer,12kV,,,
Vegetation,Rural,Less Than .25 Acres,,,Conductor,Overhead,Yes,Equipment/Facility Failure,Splice/Clamp/Connector,Vegetation,Unknown,Fire Agency,12kV,,,
Vegetation,Rural,Less Than .25 Acres,,,Conductor,Overhead,Yes,Contact From Object,Insulator,Other,,Self Extinguished,12kV,,,
Vegetation,Rural,Less Than .25 Acres,,,Conductor,Overhead,Yes,Contact From Object,Lightning Arrestor,Balloons,,Self Extinguished,12kV,,,
Vegetation,Urban,Less Than .25 Acres,,,Conductor,Overhead,Yes,Contact From Object,Pole,Animal,Outside Force,Fire Agency,69kV,,,
Vegetation,Urban,Less Than .25 Acres,,,Conductor,Overhead,Yes,Contact From Object,Guy/Span Wire,Other,Human Error,Utility,12kV,,,
Vegetation,Rural,Less Than .25 Acres,,,Conductor,Overhead,No,Contact From Object,Other,Balloons,Outside Force,Self Extinguished,230kV,,,
Vegetation,Rural,Less Than .25 Acres,,,Conductor,Overhead,No,Contact From Object,Protective Relay,Vegetation,Human Error,Fire Agency,12kV,,,
Vegetation,Rural,Less Than .25 Acres,,,Conductor,Overhead,Yes,Contact From Object,Crossarm,Vegetation,,Fire Agency,12kV,,,
Vegetation,Urban,Less Than .25 Acres,,,Conductor,Overhead,Yes,Contact From Object,,Balloons,,Customer,4kV,,,
Vegetation,Rural,Less Than .25 Acres,,,Conductor,Overhead,Yes,Unknown,Conductor,,Unknown,Fire Agency,12Kv,,,
Other,Urban,Less Than .25 Acres,,,Other,Overhead,No,Equipment/Facility Failure,Splice/Clamp/Connector,Other,,Customer,4Kv,,,
Vegetation,Rural,.26 - 9.99 Acres,,,Conductor,Overhead,Yes,Contact From Object,,Vegetation,Weather,Fire Agency,12kV,,,
Vegetation,Rural,Less Than .25 Acres,,,Conductor,Overhead,Yes,Equipment/Facility Failure,Conductor,,,Utility,12kV,,,
Vegetation,Urban,Less Than .25 Acres,,,Conductor,Overhead,No,Contact From Object,,Vehicle,Human Error,Self Extinguished,4kV,,,
Vegetation,Urban,Less Than .25 Acres,,,Conductor,Overhead,Yes,Contact From Object,,Vehicle,Human Error,Self Extinguished,12kV,,,
Vegetation,Rural,Less Than .25 Acres,,,Switch,Overhead,Yes,Equipment/Facility Failure,Switch,,,Utility,12Kv,,,
Vegetation,Urban,Less Than .25 Acres,,,Conductor,Overhead,Yes,Equipment/Facility Failure,Conductor,Other,Unknown,Utility,12Kv,,,
Vegetation,Urban,Less Than .25 Acres,,,Conductor,Overhead,Yes,Equipment/Facility Failure,Transformer,,,Fire Agency,12kV,,,
Vegetation,Urban,Less Than .25 Acres,,,Conductor,Overhead,Yes,Equipment/Facility Failure,Splice/Clamp/Connector,Other,Unknown,Customer,12kV,,,
Vegetation,Rural,Less Than .25 Acres,,,Conductor,Overhead,No,Equipment/Facility Failure,Splice/Clamp/Connector,Other,unknown,Fire Agency,69kV,,,
Other,Urban,Less Than .25 Acres,,,Conductor,Overhead,Yes,Equipment/Facility Failure,Conductor,,Unknown,Fire Agency,4kV,,,
Vegetation,Rural,.26 - 9.99 Acres,,,Conductor,Overhead,No,Contact From Object,,Animal,Outside Force,Fire Agency,230V,,,
Vegetation,Urban,Less Than .25 Acres,,,Conductor,Overhead,Yes,Contact From Object,,Vegetation,Weather,Fire Agency,12kV,,,
,,,,,,,,,,Other,,,,,,
,,,,,,,,,,Other,,,,,,
,,,,,,,,,,Other,,,,,,
,,,,,,,,,,Other,,,,,,
,,,,,,,,,,Other,,,,,,
,,,,,,,,,,,,,,,,
,,,,,,,,,,,,,,,,
,,,,,,,,,,,,,,,,
,,,,,,,,,,,,,,,,
,,,,,,,,,,,,,,,,
,,,,,,,,,,,,,,,,
,,,,,,,,,,,,,,,,
,,,,,,,,,,,,,,,,
,,,,,,,,,,,,,,,,
,,,,,,,,,,,,,,,,
,,,,,,,,,,,,,,,,
,,,,,,,,,,,,,,,,
,,,,,,,,,,,,,,,,
,,,,,,,,,,,,,,,,
,,,,,,,,,,,,,,,,
,,,,,,,,,,,,,,,,
,,,,,,,,,,,,,,,,
,,,,,,,,,,,,,,,,
,,,,,,,,,,,,,,,,
,,,,,,,,,,,,,,,,
,,,,,,,,,,,,,,,,
,,,,,,,,,,,,,,,,
,,,,,,,,,,,,,,,,
,,,,,,,,,,,,,,,,
,,,,,,,,,,,,,,,,
,,,,,,,,,,,,,,,,
,,,,,,,,,,,,,,,,
,,,,,,,,,,,,,,,,
,,,,,,,,,,,,,,,,
,,,,,,,,,,,,,,,,
,,,,,,,,,,,,,,,,
,,,,,,,,,,,,,,,,
,,,,,,,,,,,,,,,,
,,,,,,,,,,,,,,,,
,,,,,,,,,,,,,,,,
,,,,,,,,,,,,,,,,
,,,,,,,,,,,,,,,,
,,,,,,,,,,,,,,,,
,,,,,,,,,,,,,,,,
,,,,,,,,,,,,,,,,
,,,,,,,,,,,,,,,,
,,,,,,,,,,,,,,,,
,,,,,,,,,,,,,,,,
,,,,,,,,,,,,,,,,
Building,Urban,Less Than .25 Acres,,,Conductor,Overhead,Yes,Contact From Object,Conductor,Vegetation,Weather,Fire Agency,12kV,,,
Vegetation,Rural,Less Than .25 Acres,,,Transformer,Padmounted,Yes,Contact From Object,Transformer,Vehicle,Human Error,Fire Agency,12kV,,,
Vegetation,Rural,Less Than .25 Acres,,,Conductor,Overhead,No,Contact From Object,,Other,Weather,Fire Agency,12kV,,,
Vegetation,Urban,Less Than .25 Acres,,,Conductor,Overhead,Yes,Contact From Object,,Other,,Fire Agency,12kv,,,
Vegetation,Urban,Less Than .25 Acres,,,Switch,Overhead,No,Contact From Object,,Balloons,Other,Fire Agency,12kV,,,
Vegetation,Urban,Less Than .25 Acres,,,Lightning Arrestor,Overhead,Yes,Contact From Object,,Animal,,Fire Agency,12kV,,,
Vegetation,Rural,.26 - 9.99 Acres,,,Conductor,Overhead,Yes,Contact From Object,,Vehicle,,Fire Agency,12kv,,,
Vegetation,Urban,Less Than .25 Acres,,,Conductor,Overhead,No,Contact From Object,,Balloons,Other,Self Extinguished,12kV,,,
Vegetation,Rural,Less Than .25 Acres,,,Conductor,Overhead,No,Vandalism/Theft,,,Other,Utility,12kV,,,
Vegetation,Rural,Less Than .25 Acres,,,Conductor,Overhead,Yes,Contact From Object,Pole /Conductor,Vehicle,Outside Force,Fire Agency,12kv,,,
Vegetation,Urban,Less Than .25 Acres,,,Fuse,Overhead,Yes,Equipment/Facility Failure,Fuse,,,Fire Agency,4kV,,,
Vegetation,Urban,Less Than .25 Acres,,,Conductor,Overhead,Yes,Contact From Object,,Balloons,Other,Fire Agency,12kV,,,
Vegetation,Rural,Less Than .25 Acres,,,Conductor,Overhead,Yes,Contact From Object,,Vegetation,Unknown,Fire Agency,12kV,,,
vegetation,Rural,.26 - 9.99 Acres,,,Conductor,Overhead,Yes,Contact From Object,,Balloons,Other,Fire Agency,230kV,,,
Vegetation,Rural,.26 - 9.99 Acres,,,Conductor,Overhead,Yes,Unknown,,,Unknown,Fire Agency,12kV,,,
Vegetation,Rural,Less Than .25 Acres,,,Lightning Arrestor,Overhead,Yes,Equipment/Facility Failure,Lightning Arrestor,,,Customer,12kV,,,
Vegetation,Rural,.26 - 9.99 Acres,,,Conductor,Overhead,No,Equipment/Facility Failure,Conductor,,Other,Fire Agency,12kV,,,
Vegetation,Rural,.26 - 9.99 Acres,,,Conductor,Overhead,No,Contact From Object,,,Other,Fire Agency,12kV,,,
Vegetation,Urban,Less Than .25 Acres,,,Conductor,Overhead,No,Contact From Object,,Vehicle,Human Error,Unknown,12kV,,,
Vegetation,Rural,Less Than .25 Acres,,,Conductor,Overhead,Yes,Contact From Object,,Other,Human Error,Fire Agency,12kV,,,
Vegetation,Rural,Less Than .25 Acres,,,Other,Overhead,No,Equipment/Facility Failure,Other,,Weather,Fire Agency,12kV,,,
Vegetation,Rural,.26 - 9.99 Acres,,,Transformer,Overhead,No,Equipment/Facility Failure,Splice/Clamp/Connector,,,Fire Agency,12kV,,,
Vegetation,Rural,.26 - 9.99 Acres,,,Conductor,Overhead,Yes,Contact From Object,,Vegetation,Weather,Fire Agency,12kV,,,
,,,,,,,,,,,,,,,,
,,,,,,,,,,,,,,,,
,,,,,,,,,,,,,,,,
,,,,,,,,,,,,,,,,
,,,,,,,,,,,,,,,,
,,,,,,,,,,,,,,,,
,,,,,,,,,,,,,,,,
,,,,,,,,,,Other,,,,,,
,,,,,,,,,,Other,,,,,,
,,,,,,,,,,Other,,,,,,
,,,,,,,,,,Other,,,,,,
,,,,,,,,,,Other,,,,,,
,,,,,,,,,,Other,,,,,,
,,,,,,,,,,Other,,,,,,
,,,,,,,,,,Other,,,,,,
,,,,,,,,,,Other,,,,,,
,,,,,,,,,,Other,,,,,,
,,,,,,,,,,Other,,,,,,
,,,,,,,,,,Other,,,,,,
,,,,,,,,,,Other,,,,,,
Vegetation,Rural,Less Than .25 Acres,,,Conductor,Overhead,Yes,Contact From Object,,Vegetation,Human Error,Fire Agency,12kV,,,
Vegetation,Urban,Less Than .25 Acres,,,Conductor,Overhead,Yes,Contact From Object,,Balloons,Outside Force,Utility,12kV,,,
Vegetation,Urban,Less Than .25 Acres,,,Conductor,Overhead,No,Contact From Object,,Balloons,Other,Fire Agency,12kV,,,
Vegetation,Urban,Less Than .25 Acres,,,Conductor,Overhead,No,Contact From Object,,Vegetation,Weather,Fire Agency,12kV,,,
Vegetation,Rural,Less Than .25 Acres,,,Conductor,Overhead,No,Contact From Object,,Animal,Other,Fire Agency,230kV,,,
Vegetation,Urban,Less Than .25 Acres,,,Conductor,Overhead,Yes,Contact From Object,,Balloons,,Fire Agency,12kV,,,
Vegetation,Urban,Less Than .25 Acres,,,Conductor,Overhead,No,Contact From Object,,Vehicle,Outside Force,Fire Agency,69kV,,,
Vegetation,Rural,10 - 99 Acres,,,Conductor,Overhead,Yes,Contact From Object,,Balloons,Other,Fire Agency,12kV,,,
Vegetation,Rural,Less Than .25 Acres,,,Conductor,Overhead,No,Wire-Wire Contact,,,Other,Utility,12kV,,,
Vegetation,Rural,Less Than .25 Acres,,,Conductor,Overhead,Yes,Contact From Object,,Animal,,Fire Agency,12kV,,,
Vegetation,Rural,Less Than .25 Acres,,,Conductor,Overhead,Yes,Contact from Object,,Balloons,,Fire Agency,12kV,,,
Vegetation,Rural,Less Than .25 Acres,,,Switch,Overhead,Yes,Switch,,,Unknown,Fire Agency,12kV,,,
Vegetation,Rural,Less Than .25 Acres,,,Other,Overhead,Yes,Equipment/Facility Failure,Guy/Span Wire,,Unknown,Fire Agency,12kV,,,
Vegetation,Rural,10 - 99 Acres,,,Transformer,Overhead,No,Equipment/Facility Failure,Transformer,,,Fire Agency,12kV,,,
Vegetation,Urban,Less Than .25 Acres,,,Switch,Overhead,Yes,Other,,Other,Other,Fire Agency,12kV,,,
Vegetation,Rural,.26 - 9.99 Acres,,,Conductor,Overhead,Yes,Contact From Object,,Vegetation,,Fire Agency,12kV,,,
Vegetation,Urban,.26 - 9.99 Acres,,,Conductor,Overhead,No,Contact From Object,,Balloons,Other,Fire Agency,12kV,,,
Vegetation,Urban,Less Than .25 Acres,,,Conductor,Overhead,No,Equipment/Facility Failure,Other,,Other,Fire Agency,12kV,,,
Vegetation,Rural,Less Than .25 Acres,,,Conductor,Overhead,Yes,Contact From Object,,Balloons,Other,Fire Agency,12kV,,,
Vegetation,Rural,Less Than .25 Acres,,,Conductor,Overhead,No,Contact Between Third Party Facility on Pole and Supply Lines,Other,Vehicle,Human Error,Fire Agency,12kV,,,
Vegetation,Urban,Less Than .25 Acres,,,Other,Overhead,Yes,Equipment/Facility Failure,,,,Fire Agency,12kV,,,
Vegetation,Urban,Less Than .25 Acres,,,Other,Overhead,No,Contact From Object,,Vehicle,Human Error,Utility,69kV,,,
Vegetation,Rural,Less Than .25 Acres,,,Conductor,Overhead,No,Contact from Object,,Vehicle,Human Error,Utility,69kV,,,
Vegetation,Rural,Less Than .25 Acres,,,Conductor,Overhead,Yes,Equipment/Facility Failure,,,,Customer,12kV,,,
Vegetation,Urban,.26 - 9.99 Acres,,,Conductor,Overhead,Yes,Contact From Object,,Balloons,,Fire Agency,12kV,,,
Vegetation,Rural,Less Than .25 Acres,,,Conductor,Overhead,Yes,Contact From Object,,Other,,Self Extinguished,230kV,,,
,,,,,,,,,,,,,,,,
,,,,,,,,,,,,,,,,
,,,,,,,,,,,,,,,,
,,,,,,,,,,,,,,,,
,,,,,,,,,,,,,,,,
,,,,,,,,,,Other,,,,,,
,,,,,,,,,,Other,,,,,,
,,,,,,,,,,Other,,,,,,
,,,,,,,,,,Other,,,,,,
,,,,,,,,,,Other,,,,,,
,,,,,,,,,,Other,,,,,,
,,,,,,,,,,Other,,,,,,
Vegetation,Urban,Less Than .25 Acres,,,Other,Overhead,No,Equipment/Facility Failure,Crossarm,,Weather,Fire Agency,12 kV,,,
Vegetation,Rural,Less Than .25 Acres,,,Conductor,Overhead,Yes,Wire-Wire Contact,,,Outside Force,Fire Agency,12 kV,,,
Vegetation,Rural,Less Than .25 Acres,,,Switch,Padmounted,Yes,Contact From Object,,Vehicle,,Fire Agency,12 kV,,,
Vegetation,Rural,Less Than .25 Acres,,,Conductor,Overhead,No,Equipment/Facility Failure,Conductor,,Unknown,Fire Agency,120/208,,,
Vegetation,Urban,Less Than .25 Acres,,,Conductor,Overhead,Yes,Contact From Object,,Vehicle,Human Error,Fire Agency,12kV,,,
Vegetation,Rural,Less Than .25 Acres,,,Conductor,Overhead,Yes,Contact From Object,,Balloons,,Fire Agency,230 kV,,,
Vegetation,Rural,Less Than .25 Acres,,,Conductor,Overhead,Yes,Wire-Wire Contact,,,Other,Fire Agency,12kV,,,
Vegetation,Rural,Less Than .25 Acres,,,Conductor,Overhead,Yes,Contact Between Third Party Facility on Pole and Supply Lines,,Vegetation,Other,Fire Agency,12kV,,,
Vegetation,Urban,Less Than .25 Acres,,,Switch,Overhead,No,Equipment/Facility Failure,Other,,,Utility,12 kV,,,
Vegetation,Rural,Less Than .25 Acres,,,Other,Overhead,Yes,Unknown,,,Unknown,Fire Agency,230kV,,,
Vegetation,Rural,.26 - 9.99 Acres,,,Switch,Overhead,Yes,Equipment/Facility Failure,Switch,,,Fire Agency,12kV,,,
Vegetation,Rural,Less Than .25 Acres,,,Lightning Arrestor,Overhead,Yes,Contact From Object,,Animal,,Fire Agency,12kV,,,
Vegetation,Rural,Less Than .25 Acres,,,Other,Overhead,Yes,Equipment/Facility Failure,Splice/Clamp/Connector,,Unknown,Fire Agency,12kV,,,
Vegetation,Urban,Less Than .25 Acres,,,Other,Overhead,Yes,Equipment/Facility Failure,Guy/Span Wire,,Other,Fire Agency,12kV,,,
Vegetation,Urban,Less Than .25 Acres,,,Conductor,Overhead,No,Other,,,Human Error,Utility,120/240,,,
Vegetation,Rural,.26 - 9.99 Acres,,,Conductor,Overhead,Yes,Other,,Other,Human Error,Fire Agency,240V,,,
Vegetation,Rural,Less Than .25 Acres,,,Fuse,Overhead,Yes,Equipment/Facility Failure,Fuse,,,Fire Agency,12kV,,,
Vegetation,Urban,.26 - 9.99 Acres,,,Other,Overhead,Yes,Equipment/Facility Failure,Other,,Other,Fire Agency,12kV,,,
Vegetation,Rural,Less Than .25 Acres,,,Conductor,Overhead,Yes,Contact From Object,,Vehicle,,Fire Agency,12kv,,,
Vegetation,Rural,Less Than .25 Acres,,,Conductor,Overhead,Yes,Equipment/Facility Failure,Other,,,Utility,12kV,,,
Other,Urban,Less Than .25 Acres,,,Conductor,Overhead,Yes,Equipment/Facility Failure,Conductor,,Unknown,Fire Agency,120/240,,,
